[1788895933237] === ENGINE STARTUP ===
[1788895933237] Attempting WebSocket connection...
[1788895933238] WebSocket connection spawned successfully.
[1788895933238] Initializing Terminal UI...
[1788895933238] Background Reconciliation Task started. Awaiting stream...
[1788895933239] TUI Render Frame -> Synced: false, Seq ID: 0, Bids: 0, Asks: 0
[1788895933289] TUI Render Frame -> Synced: false, Seq ID: 0, Bids: 0, Asks: 0
[1788895933340] TUI Render Frame -> Synced: false, Seq ID: 0, Bids: 0, Asks: 0
[1788895933500] TUI Render Frame -> Synced: false, Seq ID: 0, Bids: 0, Asks: 0
[1788895933501] TUI Render Frame -> Synced: false, Seq ID: 0, Bids: 0, Asks: 0
[1788895933502] TUI Render Frame -> Synced: false, Seq ID: 0, Bids: 0, Asks: 0
[1788895933539] TUI Render Frame -> Synced: false, Seq ID: 0, Bids: 0, Asks: 0
[1788895933588] TUI Render Frame -> Synced: false, Seq ID: 0, Bids: 0, Asks: 0
[1788895933639] TUI Render Frame -> Synced: false, Seq ID: 0, Bids: 0, Asks: 0
[1788895933689] TUI Render Frame -> Synced: false, Seq ID: 0, Bids: 0, Asks: 0
[1788895933740] TUI Render Frame -> Synced: false, Seq ID: 0, Bids: 0, Asks: 0
[1788895933790] TUI Render Frame -> Synced: false, Seq ID: 0, Bids: 0, Asks: 0
[1788895933841] TUI Render Frame -> Synced: false, Seq ID: 0, Bids: 0, Asks: 0
[1788895933889] TUI Render Frame -> Synced: false, Seq ID: 0, Bids: 0, Asks: 0
[1788895933941] TUI Render Frame -> Synced: false, Seq ID: 0, Bids: 0, Asks: 0
[1788895933990] TUI Render Frame -> Synced: false, Seq ID: 0, Bids: 0, Asks: 0
[1788895934040] TUI Render Frame -> Synced: false, Seq ID: 0, Bids: 0, Asks: 0
[1788895934090] TUI Render Frame -> Synced: false, Seq ID: 0, Bids: 0, Asks: 0
[1788895934140] TUI Render Frame -> Synced: false, Seq ID: 0, Bids: 0, Asks: 0
[1788895934190] TUI Render Frame -> Synced: false, Seq ID: 0, Bids: 0, Asks: 0
[1788895934240] TUI Render Frame -> Synced: false, Seq ID: 0, Bids: 0, Asks: 0
[1788895934272] Msg #1: Depth received | Bids: 20, Asks: 20, Timestamp ID: 1788895933592000000
[1788895934272] Reconciler book exists: true
[1788895934273] ui_tx.send status: true, receiver count: 1
[1788895934290] TUI Render Frame -> Synced: true, Seq ID: 1788895933592000000, Bids: 20, Asks: 20
[1788895934340] TUI Render Frame -> Synced: true, Seq ID: 1788895933592000000, Bids: 20, Asks: 20
[1788895934389] TUI Render Frame -> Synced: true, Seq ID: 1788895933592000000, Bids: 20, Asks: 20
[1788895934440] TUI Render Frame -> Synced: true, Seq ID: 1788895933592000000, Bids: 20, Asks: 20
[1788895934490] TUI Render Frame -> Synced: true, Seq ID: 1788895933592000000, Bids: 20, Asks: 20
[1788895934540] TUI Render Frame -> Synced: true, Seq ID: 1788895933592000000, Bids: 20, Asks: 20
[1788895934590] TUI Render Frame -> Synced: true, Seq ID: 1788895933592000000, Bids: 20, Asks: 20
[1788895934640] TUI Render Frame -> Synced: true, Seq ID: 1788895933592000000, Bids: 20, Asks: 20
[1788895934690] TUI Render Frame -> Synced: true, Seq ID: 1788895933592000000, Bids: 20, Asks: 20
[1788895934740] TUI Render Frame -> Synced: true, Seq ID: 1788895933592000000, Bids: 20, Asks: 20
[1788895934790] TUI Render Frame -> Synced: true, Seq ID: 1788895933592000000, Bids: 20, Asks: 20
[1788895934839] TUI Render Frame -> Synced: true, Seq ID: 1788895933592000000, Bids: 20, Asks: 20
[1788895934890] TUI Render Frame -> Synced: true, Seq ID: 1788895933592000000, Bids: 20, Asks: 20
[1788895934940] TUI Render Frame -> Synced: true, Seq ID: 1788895933592000000, Bids: 20, Asks: 20
[1788895934990] TUI Render Frame -> Synced: true, Seq ID: 1788895933592000000, Bids: 20, Asks: 20
[1788895935040] TUI Render Frame -> Synced: true, Seq ID: 1788895933592000000, Bids: 20, Asks: 20
[1788895935090] TUI Render Frame -> Synced: true, Seq ID: 1788895933592000000, Bids: 20, Asks: 20
[1788895935140] TUI Render Frame -> Synced: true, Seq ID: 1788895933592000000, Bids: 20, Asks: 20
[1788895935190] TUI Render Frame -> Synced: true, Seq ID: 1788895933592000000, Bids: 20, Asks: 20
[1788895935240] TUI Render Frame -> Synced: true, Seq ID: 1788895933592000000, Bids: 20, Asks: 20
[1788895935290] TUI Render Frame -> Synced: true, Seq ID: 1788895933592000000, Bids: 20, Asks: 20
[1788895935340] TUI Render Frame -> Synced: true, Seq ID: 1788895933592000000, Bids: 20, Asks: 20
[1788895935390] TUI Render Frame -> Synced: true, Seq ID: 1788895933592000000, Bids: 20, Asks: 20
[1788895935440] TUI Render Frame -> Synced: true, Seq ID: 1788895933592000000, Bids: 20, Asks: 20
[1788895935490] TUI Render Frame -> Synced: true, Seq ID: 1788895933592000000, Bids: 20, Asks: 20
[1788895935540] TUI Render Frame -> Synced: true, Seq ID: 1788895933592000000, Bids: 20, Asks: 20
[1788895935590] TUI Render Frame -> Synced: true, Seq ID: 1788895933592000000, Bids: 20, Asks: 20
[1788895935640] TUI Render Frame -> Synced: true, Seq ID: 1788895933592000000, Bids: 20, Asks: 20
[1788895935690] TUI Render Frame -> Synced: true, Seq ID: 1788895933592000000, Bids: 20, Asks: 20
[1788895935740] TUI Render Frame -> Synced: true, Seq ID: 1788895933592000000, Bids: 20, Asks: 20
[1788895935790] TUI Render Frame -> Synced: true, Seq ID: 1788895933592000000, Bids: 20, Asks: 20
[1788895935840] TUI Render Frame -> Synced: true, Seq ID: 1788895933592000000, Bids: 20, Asks: 20
[1788895935890] TUI Render Frame -> Synced: true, Seq ID: 1788895933592000000, Bids: 20, Asks: 20
[1788895935940] TUI Render Frame -> Synced: true, Seq ID: 1788895933592000000, Bids: 20, Asks: 20
[1788895935990] TUI Render Frame -> Synced: true, Seq ID: 1788895933592000000, Bids: 20, Asks: 20
[1788895936040] TUI Render Frame -> Synced: true, Seq ID: 1788895933592000000, Bids: 20, Asks: 20
[1788895936090] TUI Render Frame -> Synced: true, Seq ID: 1788895933592000000, Bids: 20, Asks: 20
[1788895936140] TUI Render Frame -> Synced: true, Seq ID: 1788895933592000000, Bids: 20, Asks: 20
[1788895936190] TUI Render Frame -> Synced: true, Seq ID: 1788895933592000000, Bids: 20, Asks: 20
[1788895936240] TUI Render Frame -> Synced: true, Seq ID: 1788895933592000000, Bids: 20, Asks: 20
[1788895936289] TUI Render Frame -> Synced: true, Seq ID: 1788895933592000000, Bids: 20, Asks: 20
[1788895936340] TUI Render Frame -> Synced: true, Seq ID: 1788895933592000000, Bids: 20, Asks: 20
[1788895936390] TUI Render Frame -> Synced: true, Seq ID: 1788895933592000000, Bids: 20, Asks: 20
[1788895936439] TUI Render Frame -> Synced: true, Seq ID: 1788895933592000000, Bids: 20, Asks: 20
[1788895936490] TUI Render Frame -> Synced: true, Seq ID: 1788895933592000000, Bids: 20, Asks: 20
[1788895936540] TUI Render Frame -> Synced: true, Seq ID: 1788895933592000000, Bids: 20, Asks: 20
[1788895936589] TUI Render Frame -> Synced: true, Seq ID: 1788895933592000000, Bids: 20, Asks: 20
[1788895936640] TUI Render Frame -> Synced: true, Seq ID: 1788895933592000000, Bids: 20, Asks: 20
[1788895936690] TUI Render Frame -> Synced: true, Seq ID: 1788895933592000000, Bids: 20, Asks: 20
[1788895936740] TUI Render Frame -> Synced: true, Seq ID: 1788895933592000000, Bids: 20, Asks: 20
[1788895936790] TUI Render Frame -> Synced: true, Seq ID: 1788895933592000000, Bids: 20, Asks: 20
[1788895936840] TUI Render Frame -> Synced: true, Seq ID: 1788895933592000000, Bids: 20, Asks: 20
[1788895936890] TUI Render Frame -> Synced: true, Seq ID: 1788895933592000000, Bids: 20, Asks: 20
[1788895936940] TUI Render Frame -> Synced: true, Seq ID: 1788895933592000000, Bids: 20, Asks: 20
[1788895936990] TUI Render Frame -> Synced: true, Seq ID: 1788895933592000000, Bids: 20, Asks: 20
[1788895937040] TUI Render Frame -> Synced: true, Seq ID: 1788895933592000000, Bids: 20, Asks: 20
[1788895937090] TUI Render Frame -> Synced: true, Seq ID: 1788895933592000000, Bids: 20, Asks: 20
[1788895937140] TUI Render Frame -> Synced: true, Seq ID: 1788895933592000000, Bids: 20, Asks: 20
[1788895937190] TUI Render Frame -> Synced: true, Seq ID: 1788895933592000000, Bids: 20, Asks: 20
[1788895937240] TUI Render Frame -> Synced: true, Seq ID: 1788895933592000000, Bids: 20, Asks: 20
[1788895937290] TUI Render Frame -> Synced: true, Seq ID: 1788895933592000000, Bids: 20, Asks: 20
[1788895937340] TUI Render Frame -> Synced: true, Seq ID: 1788895933592000000, Bids: 20, Asks: 20
[1788895937340] Msg #2: Depth received | Bids: 20, Asks: 20, Timestamp ID: 1788895936930000000
[1788895937340] Reconciler book exists: true
[1788895937340] ui_tx.send status: true, receiver count: 1
[1788895937389] TUI Render Frame -> Synced: true, Seq ID: 1788895936930000000, Bids: 20, Asks: 20
[1788895937440] TUI Render Frame -> Synced: true, Seq ID: 1788895936930000000, Bids: 20, Asks: 20
[1788895937490] TUI Render Frame -> Synced: true, Seq ID: 1788895936930000000, Bids: 20, Asks: 20
[1788895937540] TUI Render Frame -> Synced: true, Seq ID: 1788895936930000000, Bids: 20, Asks: 20
[1788895937589] TUI Render Frame -> Synced: true, Seq ID: 1788895936930000000, Bids: 20, Asks: 20
[1788895937640] TUI Render Frame -> Synced: true, Seq ID: 1788895936930000000, Bids: 20, Asks: 20
[1788895937690] TUI Render Frame -> Synced: true, Seq ID: 1788895936930000000, Bids: 20, Asks: 20
[1788895937740] TUI Render Frame -> Synced: true, Seq ID: 1788895936930000000, Bids: 20, Asks: 20
[1788895937790] TUI Render Frame -> Synced: true, Seq ID: 1788895936930000000, Bids: 20, Asks: 20
[1788895937840] TUI Render Frame -> Synced: true, Seq ID: 1788895936930000000, Bids: 20, Asks: 20
[1788895937890] TUI Render Frame -> Synced: true, Seq ID: 1788895936930000000, Bids: 20, Asks: 20
[1788895937940] TUI Render Frame -> Synced: true, Seq ID: 1788895936930000000, Bids: 20, Asks: 20
[1788895937990] TUI Render Frame -> Synced: true, Seq ID: 1788895936930000000, Bids: 20, Asks: 20
[1788895938040] TUI Render Frame -> Synced: true, Seq ID: 1788895936930000000, Bids: 20, Asks: 20
[1788895938090] TUI Render Frame -> Synced: true, Seq ID: 1788895936930000000, Bids: 20, Asks: 20
[1788895938140] TUI Render Frame -> Synced: true, Seq ID: 1788895936930000000, Bids: 20, Asks: 20
[1788895938190] TUI Render Frame -> Synced: true, Seq ID: 1788895936930000000, Bids: 20, Asks: 20
[1788895938240] TUI Render Frame -> Synced: true, Seq ID: 1788895936930000000, Bids: 20, Asks: 20
[1788895938290] TUI Render Frame -> Synced: true, Seq ID: 1788895936930000000, Bids: 20, Asks: 20
[1788895938340] TUI Render Frame -> Synced: true, Seq ID: 1788895936930000000, Bids: 20, Asks: 20
[1788895938389] TUI Render Frame -> Synced: true, Seq ID: 1788895936930000000, Bids: 20, Asks: 20
[1788895938440] TUI Render Frame -> Synced: true, Seq ID: 1788895936930000000, Bids: 20, Asks: 20
[1788895938489] TUI Render Frame -> Synced: true, Seq ID: 1788895936930000000, Bids: 20, Asks: 20
[1788895938540] TUI Render Frame -> Synced: true, Seq ID: 1788895936930000000, Bids: 20, Asks: 20
[1788895938592] TUI Render Frame -> Synced: true, Seq ID: 1788895936930000000, Bids: 20, Asks: 20
[1788895938640] TUI Render Frame -> Synced: true, Seq ID: 1788895936930000000, Bids: 20, Asks: 20
[1788895938691] TUI Render Frame -> Synced: true, Seq ID: 1788895936930000000, Bids: 20, Asks: 20
[1788895938741] TUI Render Frame -> Synced: true, Seq ID: 1788895936930000000, Bids: 20, Asks: 20
[1788895938791] TUI Render Frame -> Synced: true, Seq ID: 1788895936930000000, Bids: 20, Asks: 20
[1788895938840] TUI Render Frame -> Synced: true, Seq ID: 1788895936930000000, Bids: 20, Asks: 20
[1788895938890] TUI Render Frame -> Synced: true, Seq ID: 1788895936930000000, Bids: 20, Asks: 20
[1788895938939] TUI Render Frame -> Synced: true, Seq ID: 1788895936930000000, Bids: 20, Asks: 20
[1788895938990] TUI Render Frame -> Synced: true, Seq ID: 1788895936930000000, Bids: 20, Asks: 20
[1788895939039] TUI Render Frame -> Synced: true, Seq ID: 1788895936930000000, Bids: 20, Asks: 20
[1788895939090] TUI Render Frame -> Synced: true, Seq ID: 1788895936930000000, Bids: 20, Asks: 20
[1788895939141] TUI Render Frame -> Synced: true, Seq ID: 1788895936930000000, Bids: 20, Asks: 20
[1788895939189] TUI Render Frame -> Synced: true, Seq ID: 1788895936930000000, Bids: 20, Asks: 20
[1788895939241] TUI Render Frame -> Synced: true, Seq ID: 1788895936930000000, Bids: 20, Asks: 20
[1788895939290] TUI Render Frame -> Synced: true, Seq ID: 1788895936930000000, Bids: 20, Asks: 20
[1788895939341] TUI Render Frame -> Synced: true, Seq ID: 1788895936930000000, Bids: 20, Asks: 20
[1788895939389] TUI Render Frame -> Synced: true, Seq ID: 1788895936930000000, Bids: 20, Asks: 20
[1788895939440] TUI Render Frame -> Synced: true, Seq ID: 1788895936930000000, Bids: 20, Asks: 20
[1788895939490] TUI Render Frame -> Synced: true, Seq ID: 1788895936930000000, Bids: 20, Asks: 20
[1788895939540] TUI Render Frame -> Synced: true, Seq ID: 1788895936930000000, Bids: 20, Asks: 20
[1788895939590] TUI Render Frame -> Synced: true, Seq ID: 1788895936930000000, Bids: 20, Asks: 20
[1788895939639] TUI Render Frame -> Synced: true, Seq ID: 1788895936930000000, Bids: 20, Asks: 20
[1788895939691] TUI Render Frame -> Synced: true, Seq ID: 1788895936930000000, Bids: 20, Asks: 20
[1788895939740] TUI Render Frame -> Synced: true, Seq ID: 1788895936930000000, Bids: 20, Asks: 20
[1788895939790] TUI Render Frame -> Synced: true, Seq ID: 1788895936930000000, Bids: 20, Asks: 20
[1788895939840] TUI Render Frame -> Synced: true, Seq ID: 1788895936930000000, Bids: 20, Asks: 20
[1788895939890] TUI Render Frame -> Synced: true, Seq ID: 1788895936930000000, Bids: 20, Asks: 20
[1788895939940] TUI Render Frame -> Synced: true, Seq ID: 1788895936930000000, Bids: 20, Asks: 20
[1788895939990] TUI Render Frame -> Synced: true, Seq ID: 1788895936930000000, Bids: 20, Asks: 20
[1788895940040] TUI Render Frame -> Synced: true, Seq ID: 1788895936930000000, Bids: 20, Asks: 20
[1788895940089] TUI Render Frame -> Synced: true, Seq ID: 1788895936930000000, Bids: 20, Asks: 20
[1788895940140] TUI Render Frame -> Synced: true, Seq ID: 1788895936930000000, Bids: 20, Asks: 20
[1788895940190] TUI Render Frame -> Synced: true, Seq ID: 1788895936930000000, Bids: 20, Asks: 20
[1788895940240] TUI Render Frame -> Synced: true, Seq ID: 1788895936930000000, Bids: 20, Asks: 20
[1788895940290] TUI Render Frame -> Synced: true, Seq ID: 1788895936930000000, Bids: 20, Asks: 20
[1788895940340] TUI Render Frame -> Synced: true, Seq ID: 1788895936930000000, Bids: 20, Asks: 20
[1788895940390] TUI Render Frame -> Synced: true, Seq ID: 1788895936930000000, Bids: 20, Asks: 20
[1788895940440] TUI Render Frame -> Synced: true, Seq ID: 1788895936930000000, Bids: 20, Asks: 20
[1788895940490] TUI Render Frame -> Synced: true, Seq ID: 1788895936930000000, Bids: 20, Asks: 20
[1788895940540] TUI Render Frame -> Synced: true, Seq ID: 1788895936930000000, Bids: 20, Asks: 20
[1788895940589] TUI Render Frame -> Synced: true, Seq ID: 1788895936930000000, Bids: 20, Asks: 20
[1788895940640] TUI Render Frame -> Synced: true, Seq ID: 1788895936930000000, Bids: 20, Asks: 20
[1788895940690] TUI Render Frame -> Synced: true, Seq ID: 1788895936930000000, Bids: 20, Asks: 20
[1788895940740] TUI Render Frame -> Synced: true, Seq ID: 1788895936930000000, Bids: 20, Asks: 20
[1788895940789] TUI Render Frame -> Synced: true, Seq ID: 1788895936930000000, Bids: 20, Asks: 20
[1788895940840] TUI Render Frame -> Synced: true, Seq ID: 1788895936930000000, Bids: 20, Asks: 20
[1788895940890] TUI Render Frame -> Synced: true, Seq ID: 1788895936930000000, Bids: 20, Asks: 20
[1788895940940] TUI Render Frame -> Synced: true, Seq ID: 1788895936930000000, Bids: 20, Asks: 20
[1788895940991] TUI Render Frame -> Synced: true, Seq ID: 1788895936930000000, Bids: 20, Asks: 20
[1788895941040] TUI Render Frame -> Synced: true, Seq ID: 1788895936930000000, Bids: 20, Asks: 20
[1788895941091] TUI Render Frame -> Synced: true, Seq ID: 1788895936930000000, Bids: 20, Asks: 20
[1788895941140] TUI Render Frame -> Synced: true, Seq ID: 1788895936930000000, Bids: 20, Asks: 20
[1788895941191] TUI Render Frame -> Synced: true, Seq ID: 1788895936930000000, Bids: 20, Asks: 20
[1788895941239] TUI Render Frame -> Synced: true, Seq ID: 1788895936930000000, Bids: 20, Asks: 20
[1788895941291] TUI Render Frame -> Synced: true, Seq ID: 1788895936930000000, Bids: 20, Asks: 20
[1788895941340] TUI Render Frame -> Synced: true, Seq ID: 1788895936930000000, Bids: 20, Asks: 20
[1788895941390] TUI Render Frame -> Synced: true, Seq ID: 1788895936930000000, Bids: 20, Asks: 20
[1788895941441] TUI Render Frame -> Synced: true, Seq ID: 1788895936930000000, Bids: 20, Asks: 20
[1788895941490] TUI Render Frame -> Synced: true, Seq ID: 1788895936930000000, Bids: 20, Asks: 20
[1788895941540] TUI Render Frame -> Synced: true, Seq ID: 1788895936930000000, Bids: 20, Asks: 20
[1788895941591] TUI Render Frame -> Synced: true, Seq ID: 1788895936930000000, Bids: 20, Asks: 20
[1788895941640] TUI Render Frame -> Synced: true, Seq ID: 1788895936930000000, Bids: 20, Asks: 20
[1788895941690] TUI Render Frame -> Synced: true, Seq ID: 1788895936930000000, Bids: 20, Asks: 20
[1788895941741] TUI Render Frame -> Synced: true, Seq ID: 1788895936930000000, Bids: 20, Asks: 20
[1788895941790] TUI Render Frame -> Synced: true, Seq ID: 1788895936930000000, Bids: 20, Asks: 20
[1788895941840] TUI Render Frame -> Synced: true, Seq ID: 1788895936930000000, Bids: 20, Asks: 20
[1788895941891] TUI Render Frame -> Synced: true, Seq ID: 1788895936930000000, Bids: 20, Asks: 20
[1788895941940] TUI Render Frame -> Synced: true, Seq ID: 1788895936930000000, Bids: 20, Asks: 20
[1788895941990] TUI Render Frame -> Synced: true, Seq ID: 1788895936930000000, Bids: 20, Asks: 20
[1788895942041] TUI Render Frame -> Synced: true, Seq ID: 1788895936930000000, Bids: 20, Asks: 20
[1788895942090] TUI Render Frame -> Synced: true, Seq ID: 1788895936930000000, Bids: 20, Asks: 20
[1788895942140] TUI Render Frame -> Synced: true, Seq ID: 1788895936930000000, Bids: 20, Asks: 20
[1788895942190] TUI Render Frame -> Synced: true, Seq ID: 1788895936930000000, Bids: 20, Asks: 20
[1788895942240] TUI Render Frame -> Synced: true, Seq ID: 1788895936930000000, Bids: 20, Asks: 20
[1788895942290] TUI Render Frame -> Synced: true, Seq ID: 1788895936930000000, Bids: 20, Asks: 20
[1788895942340] TUI Render Frame -> Synced: true, Seq ID: 1788895936930000000, Bids: 20, Asks: 20
[1788895942390] TUI Render Frame -> Synced: true, Seq ID: 1788895936930000000, Bids: 20, Asks: 20
[1788895942440] TUI Render Frame -> Synced: true, Seq ID: 1788895936930000000, Bids: 20, Asks: 20
[1788895942490] TUI Render Frame -> Synced: true, Seq ID: 1788895936930000000, Bids: 20, Asks: 20
[1788895942540] TUI Render Frame -> Synced: true, Seq ID: 1788895936930000000, Bids: 20, Asks: 20
[1788895942590] TUI Render Frame -> Synced: true, Seq ID: 1788895936930000000, Bids: 20, Asks: 20
[1788895942640] TUI Render Frame -> Synced: true, Seq ID: 1788895936930000000, Bids: 20, Asks: 20
[1788895942690] TUI Render Frame -> Synced: true, Seq ID: 1788895936930000000, Bids: 20, Asks: 20
[1788895942740] TUI Render Frame -> Synced: true, Seq ID: 1788895936930000000, Bids: 20, Asks: 20
[1788895942790] TUI Render Frame -> Synced: true, Seq ID: 1788895936930000000, Bids: 20, Asks: 20
[1788895942821] Msg #3: Depth received | Bids: 20, Asks: 20, Timestamp ID: 1788895942386000000
[1788895942822] Reconciler book exists: true
[1788895942822] ui_tx.send status: true, receiver count: 1
[1788895942839] TUI Render Frame -> Synced: true, Seq ID: 1788895942386000000, Bids: 20, Asks: 20
[1788895942890] TUI Render Frame -> Synced: true, Seq ID: 1788895942386000000, Bids: 20, Asks: 20
[1788895942940] TUI Render Frame -> Synced: true, Seq ID: 1788895942386000000, Bids: 20, Asks: 20
[1788895942991] TUI Render Frame -> Synced: true, Seq ID: 1788895942386000000, Bids: 20, Asks: 20
[1788895943040] TUI Render Frame -> Synced: true, Seq ID: 1788895942386000000, Bids: 20, Asks: 20
[1788895943090] TUI Render Frame -> Synced: true, Seq ID: 1788895942386000000, Bids: 20, Asks: 20
[1788895943140] TUI Render Frame -> Synced: true, Seq ID: 1788895942386000000, Bids: 20, Asks: 20
[1788895943190] TUI Render Frame -> Synced: true, Seq ID: 1788895942386000000, Bids: 20, Asks: 20
[1788895943240] TUI Render Frame -> Synced: true, Seq ID: 1788895942386000000, Bids: 20, Asks: 20
[1788895943289] TUI Render Frame -> Synced: true, Seq ID: 1788895942386000000, Bids: 20, Asks: 20
[1788895943340] TUI Render Frame -> Synced: true, Seq ID: 1788895942386000000, Bids: 20, Asks: 20
[1788895943390] TUI Render Frame -> Synced: true, Seq ID: 1788895942386000000, Bids: 20, Asks: 20
[1788895943440] TUI Render Frame -> Synced: true, Seq ID: 1788895942386000000, Bids: 20, Asks: 20
[1788895943490] TUI Render Frame -> Synced: true, Seq ID: 1788895942386000000, Bids: 20, Asks: 20
[1788895943540] TUI Render Frame -> Synced: true, Seq ID: 1788895942386000000, Bids: 20, Asks: 20
[1788895943590] TUI Render Frame -> Synced: true, Seq ID: 1788895942386000000, Bids: 20, Asks: 20
[1788895943640] TUI Render Frame -> Synced: true, Seq ID: 1788895942386000000, Bids: 20, Asks: 20
[1788895943690] TUI Render Frame -> Synced: true, Seq ID: 1788895942386000000, Bids: 20, Asks: 20
[1788895943739] TUI Render Frame -> Synced: true, Seq ID: 1788895942386000000, Bids: 20, Asks: 20
[1788895943790] TUI Render Frame -> Synced: true, Seq ID: 1788895942386000000, Bids: 20, Asks: 20
[1788895943840] TUI Render Frame -> Synced: true, Seq ID: 1788895942386000000, Bids: 20, Asks: 20
[1788895943890] TUI Render Frame -> Synced: true, Seq ID: 1788895942386000000, Bids: 20, Asks: 20
[1788895943940] TUI Render Frame -> Synced: true, Seq ID: 1788895942386000000, Bids: 20, Asks: 20
[1788895943989] TUI Render Frame -> Synced: true, Seq ID: 1788895942386000000, Bids: 20, Asks: 20
[1788895944040] TUI Render Frame -> Synced: true, Seq ID: 1788895942386000000, Bids: 20, Asks: 20
[1788895944090] TUI Render Frame -> Synced: true, Seq ID: 1788895942386000000, Bids: 20, Asks: 20
[1788895944140] TUI Render Frame -> Synced: true, Seq ID: 1788895942386000000, Bids: 20, Asks: 20
[1788895944190] TUI Render Frame -> Synced: true, Seq ID: 1788895942386000000, Bids: 20, Asks: 20
[1788895944240] TUI Render Frame -> Synced: true, Seq ID: 1788895942386000000, Bids: 20, Asks: 20
[1788895944290] TUI Render Frame -> Synced: true, Seq ID: 1788895942386000000, Bids: 20, Asks: 20
[1788895944340] TUI Render Frame -> Synced: true, Seq ID: 1788895942386000000, Bids: 20, Asks: 20
[1788895944390] TUI Render Frame -> Synced: true, Seq ID: 1788895942386000000, Bids: 20, Asks: 20
[1788895944440] TUI Render Frame -> Synced: true, Seq ID: 1788895942386000000, Bids: 20, Asks: 20
[1788895944490] TUI Render Frame -> Synced: true, Seq ID: 1788895942386000000, Bids: 20, Asks: 20
[1788895944541] TUI Render Frame -> Synced: true, Seq ID: 1788895942386000000, Bids: 20, Asks: 20
[1788895944590] TUI Render Frame -> Synced: true, Seq ID: 1788895942386000000, Bids: 20, Asks: 20
[1788895944641] TUI Render Frame -> Synced: true, Seq ID: 1788895942386000000, Bids: 20, Asks: 20
[1788895944690] TUI Render Frame -> Synced: true, Seq ID: 1788895942386000000, Bids: 20, Asks: 20
[1788895944740] TUI Render Frame -> Synced: true, Seq ID: 1788895942386000000, Bids: 20, Asks: 20
[1788895944791] TUI Render Frame -> Synced: true, Seq ID: 1788895942386000000, Bids: 20, Asks: 20
[1788895944840] TUI Render Frame -> Synced: true, Seq ID: 1788895942386000000, Bids: 20, Asks: 20
[1788895944889] TUI Render Frame -> Synced: true, Seq ID: 1788895942386000000, Bids: 20, Asks: 20
[1788895944941] TUI Render Frame -> Synced: true, Seq ID: 1788895942386000000, Bids: 20, Asks: 20
[1788895944990] TUI Render Frame -> Synced: true, Seq ID: 1788895942386000000, Bids: 20, Asks: 20
[1788895945040] TUI Render Frame -> Synced: true, Seq ID: 1788895942386000000, Bids: 20, Asks: 20
[1788895945090] TUI Render Frame -> Synced: true, Seq ID: 1788895942386000000, Bids: 20, Asks: 20
[1788895945140] TUI Render Frame -> Synced: true, Seq ID: 1788895942386000000, Bids: 20, Asks: 20
[1788895945190] TUI Render Frame -> Synced: true, Seq ID: 1788895942386000000, Bids: 20, Asks: 20
[1788895945240] TUI Render Frame -> Synced: true, Seq ID: 1788895942386000000, Bids: 20, Asks: 20
[1788895945290] TUI Render Frame -> Synced: true, Seq ID: 1788895942386000000, Bids: 20, Asks: 20
[1788895945340] TUI Render Frame -> Synced: true, Seq ID: 1788895942386000000, Bids: 20, Asks: 20
[1788895945390] TUI Render Frame -> Synced: true, Seq ID: 1788895942386000000, Bids: 20, Asks: 20
[1788895945440] TUI Render Frame -> Synced: true, Seq ID: 1788895942386000000, Bids: 20, Asks: 20
[1788895945490] TUI Render Frame -> Synced: true, Seq ID: 1788895942386000000, Bids: 20, Asks: 20
[1788895945540] TUI Render Frame -> Synced: true, Seq ID: 1788895942386000000, Bids: 20, Asks: 20
[1788895945589] TUI Render Frame -> Synced: true, Seq ID: 1788895942386000000, Bids: 20, Asks: 20
[1788895945641] TUI Render Frame -> Synced: true, Seq ID: 1788895942386000000, Bids: 20, Asks: 20
[1788895945691] TUI Render Frame -> Synced: true, Seq ID: 1788895942386000000, Bids: 20, Asks: 20
[1788895945740] TUI Render Frame -> Synced: true, Seq ID: 1788895942386000000, Bids: 20, Asks: 20
[1788895945791] TUI Render Frame -> Synced: true, Seq ID: 1788895942386000000, Bids: 20, Asks: 20
[1788895945840] TUI Render Frame -> Synced: true, Seq ID: 1788895942386000000, Bids: 20, Asks: 20
[1788895945891] TUI Render Frame -> Synced: true, Seq ID: 1788895942386000000, Bids: 20, Asks: 20
[1788895945940] TUI Render Frame -> Synced: true, Seq ID: 1788895942386000000, Bids: 20, Asks: 20
[1788895945990] TUI Render Frame -> Synced: true, Seq ID: 1788895942386000000, Bids: 20, Asks: 20
[1788895946040] TUI Render Frame -> Synced: true, Seq ID: 1788895942386000000, Bids: 20, Asks: 20
[1788895946090] TUI Render Frame -> Synced: true, Seq ID: 1788895942386000000, Bids: 20, Asks: 20
[1788895946140] TUI Render Frame -> Synced: true, Seq ID: 1788895942386000000, Bids: 20, Asks: 20
[1788895946191] TUI Render Frame -> Synced: true, Seq ID: 1788895942386000000, Bids: 20, Asks: 20
[1788895946240] TUI Render Frame -> Synced: true, Seq ID: 1788895942386000000, Bids: 20, Asks: 20
[1788895946290] TUI Render Frame -> Synced: true, Seq ID: 1788895942386000000, Bids: 20, Asks: 20
[1788895946340] TUI Render Frame -> Synced: true, Seq ID: 1788895942386000000, Bids: 20, Asks: 20
[1788895946390] TUI Render Frame -> Synced: true, Seq ID: 1788895942386000000, Bids: 20, Asks: 20
[1788895946440] TUI Render Frame -> Synced: true, Seq ID: 1788895942386000000, Bids: 20, Asks: 20
[1788895946490] TUI Render Frame -> Synced: true, Seq ID: 1788895942386000000, Bids: 20, Asks: 20
[1788895946541] TUI Render Frame -> Synced: true, Seq ID: 1788895942386000000, Bids: 20, Asks: 20
[1788895946590] TUI Render Frame -> Synced: true, Seq ID: 1788895942386000000, Bids: 20, Asks: 20
[1788895946641] TUI Render Frame -> Synced: true, Seq ID: 1788895942386000000, Bids: 20, Asks: 20
[1788895946690] TUI Render Frame -> Synced: true, Seq ID: 1788895942386000000, Bids: 20, Asks: 20
[1788895946740] TUI Render Frame -> Synced: true, Seq ID: 1788895942386000000, Bids: 20, Asks: 20
[1788895946790] TUI Render Frame -> Synced: true, Seq ID: 1788895942386000000, Bids: 20, Asks: 20
[1788895946840] TUI Render Frame -> Synced: true, Seq ID: 1788895942386000000, Bids: 20, Asks: 20
[1788895946890] TUI Render Frame -> Synced: true, Seq ID: 1788895942386000000, Bids: 20, Asks: 20
[1788895946940] TUI Render Frame -> Synced: true, Seq ID: 1788895942386000000, Bids: 20, Asks: 20
[1788895946990] TUI Render Frame -> Synced: true, Seq ID: 1788895942386000000, Bids: 20, Asks: 20
[1788895947040] TUI Render Frame -> Synced: true, Seq ID: 1788895942386000000, Bids: 20, Asks: 20
[1788895947090] TUI Render Frame -> Synced: true, Seq ID: 1788895942386000000, Bids: 20, Asks: 20
[1788895947140] TUI Render Frame -> Synced: true, Seq ID: 1788895942386000000, Bids: 20, Asks: 20
[1788895947189] TUI Render Frame -> Synced: true, Seq ID: 1788895942386000000, Bids: 20, Asks: 20
[1788895947240] TUI Render Frame -> Synced: true, Seq ID: 1788895942386000000, Bids: 20, Asks: 20
[1788895947290] TUI Render Frame -> Synced: true, Seq ID: 1788895942386000000, Bids: 20, Asks: 20
[1788895947340] TUI Render Frame -> Synced: true, Seq ID: 1788895942386000000, Bids: 20, Asks: 20
[1788895947391] TUI Render Frame -> Synced: true, Seq ID: 1788895942386000000, Bids: 20, Asks: 20
[1788895947444] TUI Render Frame -> Synced: true, Seq ID: 1788895942386000000, Bids: 20, Asks: 20
[1788895947495] TUI Render Frame -> Synced: true, Seq ID: 1788895942386000000, Bids: 20, Asks: 20
[1788895947545] TUI Render Frame -> Synced: true, Seq ID: 1788895942386000000, Bids: 20, Asks: 20
[1788895947590] TUI Render Frame -> Synced: true, Seq ID: 1788895942386000000, Bids: 20, Asks: 20
[1788895947639] TUI Render Frame -> Synced: true, Seq ID: 1788895942386000000, Bids: 20, Asks: 20
[1788895947690] TUI Render Frame -> Synced: true, Seq ID: 1788895942386000000, Bids: 20, Asks: 20
[1788895947740] TUI Render Frame -> Synced: true, Seq ID: 1788895942386000000, Bids: 20, Asks: 20
[1788895947790] TUI Render Frame -> Synced: true, Seq ID: 1788895942386000000, Bids: 20, Asks: 20
[1788895947840] TUI Render Frame -> Synced: true, Seq ID: 1788895942386000000, Bids: 20, Asks: 20
[1788895947890] TUI Render Frame -> Synced: true, Seq ID: 1788895942386000000, Bids: 20, Asks: 20
[1788895947940] TUI Render Frame -> Synced: true, Seq ID: 1788895942386000000, Bids: 20, Asks: 20
[1788895947990] TUI Render Frame -> Synced: true, Seq ID: 1788895942386000000, Bids: 20, Asks: 20
[1788895948041] TUI Render Frame -> Synced: true, Seq ID: 1788895942386000000, Bids: 20, Asks: 20
[1788895948089] TUI Render Frame -> Synced: true, Seq ID: 1788895942386000000, Bids: 20, Asks: 20
[1788895948114] Msg #4: Depth received | Bids: 20, Asks: 20, Timestamp ID: 1788895947669000000
[1788895948114] Reconciler book exists: true
[1788895948114] ui_tx.send status: true, receiver count: 1
[1788895948140] TUI Render Frame -> Synced: true, Seq ID: 1788895947669000000, Bids: 20, Asks: 20
[1788895948190] TUI Render Frame -> Synced: true, Seq ID: 1788895947669000000, Bids: 20, Asks: 20
[1788895948240] TUI Render Frame -> Synced: true, Seq ID: 1788895947669000000, Bids: 20, Asks: 20
[1788895948290] TUI Render Frame -> Synced: true, Seq ID: 1788895947669000000, Bids: 20, Asks: 20
[1788895948340] TUI Render Frame -> Synced: true, Seq ID: 1788895947669000000, Bids: 20, Asks: 20
[1788895948390] TUI Render Frame -> Synced: true, Seq ID: 1788895947669000000, Bids: 20, Asks: 20
[1788895948441] TUI Render Frame -> Synced: true, Seq ID: 1788895947669000000, Bids: 20, Asks: 20
[1788895948490] TUI Render Frame -> Synced: true, Seq ID: 1788895947669000000, Bids: 20, Asks: 20
[1788895948540] TUI Render Frame -> Synced: true, Seq ID: 1788895947669000000, Bids: 20, Asks: 20
[1788895948590] TUI Render Frame -> Synced: true, Seq ID: 1788895947669000000, Bids: 20, Asks: 20
[1788895948640] TUI Render Frame -> Synced: true, Seq ID: 1788895947669000000, Bids: 20, Asks: 20
[1788895948690] TUI Render Frame -> Synced: true, Seq ID: 1788895947669000000, Bids: 20, Asks: 20
[1788895948741] TUI Render Frame -> Synced: true, Seq ID: 1788895947669000000, Bids: 20, Asks: 20
[1788895948789] TUI Render Frame -> Synced: true, Seq ID: 1788895947669000000, Bids: 20, Asks: 20
[1788895948840] TUI Render Frame -> Synced: true, Seq ID: 1788895947669000000, Bids: 20, Asks: 20
[1788895948890] TUI Render Frame -> Synced: true, Seq ID: 1788895947669000000, Bids: 20, Asks: 20
[1788895948940] TUI Render Frame -> Synced: true, Seq ID: 1788895947669000000, Bids: 20, Asks: 20
[1788895948990] TUI Render Frame -> Synced: true, Seq ID: 1788895947669000000, Bids: 20, Asks: 20
[1788895949041] TUI Render Frame -> Synced: true, Seq ID: 1788895947669000000, Bids: 20, Asks: 20
[1788895949090] TUI Render Frame -> Synced: true, Seq ID: 1788895947669000000, Bids: 20, Asks: 20
[1788895949140] TUI Render Frame -> Synced: true, Seq ID: 1788895947669000000, Bids: 20, Asks: 20
[1788895949190] TUI Render Frame -> Synced: true, Seq ID: 1788895947669000000, Bids: 20, Asks: 20
[1788895949240] TUI Render Frame -> Synced: true, Seq ID: 1788895947669000000, Bids: 20, Asks: 20
[1788895949290] TUI Render Frame -> Synced: true, Seq ID: 1788895947669000000, Bids: 20, Asks: 20
[1788895949340] TUI Render Frame -> Synced: true, Seq ID: 1788895947669000000, Bids: 20, Asks: 20
[1788895949391] TUI Render Frame -> Synced: true, Seq ID: 1788895947669000000, Bids: 20, Asks: 20
[1788895949441] TUI Render Frame -> Synced: true, Seq ID: 1788895947669000000, Bids: 20, Asks: 20
[1788895949490] TUI Render Frame -> Synced: true, Seq ID: 1788895947669000000, Bids: 20, Asks: 20
[1788895949541] TUI Render Frame -> Synced: true, Seq ID: 1788895947669000000, Bids: 20, Asks: 20
[1788895949590] TUI Render Frame -> Synced: true, Seq ID: 1788895947669000000, Bids: 20, Asks: 20
[1788895949640] TUI Render Frame -> Synced: true, Seq ID: 1788895947669000000, Bids: 20, Asks: 20
[1788895949690] TUI Render Frame -> Synced: true, Seq ID: 1788895947669000000, Bids: 20, Asks: 20
[1788895949740] TUI Render Frame -> Synced: true, Seq ID: 1788895947669000000, Bids: 20, Asks: 20
[1788895949790] TUI Render Frame -> Synced: true, Seq ID: 1788895947669000000, Bids: 20, Asks: 20
[1788895949840] TUI Render Frame -> Synced: true, Seq ID: 1788895947669000000, Bids: 20, Asks: 20
[1788895949890] TUI Render Frame -> Synced: true, Seq ID: 1788895947669000000, Bids: 20, Asks: 20
[1788895949940] TUI Render Frame -> Synced: true, Seq ID: 1788895947669000000, Bids: 20, Asks: 20
[1788895949990] TUI Render Frame -> Synced: true, Seq ID: 1788895947669000000, Bids: 20, Asks: 20
[1788895950040] TUI Render Frame -> Synced: true, Seq ID: 1788895947669000000, Bids: 20, Asks: 20
[1788895950090] TUI Render Frame -> Synced: true, Seq ID: 1788895947669000000, Bids: 20, Asks: 20
[1788895950140] TUI Render Frame -> Synced: true, Seq ID: 1788895947669000000, Bids: 20, Asks: 20
[1788895950191] TUI Render Frame -> Synced: true, Seq ID: 1788895947669000000, Bids: 20, Asks: 20
[1788895950240] TUI Render Frame -> Synced: true, Seq ID: 1788895947669000000, Bids: 20, Asks: 20
[1788895950290] TUI Render Frame -> Synced: true, Seq ID: 1788895947669000000, Bids: 20, Asks: 20
[1788895950341] TUI Render Frame -> Synced: true, Seq ID: 1788895947669000000, Bids: 20, Asks: 20
[1788895950389] TUI Render Frame -> Synced: true, Seq ID: 1788895947669000000, Bids: 20, Asks: 20
[1788895950441] TUI Render Frame -> Synced: true, Seq ID: 1788895947669000000, Bids: 20, Asks: 20
[1788895950490] TUI Render Frame -> Synced: true, Seq ID: 1788895947669000000, Bids: 20, Asks: 20
[1788895950540] TUI Render Frame -> Synced: true, Seq ID: 1788895947669000000, Bids: 20, Asks: 20
[1788895950592] TUI Render Frame -> Synced: true, Seq ID: 1788895947669000000, Bids: 20, Asks: 20
[1788895950640] TUI Render Frame -> Synced: true, Seq ID: 1788895947669000000, Bids: 20, Asks: 20
[1788895950690] TUI Render Frame -> Synced: true, Seq ID: 1788895947669000000, Bids: 20, Asks: 20
[1788895950740] TUI Render Frame -> Synced: true, Seq ID: 1788895947669000000, Bids: 20, Asks: 20
[1788895950790] TUI Render Frame -> Synced: true, Seq ID: 1788895947669000000, Bids: 20, Asks: 20
[1788895950839] TUI Render Frame -> Synced: true, Seq ID: 1788895947669000000, Bids: 20, Asks: 20
[1788895950891] TUI Render Frame -> Synced: true, Seq ID: 1788895947669000000, Bids: 20, Asks: 20
[1788895950940] TUI Render Frame -> Synced: true, Seq ID: 1788895947669000000, Bids: 20, Asks: 20
[1788895950990] TUI Render Frame -> Synced: true, Seq ID: 1788895947669000000, Bids: 20, Asks: 20
[1788895951040] TUI Render Frame -> Synced: true, Seq ID: 1788895947669000000, Bids: 20, Asks: 20
[1788895951091] TUI Render Frame -> Synced: true, Seq ID: 1788895947669000000, Bids: 20, Asks: 20
[1788895951140] TUI Render Frame -> Synced: true, Seq ID: 1788895947669000000, Bids: 20, Asks: 20
[1788895951190] TUI Render Frame -> Synced: true, Seq ID: 1788895947669000000, Bids: 20, Asks: 20
[1788895951240] TUI Render Frame -> Synced: true, Seq ID: 1788895947669000000, Bids: 20, Asks: 20
[1788895951290] TUI Render Frame -> Synced: true, Seq ID: 1788895947669000000, Bids: 20, Asks: 20
[1788895951340] TUI Render Frame -> Synced: true, Seq ID: 1788895947669000000, Bids: 20, Asks: 20
[1788895951390] TUI Render Frame -> Synced: true, Seq ID: 1788895947669000000, Bids: 20, Asks: 20
[1788895951440] TUI Render Frame -> Synced: true, Seq ID: 1788895947669000000, Bids: 20, Asks: 20
[1788895951490] TUI Render Frame -> Synced: true, Seq ID: 1788895947669000000, Bids: 20, Asks: 20
[1788895951540] TUI Render Frame -> Synced: true, Seq ID: 1788895947669000000, Bids: 20, Asks: 20
[1788895951590] TUI Render Frame -> Synced: true, Seq ID: 1788895947669000000, Bids: 20, Asks: 20
[1788895951640] TUI Render Frame -> Synced: true, Seq ID: 1788895947669000000, Bids: 20, Asks: 20
[1788895951690] TUI Render Frame -> Synced: true, Seq ID: 1788895947669000000, Bids: 20, Asks: 20
[1788895951740] TUI Render Frame -> Synced: true, Seq ID: 1788895947669000000, Bids: 20, Asks: 20
[1788895951792] TUI Render Frame -> Synced: true, Seq ID: 1788895947669000000, Bids: 20, Asks: 20
[1788895951841] TUI Render Frame -> Synced: true, Seq ID: 1788895947669000000, Bids: 20, Asks: 20
[1788895951890] TUI Render Frame -> Synced: true, Seq ID: 1788895947669000000, Bids: 20, Asks: 20
[1788895951940] TUI Render Frame -> Synced: true, Seq ID: 1788895947669000000, Bids: 20, Asks: 20
[1788895951989] TUI Render Frame -> Synced: true, Seq ID: 1788895947669000000, Bids: 20, Asks: 20
[1788895952040] TUI Render Frame -> Synced: true, Seq ID: 1788895947669000000, Bids: 20, Asks: 20
[1788895952090] TUI Render Frame -> Synced: true, Seq ID: 1788895947669000000, Bids: 20, Asks: 20
[1788895952140] TUI Render Frame -> Synced: true, Seq ID: 1788895947669000000, Bids: 20, Asks: 20
[1788895952190] TUI Render Frame -> Synced: true, Seq ID: 1788895947669000000, Bids: 20, Asks: 20
[1788895952240] TUI Render Frame -> Synced: true, Seq ID: 1788895947669000000, Bids: 20, Asks: 20
[1788895952290] TUI Render Frame -> Synced: true, Seq ID: 1788895947669000000, Bids: 20, Asks: 20
[1788895952341] TUI Render Frame -> Synced: true, Seq ID: 1788895947669000000, Bids: 20, Asks: 20
[1788895952390] TUI Render Frame -> Synced: true, Seq ID: 1788895947669000000, Bids: 20, Asks: 20
[1788895952439] TUI Render Frame -> Synced: true, Seq ID: 1788895947669000000, Bids: 20, Asks: 20
[1788895952489] TUI Render Frame -> Synced: true, Seq ID: 1788895947669000000, Bids: 20, Asks: 20
[1788895952540] TUI Render Frame -> Synced: true, Seq ID: 1788895947669000000, Bids: 20, Asks: 20
[1788895952590] TUI Render Frame -> Synced: true, Seq ID: 1788895947669000000, Bids: 20, Asks: 20
[1788895952640] TUI Render Frame -> Synced: true, Seq ID: 1788895947669000000, Bids: 20, Asks: 20
[1788895952691] TUI Render Frame -> Synced: true, Seq ID: 1788895947669000000, Bids: 20, Asks: 20
[1788895952741] TUI Render Frame -> Synced: true, Seq ID: 1788895947669000000, Bids: 20, Asks: 20
[1788895952791] TUI Render Frame -> Synced: true, Seq ID: 1788895947669000000, Bids: 20, Asks: 20
[1788895952840] TUI Render Frame -> Synced: true, Seq ID: 1788895947669000000, Bids: 20, Asks: 20
[1788895952890] TUI Render Frame -> Synced: true, Seq ID: 1788895947669000000, Bids: 20, Asks: 20
[1788895952940] TUI Render Frame -> Synced: true, Seq ID: 1788895947669000000, Bids: 20, Asks: 20
[1788895952990] TUI Render Frame -> Synced: true, Seq ID: 1788895947669000000, Bids: 20, Asks: 20
[1788895953040] TUI Render Frame -> Synced: true, Seq ID: 1788895947669000000, Bids: 20, Asks: 20
[1788895953091] TUI Render Frame -> Synced: true, Seq ID: 1788895947669000000, Bids: 20, Asks: 20
[1788895953141] TUI Render Frame -> Synced: true, Seq ID: 1788895947669000000, Bids: 20, Asks: 20
[1788895953189] TUI Render Frame -> Synced: true, Seq ID: 1788895947669000000, Bids: 20, Asks: 20
[1788895953240] TUI Render Frame -> Synced: true, Seq ID: 1788895947669000000, Bids: 20, Asks: 20
[1788895953291] TUI Render Frame -> Synced: true, Seq ID: 1788895947669000000, Bids: 20, Asks: 20
[1788895953340] TUI Render Frame -> Synced: true, Seq ID: 1788895947669000000, Bids: 20, Asks: 20
[1788895953391] TUI Render Frame -> Synced: true, Seq ID: 1788895947669000000, Bids: 20, Asks: 20
[1788895953440] TUI Render Frame -> Synced: true, Seq ID: 1788895947669000000, Bids: 20, Asks: 20
[1788895953490] TUI Render Frame -> Synced: true, Seq ID: 1788895947669000000, Bids: 20, Asks: 20
[1788895953540] TUI Render Frame -> Synced: true, Seq ID: 1788895947669000000, Bids: 20, Asks: 20
[1788895953589] TUI Render Frame -> Synced: true, Seq ID: 1788895947669000000, Bids: 20, Asks: 20
[1788895953602] Msg #5: Depth received | Bids: 20, Asks: 20, Timestamp ID: 1788895953117000000
[1788895953602] Reconciler book exists: true
[1788895953602] ui_tx.send status: true, receiver count: 1
[1788895953640] TUI Render Frame -> Synced: true, Seq ID: 1788895953117000000, Bids: 20, Asks: 20
[1788895953690] TUI Render Frame -> Synced: true, Seq ID: 1788895953117000000, Bids: 20, Asks: 20
[1788895953740] TUI Render Frame -> Synced: true, Seq ID: 1788895953117000000, Bids: 20, Asks: 20
[1788895953791] TUI Render Frame -> Synced: true, Seq ID: 1788895953117000000, Bids: 20, Asks: 20
[1788895953841] TUI Render Frame -> Synced: true, Seq ID: 1788895953117000000, Bids: 20, Asks: 20
[1788895953890] TUI Render Frame -> Synced: true, Seq ID: 1788895953117000000, Bids: 20, Asks: 20
[1788895953940] TUI Render Frame -> Synced: true, Seq ID: 1788895953117000000, Bids: 20, Asks: 20
[1788895953991] TUI Render Frame -> Synced: true, Seq ID: 1788895953117000000, Bids: 20, Asks: 20
[1788895954039] TUI Render Frame -> Synced: true, Seq ID: 1788895953117000000, Bids: 20, Asks: 20
[1788895954091] TUI Render Frame -> Synced: true, Seq ID: 1788895953117000000, Bids: 20, Asks: 20
[1788895954140] TUI Render Frame -> Synced: true, Seq ID: 1788895953117000000, Bids: 20, Asks: 20
[1788895954190] TUI Render Frame -> Synced: true, Seq ID: 1788895953117000000, Bids: 20, Asks: 20
[1788895954240] TUI Render Frame -> Synced: true, Seq ID: 1788895953117000000, Bids: 20, Asks: 20
[1788895954290] TUI Render Frame -> Synced: true, Seq ID: 1788895953117000000, Bids: 20, Asks: 20
[1788895954341] TUI Render Frame -> Synced: true, Seq ID: 1788895953117000000, Bids: 20, Asks: 20
[1788895954390] TUI Render Frame -> Synced: true, Seq ID: 1788895953117000000, Bids: 20, Asks: 20
[1788895954440] TUI Render Frame -> Synced: true, Seq ID: 1788895953117000000, Bids: 20, Asks: 20
[1788895954489] TUI Render Frame -> Synced: true, Seq ID: 1788895953117000000, Bids: 20, Asks: 20
[1788895954541] TUI Render Frame -> Synced: true, Seq ID: 1788895953117000000, Bids: 20, Asks: 20
[1788895954590] TUI Render Frame -> Synced: true, Seq ID: 1788895953117000000, Bids: 20, Asks: 20
[1788895954640] TUI Render Frame -> Synced: true, Seq ID: 1788895953117000000, Bids: 20, Asks: 20
[1788895954690] TUI Render Frame -> Synced: true, Seq ID: 1788895953117000000, Bids: 20, Asks: 20
[1788895954741] TUI Render Frame -> Synced: true, Seq ID: 1788895953117000000, Bids: 20, Asks: 20
[1788895954790] TUI Render Frame -> Synced: true, Seq ID: 1788895953117000000, Bids: 20, Asks: 20
[1788895954840] TUI Render Frame -> Synced: true, Seq ID: 1788895953117000000, Bids: 20, Asks: 20
[1788895954890] TUI Render Frame -> Synced: true, Seq ID: 1788895953117000000, Bids: 20, Asks: 20
[1788895954940] TUI Render Frame -> Synced: true, Seq ID: 1788895953117000000, Bids: 20, Asks: 20
[1788895954990] TUI Render Frame -> Synced: true, Seq ID: 1788895953117000000, Bids: 20, Asks: 20
[1788895955040] TUI Render Frame -> Synced: true, Seq ID: 1788895953117000000, Bids: 20, Asks: 20
[1788895955090] TUI Render Frame -> Synced: true, Seq ID: 1788895953117000000, Bids: 20, Asks: 20
[1788895955140] TUI Render Frame -> Synced: true, Seq ID: 1788895953117000000, Bids: 20, Asks: 20
[1788895955189] TUI Render Frame -> Synced: true, Seq ID: 1788895953117000000, Bids: 20, Asks: 20
[1788895955241] TUI Render Frame -> Synced: true, Seq ID: 1788895953117000000, Bids: 20, Asks: 20
[1788895955290] TUI Render Frame -> Synced: true, Seq ID: 1788895953117000000, Bids: 20, Asks: 20
[1788895955340] TUI Render Frame -> Synced: true, Seq ID: 1788895953117000000, Bids: 20, Asks: 20
[1788895955390] TUI Render Frame -> Synced: true, Seq ID: 1788895953117000000, Bids: 20, Asks: 20
[1788895955441] TUI Render Frame -> Synced: true, Seq ID: 1788895953117000000, Bids: 20, Asks: 20
[1788895955489] TUI Render Frame -> Synced: true, Seq ID: 1788895953117000000, Bids: 20, Asks: 20
[1788895955541] TUI Render Frame -> Synced: true, Seq ID: 1788895953117000000, Bids: 20, Asks: 20
[1788895955590] TUI Render Frame -> Synced: true, Seq ID: 1788895953117000000, Bids: 20, Asks: 20
[1788895955639] TUI Render Frame -> Synced: true, Seq ID: 1788895953117000000, Bids: 20, Asks: 20
[1788895955690] TUI Render Frame -> Synced: true, Seq ID: 1788895953117000000, Bids: 20, Asks: 20
[1788895955740] TUI Render Frame -> Synced: true, Seq ID: 1788895953117000000, Bids: 20, Asks: 20
[1788895955791] TUI Render Frame -> Synced: true, Seq ID: 1788895953117000000, Bids: 20, Asks: 20
[1788895955840] TUI Render Frame -> Synced: true, Seq ID: 1788895953117000000, Bids: 20, Asks: 20
[1788895955890] TUI Render Frame -> Synced: true, Seq ID: 1788895953117000000, Bids: 20, Asks: 20
[1788895955940] TUI Render Frame -> Synced: true, Seq ID: 1788895953117000000, Bids: 20, Asks: 20
[1788895955991] TUI Render Frame -> Synced: true, Seq ID: 1788895953117000000, Bids: 20, Asks: 20
[1788895956040] TUI Render Frame -> Synced: true, Seq ID: 1788895953117000000, Bids: 20, Asks: 20
[1788895956089] TUI Render Frame -> Synced: true, Seq ID: 1788895953117000000, Bids: 20, Asks: 20
[1788895956140] TUI Render Frame -> Synced: true, Seq ID: 1788895953117000000, Bids: 20, Asks: 20
[1788895956190] TUI Render Frame -> Synced: true, Seq ID: 1788895953117000000, Bids: 20, Asks: 20
[1788895956240] TUI Render Frame -> Synced: true, Seq ID: 1788895953117000000, Bids: 20, Asks: 20
[1788895956290] TUI Render Frame -> Synced: true, Seq ID: 1788895953117000000, Bids: 20, Asks: 20
[1788895956340] TUI Render Frame -> Synced: true, Seq ID: 1788895953117000000, Bids: 20, Asks: 20
[1788895956390] TUI Render Frame -> Synced: true, Seq ID: 1788895953117000000, Bids: 20, Asks: 20
[1788895956440] TUI Render Frame -> Synced: true, Seq ID: 1788895953117000000, Bids: 20, Asks: 20
[1788895956490] TUI Render Frame -> Synced: true, Seq ID: 1788895953117000000, Bids: 20, Asks: 20
[1788895956540] TUI Render Frame -> Synced: true, Seq ID: 1788895953117000000, Bids: 20, Asks: 20
[1788895956591] TUI Render Frame -> Synced: true, Seq ID: 1788895953117000000, Bids: 20, Asks: 20
[1788895956640] TUI Render Frame -> Synced: true, Seq ID: 1788895953117000000, Bids: 20, Asks: 20
[1788895956690] TUI Render Frame -> Synced: true, Seq ID: 1788895953117000000, Bids: 20, Asks: 20
[1788895956740] TUI Render Frame -> Synced: true, Seq ID: 1788895953117000000, Bids: 20, Asks: 20
[1788895956790] TUI Render Frame -> Synced: true, Seq ID: 1788895953117000000, Bids: 20, Asks: 20
[1788895956841] TUI Render Frame -> Synced: true, Seq ID: 1788895953117000000, Bids: 20, Asks: 20
[1788895956890] TUI Render Frame -> Synced: true, Seq ID: 1788895953117000000, Bids: 20, Asks: 20
[1788895956940] TUI Render Frame -> Synced: true, Seq ID: 1788895953117000000, Bids: 20, Asks: 20
[1788895956990] TUI Render Frame -> Synced: true, Seq ID: 1788895953117000000, Bids: 20, Asks: 20
[1788895957040] TUI Render Frame -> Synced: true, Seq ID: 1788895953117000000, Bids: 20, Asks: 20
[1788895957090] TUI Render Frame -> Synced: true, Seq ID: 1788895953117000000, Bids: 20, Asks: 20
[1788895957139] TUI Render Frame -> Synced: true, Seq ID: 1788895953117000000, Bids: 20, Asks: 20
[1788895957190] TUI Render Frame -> Synced: true, Seq ID: 1788895953117000000, Bids: 20, Asks: 20
[1788895957239] TUI Render Frame -> Synced: true, Seq ID: 1788895953117000000, Bids: 20, Asks: 20
[1788895957290] TUI Render Frame -> Synced: true, Seq ID: 1788895953117000000, Bids: 20, Asks: 20
[1788895957340] TUI Render Frame -> Synced: true, Seq ID: 1788895953117000000, Bids: 20, Asks: 20
[1788895957390] TUI Render Frame -> Synced: true, Seq ID: 1788895953117000000, Bids: 20, Asks: 20
[1788895957440] TUI Render Frame -> Synced: true, Seq ID: 1788895953117000000, Bids: 20, Asks: 20
[1788895957491] TUI Render Frame -> Synced: true, Seq ID: 1788895953117000000, Bids: 20, Asks: 20
[1788895957541] TUI Render Frame -> Synced: true, Seq ID: 1788895953117000000, Bids: 20, Asks: 20
[1788895957590] TUI Render Frame -> Synced: true, Seq ID: 1788895953117000000, Bids: 20, Asks: 20
[1788895957640] TUI Render Frame -> Synced: true, Seq ID: 1788895953117000000, Bids: 20, Asks: 20
[1788895957689] TUI Render Frame -> Synced: true, Seq ID: 1788895953117000000, Bids: 20, Asks: 20
[1788895957741] TUI Render Frame -> Synced: true, Seq ID: 1788895953117000000, Bids: 20, Asks: 20
[1788895957791] TUI Render Frame -> Synced: true, Seq ID: 1788895953117000000, Bids: 20, Asks: 20
[1788895957841] TUI Render Frame -> Synced: true, Seq ID: 1788895953117000000, Bids: 20, Asks: 20
[1788895957890] TUI Render Frame -> Synced: true, Seq ID: 1788895953117000000, Bids: 20, Asks: 20
[1788895957940] TUI Render Frame -> Synced: true, Seq ID: 1788895953117000000, Bids: 20, Asks: 20
[1788895957991] TUI Render Frame -> Synced: true, Seq ID: 1788895953117000000, Bids: 20, Asks: 20
[1788895958041] TUI Render Frame -> Synced: true, Seq ID: 1788895953117000000, Bids: 20, Asks: 20
[1788895958091] TUI Render Frame -> Synced: true, Seq ID: 1788895953117000000, Bids: 20, Asks: 20
[1788895958140] TUI Render Frame -> Synced: true, Seq ID: 1788895953117000000, Bids: 20, Asks: 20
[1788895958190] TUI Render Frame -> Synced: true, Seq ID: 1788895953117000000, Bids: 20, Asks: 20
[1788895958240] TUI Render Frame -> Synced: true, Seq ID: 1788895953117000000, Bids: 20, Asks: 20
[1788895958290] TUI Render Frame -> Synced: true, Seq ID: 1788895953117000000, Bids: 20, Asks: 20
[1788895958340] TUI Render Frame -> Synced: true, Seq ID: 1788895953117000000, Bids: 20, Asks: 20
[1788895958390] TUI Render Frame -> Synced: true, Seq ID: 1788895953117000000, Bids: 20, Asks: 20
[1788895958440] TUI Render Frame -> Synced: true, Seq ID: 1788895953117000000, Bids: 20, Asks: 20
[1788895958490] TUI Render Frame -> Synced: true, Seq ID: 1788895953117000000, Bids: 20, Asks: 20
[1788895958540] TUI Render Frame -> Synced: true, Seq ID: 1788895953117000000, Bids: 20, Asks: 20
[1788895958590] TUI Render Frame -> Synced: true, Seq ID: 1788895953117000000, Bids: 20, Asks: 20
[1788895958640] TUI Render Frame -> Synced: true, Seq ID: 1788895953117000000, Bids: 20, Asks: 20
[1788895958690] TUI Render Frame -> Synced: true, Seq ID: 1788895953117000000, Bids: 20, Asks: 20
[1788895958741] TUI Render Frame -> Synced: true, Seq ID: 1788895953117000000, Bids: 20, Asks: 20
[1788895958790] TUI Render Frame -> Synced: true, Seq ID: 1788895953117000000, Bids: 20, Asks: 20
[1788895958839] TUI Render Frame -> Synced: true, Seq ID: 1788895953117000000, Bids: 20, Asks: 20
[1788895958847] Msg #6: Depth received | Bids: 20, Asks: 20, Timestamp ID: 1788895958406000000
[1788895958848] Reconciler book exists: true
[1788895958848] ui_tx.send status: true, receiver count: 1
[1788895958890] TUI Render Frame -> Synced: true, Seq ID: 1788895958406000000, Bids: 20, Asks: 20
[1788895958940] TUI Render Frame -> Synced: true, Seq ID: 1788895958406000000, Bids: 20, Asks: 20
[1788895958990] TUI Render Frame -> Synced: true, Seq ID: 1788895958406000000, Bids: 20, Asks: 20
[1788895959039] TUI Render Frame -> Synced: true, Seq ID: 1788895958406000000, Bids: 20, Asks: 20
[1788895959091] TUI Render Frame -> Synced: true, Seq ID: 1788895958406000000, Bids: 20, Asks: 20
[1788895959140] TUI Render Frame -> Synced: true, Seq ID: 1788895958406000000, Bids: 20, Asks: 20
[1788895959190] TUI Render Frame -> Synced: true, Seq ID: 1788895958406000000, Bids: 20, Asks: 20
[1788895959240] TUI Render Frame -> Synced: true, Seq ID: 1788895958406000000, Bids: 20, Asks: 20
[1788895959289] TUI Render Frame -> Synced: true, Seq ID: 1788895958406000000, Bids: 20, Asks: 20
[1788895959339] TUI Render Frame -> Synced: true, Seq ID: 1788895958406000000, Bids: 20, Asks: 20
[1788895959390] TUI Render Frame -> Synced: true, Seq ID: 1788895958406000000, Bids: 20, Asks: 20
[1788895959440] TUI Render Frame -> Synced: true, Seq ID: 1788895958406000000, Bids: 20, Asks: 20
[1788895959490] TUI Render Frame -> Synced: true, Seq ID: 1788895958406000000, Bids: 20, Asks: 20
[1788895959541] TUI Render Frame -> Synced: true, Seq ID: 1788895958406000000, Bids: 20, Asks: 20
[1788895959590] TUI Render Frame -> Synced: true, Seq ID: 1788895958406000000, Bids: 20, Asks: 20
[1788895959640] TUI Render Frame -> Synced: true, Seq ID: 1788895958406000000, Bids: 20, Asks: 20
[1788895959691] TUI Render Frame -> Synced: true, Seq ID: 1788895958406000000, Bids: 20, Asks: 20
[1788895959740] TUI Render Frame -> Synced: true, Seq ID: 1788895958406000000, Bids: 20, Asks: 20
[1788895959791] TUI Render Frame -> Synced: true, Seq ID: 1788895958406000000, Bids: 20, Asks: 20
[1788895959840] TUI Render Frame -> Synced: true, Seq ID: 1788895958406000000, Bids: 20, Asks: 20
[1788895959891] TUI Render Frame -> Synced: true, Seq ID: 1788895958406000000, Bids: 20, Asks: 20
[1788895959940] TUI Render Frame -> Synced: true, Seq ID: 1788895958406000000, Bids: 20, Asks: 20
[1788895959990] TUI Render Frame -> Synced: true, Seq ID: 1788895958406000000, Bids: 20, Asks: 20
[1788895960040] TUI Render Frame -> Synced: true, Seq ID: 1788895958406000000, Bids: 20, Asks: 20
[1788895960091] TUI Render Frame -> Synced: true, Seq ID: 1788895958406000000, Bids: 20, Asks: 20
[1788895960140] TUI Render Frame -> Synced: true, Seq ID: 1788895958406000000, Bids: 20, Asks: 20
[1788895960190] TUI Render Frame -> Synced: true, Seq ID: 1788895958406000000, Bids: 20, Asks: 20
[1788895960240] TUI Render Frame -> Synced: true, Seq ID: 1788895958406000000, Bids: 20, Asks: 20
[1788895960290] TUI Render Frame -> Synced: true, Seq ID: 1788895958406000000, Bids: 20, Asks: 20
[1788895960341] TUI Render Frame -> Synced: true, Seq ID: 1788895958406000000, Bids: 20, Asks: 20
[1788895960390] TUI Render Frame -> Synced: true, Seq ID: 1788895958406000000, Bids: 20, Asks: 20
[1788895960440] TUI Render Frame -> Synced: true, Seq ID: 1788895958406000000, Bids: 20, Asks: 20
[1788895960490] TUI Render Frame -> Synced: true, Seq ID: 1788895958406000000, Bids: 20, Asks: 20
[1788895960540] TUI Render Frame -> Synced: true, Seq ID: 1788895958406000000, Bids: 20, Asks: 20
[1788895960590] TUI Render Frame -> Synced: true, Seq ID: 1788895958406000000, Bids: 20, Asks: 20
[1788895960641] TUI Render Frame -> Synced: true, Seq ID: 1788895958406000000, Bids: 20, Asks: 20
[1788895960690] TUI Render Frame -> Synced: true, Seq ID: 1788895958406000000, Bids: 20, Asks: 20
[1788895960740] TUI Render Frame -> Synced: true, Seq ID: 1788895958406000000, Bids: 20, Asks: 20
[1788895960791] TUI Render Frame -> Synced: true, Seq ID: 1788895958406000000, Bids: 20, Asks: 20
[1788895960841] TUI Render Frame -> Synced: true, Seq ID: 1788895958406000000, Bids: 20, Asks: 20
[1788895960890] TUI Render Frame -> Synced: true, Seq ID: 1788895958406000000, Bids: 20, Asks: 20
[1788895960941] TUI Render Frame -> Synced: true, Seq ID: 1788895958406000000, Bids: 20, Asks: 20
[1788895960990] TUI Render Frame -> Synced: true, Seq ID: 1788895958406000000, Bids: 20, Asks: 20
[1788895961041] TUI Render Frame -> Synced: true, Seq ID: 1788895958406000000, Bids: 20, Asks: 20
[1788895961090] TUI Render Frame -> Synced: true, Seq ID: 1788895958406000000, Bids: 20, Asks: 20
[1788895961141] TUI Render Frame -> Synced: true, Seq ID: 1788895958406000000, Bids: 20, Asks: 20
[1788895961191] TUI Render Frame -> Synced: true, Seq ID: 1788895958406000000, Bids: 20, Asks: 20
[1788895961241] TUI Render Frame -> Synced: true, Seq ID: 1788895958406000000, Bids: 20, Asks: 20
[1788895961290] TUI Render Frame -> Synced: true, Seq ID: 1788895958406000000, Bids: 20, Asks: 20
[1788895961340] TUI Render Frame -> Synced: true, Seq ID: 1788895958406000000, Bids: 20, Asks: 20
[1788895961390] TUI Render Frame -> Synced: true, Seq ID: 1788895958406000000, Bids: 20, Asks: 20
[1788895961440] TUI Render Frame -> Synced: true, Seq ID: 1788895958406000000, Bids: 20, Asks: 20
[1788895961489] TUI Render Frame -> Synced: true, Seq ID: 1788895958406000000, Bids: 20, Asks: 20
[1788895961540] TUI Render Frame -> Synced: true, Seq ID: 1788895958406000000, Bids: 20, Asks: 20
[1788895961589] TUI Render Frame -> Synced: true, Seq ID: 1788895958406000000, Bids: 20, Asks: 20
[1788895961640] TUI Render Frame -> Synced: true, Seq ID: 1788895958406000000, Bids: 20, Asks: 20
[1788895961690] TUI Render Frame -> Synced: true, Seq ID: 1788895958406000000, Bids: 20, Asks: 20
[1788895961741] TUI Render Frame -> Synced: true, Seq ID: 1788895958406000000, Bids: 20, Asks: 20
[1788895961790] TUI Render Frame -> Synced: true, Seq ID: 1788895958406000000, Bids: 20, Asks: 20
[1788895961840] TUI Render Frame -> Synced: true, Seq ID: 1788895958406000000, Bids: 20, Asks: 20
[1788895961891] TUI Render Frame -> Synced: true, Seq ID: 1788895958406000000, Bids: 20, Asks: 20
[1788895961941] TUI Render Frame -> Synced: true, Seq ID: 1788895958406000000, Bids: 20, Asks: 20
[1788895961990] TUI Render Frame -> Synced: true, Seq ID: 1788895958406000000, Bids: 20, Asks: 20
[1788895962039] TUI Render Frame -> Synced: true, Seq ID: 1788895958406000000, Bids: 20, Asks: 20
[1788895962090] TUI Render Frame -> Synced: true, Seq ID: 1788895958406000000, Bids: 20, Asks: 20
[1788895962140] TUI Render Frame -> Synced: true, Seq ID: 1788895958406000000, Bids: 20, Asks: 20
[1788895962190] TUI Render Frame -> Synced: true, Seq ID: 1788895958406000000, Bids: 20, Asks: 20
[1788895962240] TUI Render Frame -> Synced: true, Seq ID: 1788895958406000000, Bids: 20, Asks: 20
[1788895962290] TUI Render Frame -> Synced: true, Seq ID: 1788895958406000000, Bids: 20, Asks: 20
[1788895962341] TUI Render Frame -> Synced: true, Seq ID: 1788895958406000000, Bids: 20, Asks: 20
[1788895962391] TUI Render Frame -> Synced: true, Seq ID: 1788895958406000000, Bids: 20, Asks: 20
[1788895962440] TUI Render Frame -> Synced: true, Seq ID: 1788895958406000000, Bids: 20, Asks: 20
[1788895962490] TUI Render Frame -> Synced: true, Seq ID: 1788895958406000000, Bids: 20, Asks: 20
[1788895962540] TUI Render Frame -> Synced: true, Seq ID: 1788895958406000000, Bids: 20, Asks: 20
[1788895962590] TUI Render Frame -> Synced: true, Seq ID: 1788895958406000000, Bids: 20, Asks: 20
[1788895962640] TUI Render Frame -> Synced: true, Seq ID: 1788895958406000000, Bids: 20, Asks: 20
[1788895962690] TUI Render Frame -> Synced: true, Seq ID: 1788895958406000000, Bids: 20, Asks: 20
[1788895962740] TUI Render Frame -> Synced: true, Seq ID: 1788895958406000000, Bids: 20, Asks: 20
[1788895962790] TUI Render Frame -> Synced: true, Seq ID: 1788895958406000000, Bids: 20, Asks: 20
[1788895962840] TUI Render Frame -> Synced: true, Seq ID: 1788895958406000000, Bids: 20, Asks: 20
[1788895962891] TUI Render Frame -> Synced: true, Seq ID: 1788895958406000000, Bids: 20, Asks: 20
[1788895962940] TUI Render Frame -> Synced: true, Seq ID: 1788895958406000000, Bids: 20, Asks: 20
[1788895962990] TUI Render Frame -> Synced: true, Seq ID: 1788895958406000000, Bids: 20, Asks: 20
[1788895963040] TUI Render Frame -> Synced: true, Seq ID: 1788895958406000000, Bids: 20, Asks: 20
[1788895963090] TUI Render Frame -> Synced: true, Seq ID: 1788895958406000000, Bids: 20, Asks: 20
[1788895963140] TUI Render Frame -> Synced: true, Seq ID: 1788895958406000000, Bids: 20, Asks: 20
[1788895963190] TUI Render Frame -> Synced: true, Seq ID: 1788895958406000000, Bids: 20, Asks: 20
[1788895963241] TUI Render Frame -> Synced: true, Seq ID: 1788895958406000000, Bids: 20, Asks: 20
[1788895963290] TUI Render Frame -> Synced: true, Seq ID: 1788895958406000000, Bids: 20, Asks: 20
[1788895963340] TUI Render Frame -> Synced: true, Seq ID: 1788895958406000000, Bids: 20, Asks: 20
[1788895963391] TUI Render Frame -> Synced: true, Seq ID: 1788895958406000000, Bids: 20, Asks: 20
[1788895963440] TUI Render Frame -> Synced: true, Seq ID: 1788895958406000000, Bids: 20, Asks: 20
[1788895963490] TUI Render Frame -> Synced: true, Seq ID: 1788895958406000000, Bids: 20, Asks: 20
[1788895963540] TUI Render Frame -> Synced: true, Seq ID: 1788895958406000000, Bids: 20, Asks: 20
[1788895963590] TUI Render Frame -> Synced: true, Seq ID: 1788895958406000000, Bids: 20, Asks: 20
[1788895963639] TUI Render Frame -> Synced: true, Seq ID: 1788895958406000000, Bids: 20, Asks: 20
[1788895963690] TUI Render Frame -> Synced: true, Seq ID: 1788895958406000000, Bids: 20, Asks: 20
[1788895963741] TUI Render Frame -> Synced: true, Seq ID: 1788895958406000000, Bids: 20, Asks: 20
[1788895963790] TUI Render Frame -> Synced: true, Seq ID: 1788895958406000000, Bids: 20, Asks: 20
[1788895963840] TUI Render Frame -> Synced: true, Seq ID: 1788895958406000000, Bids: 20, Asks: 20
[1788895963891] TUI Render Frame -> Synced: true, Seq ID: 1788895958406000000, Bids: 20, Asks: 20
[1788895963941] TUI Render Frame -> Synced: true, Seq ID: 1788895958406000000, Bids: 20, Asks: 20
[1788895963991] TUI Render Frame -> Synced: true, Seq ID: 1788895958406000000, Bids: 20, Asks: 20
[1788895964040] TUI Render Frame -> Synced: true, Seq ID: 1788895958406000000, Bids: 20, Asks: 20
[1788895964090] TUI Render Frame -> Synced: true, Seq ID: 1788895958406000000, Bids: 20, Asks: 20
[1788895964141] TUI Render Frame -> Synced: true, Seq ID: 1788895958406000000, Bids: 20, Asks: 20
[1788895964191] TUI Render Frame -> Synced: true, Seq ID: 1788895958406000000, Bids: 20, Asks: 20
[1788895964241] TUI Render Frame -> Synced: true, Seq ID: 1788895958406000000, Bids: 20, Asks: 20
[1788895964269] Msg #7: Depth received | Bids: 20, Asks: 20, Timestamp ID: 1788895963839000000
[1788895964269] Reconciler book exists: true
[1788895964269] ui_tx.send status: true, receiver count: 1
[1788895964291] TUI Render Frame -> Synced: true, Seq ID: 1788895963839000000, Bids: 20, Asks: 20
[1788895964345] TUI Render Frame -> Synced: true, Seq ID: 1788895963839000000, Bids: 20, Asks: 20
[1788895964391] TUI Render Frame -> Synced: true, Seq ID: 1788895963839000000, Bids: 20, Asks: 20
[1788895964440] TUI Render Frame -> Synced: true, Seq ID: 1788895963839000000, Bids: 20, Asks: 20
[1788895964490] TUI Render Frame -> Synced: true, Seq ID: 1788895963839000000, Bids: 20, Asks: 20
[1788895964540] TUI Render Frame -> Synced: true, Seq ID: 1788895963839000000, Bids: 20, Asks: 20
[1788895964589] TUI Render Frame -> Synced: true, Seq ID: 1788895963839000000, Bids: 20, Asks: 20
[1788895964640] TUI Render Frame -> Synced: true, Seq ID: 1788895963839000000, Bids: 20, Asks: 20
[1788895964690] TUI Render Frame -> Synced: true, Seq ID: 1788895963839000000, Bids: 20, Asks: 20
[1788895964740] TUI Render Frame -> Synced: true, Seq ID: 1788895963839000000, Bids: 20, Asks: 20
[1788895964789] TUI Render Frame -> Synced: true, Seq ID: 1788895963839000000, Bids: 20, Asks: 20
[1788895964840] TUI Render Frame -> Synced: true, Seq ID: 1788895963839000000, Bids: 20, Asks: 20
[1788895964891] TUI Render Frame -> Synced: true, Seq ID: 1788895963839000000, Bids: 20, Asks: 20
[1788895964940] TUI Render Frame -> Synced: true, Seq ID: 1788895963839000000, Bids: 20, Asks: 20
[1788895964991] TUI Render Frame -> Synced: true, Seq ID: 1788895963839000000, Bids: 20, Asks: 20
[1788895965041] TUI Render Frame -> Synced: true, Seq ID: 1788895963839000000, Bids: 20, Asks: 20
[1788895965090] TUI Render Frame -> Synced: true, Seq ID: 1788895963839000000, Bids: 20, Asks: 20
[1788895965140] TUI Render Frame -> Synced: true, Seq ID: 1788895963839000000, Bids: 20, Asks: 20
[1788895965191] TUI Render Frame -> Synced: true, Seq ID: 1788895963839000000, Bids: 20, Asks: 20
[1788895965240] TUI Render Frame -> Synced: true, Seq ID: 1788895963839000000, Bids: 20, Asks: 20
[1788895965291] TUI Render Frame -> Synced: true, Seq ID: 1788895963839000000, Bids: 20, Asks: 20
[1788895965340] TUI Render Frame -> Synced: true, Seq ID: 1788895963839000000, Bids: 20, Asks: 20
[1788895965390] TUI Render Frame -> Synced: true, Seq ID: 1788895963839000000, Bids: 20, Asks: 20
[1788895965440] TUI Render Frame -> Synced: true, Seq ID: 1788895963839000000, Bids: 20, Asks: 20
[1788895965490] TUI Render Frame -> Synced: true, Seq ID: 1788895963839000000, Bids: 20, Asks: 20
[1788895965540] TUI Render Frame -> Synced: true, Seq ID: 1788895963839000000, Bids: 20, Asks: 20
[1788895965589] TUI Render Frame -> Synced: true, Seq ID: 1788895963839000000, Bids: 20, Asks: 20
[1788895965640] TUI Render Frame -> Synced: true, Seq ID: 1788895963839000000, Bids: 20, Asks: 20
[1788895965690] TUI Render Frame -> Synced: true, Seq ID: 1788895963839000000, Bids: 20, Asks: 20
[1788895965740] TUI Render Frame -> Synced: true, Seq ID: 1788895963839000000, Bids: 20, Asks: 20
[1788895965790] TUI Render Frame -> Synced: true, Seq ID: 1788895963839000000, Bids: 20, Asks: 20
[1788895965840] TUI Render Frame -> Synced: true, Seq ID: 1788895963839000000, Bids: 20, Asks: 20
[1788895965890] TUI Render Frame -> Synced: true, Seq ID: 1788895963839000000, Bids: 20, Asks: 20
[1788895965940] TUI Render Frame -> Synced: true, Seq ID: 1788895963839000000, Bids: 20, Asks: 20
[1788895965990] TUI Render Frame -> Synced: true, Seq ID: 1788895963839000000, Bids: 20, Asks: 20
[1788895966040] TUI Render Frame -> Synced: true, Seq ID: 1788895963839000000, Bids: 20, Asks: 20
[1788895966091] TUI Render Frame -> Synced: true, Seq ID: 1788895963839000000, Bids: 20, Asks: 20
[1788895966140] TUI Render Frame -> Synced: true, Seq ID: 1788895963839000000, Bids: 20, Asks: 20
[1788895966190] TUI Render Frame -> Synced: true, Seq ID: 1788895963839000000, Bids: 20, Asks: 20
[1788895966240] TUI Render Frame -> Synced: true, Seq ID: 1788895963839000000, Bids: 20, Asks: 20
[1788895966290] TUI Render Frame -> Synced: true, Seq ID: 1788895963839000000, Bids: 20, Asks: 20
[1788895966340] TUI Render Frame -> Synced: true, Seq ID: 1788895963839000000, Bids: 20, Asks: 20
[1788895966389] TUI Render Frame -> Synced: true, Seq ID: 1788895963839000000, Bids: 20, Asks: 20
[1788895966440] TUI Render Frame -> Synced: true, Seq ID: 1788895963839000000, Bids: 20, Asks: 20
[1788895966490] TUI Render Frame -> Synced: true, Seq ID: 1788895963839000000, Bids: 20, Asks: 20
[1788895966540] TUI Render Frame -> Synced: true, Seq ID: 1788895963839000000, Bids: 20, Asks: 20
[1788895966590] TUI Render Frame -> Synced: true, Seq ID: 1788895963839000000, Bids: 20, Asks: 20
[1788895966641] TUI Render Frame -> Synced: true, Seq ID: 1788895963839000000, Bids: 20, Asks: 20
[1788895966690] TUI Render Frame -> Synced: true, Seq ID: 1788895963839000000, Bids: 20, Asks: 20
[1788895966740] TUI Render Frame -> Synced: true, Seq ID: 1788895963839000000, Bids: 20, Asks: 20
[1788895966791] TUI Render Frame -> Synced: true, Seq ID: 1788895963839000000, Bids: 20, Asks: 20
[1788895966839] TUI Render Frame -> Synced: true, Seq ID: 1788895963839000000, Bids: 20, Asks: 20
[1788895966890] TUI Render Frame -> Synced: true, Seq ID: 1788895963839000000, Bids: 20, Asks: 20
[1788895966940] TUI Render Frame -> Synced: true, Seq ID: 1788895963839000000, Bids: 20, Asks: 20
[1788895966990] TUI Render Frame -> Synced: true, Seq ID: 1788895963839000000, Bids: 20, Asks: 20
[1788895967041] TUI Render Frame -> Synced: true, Seq ID: 1788895963839000000, Bids: 20, Asks: 20
[1788895967091] TUI Render Frame -> Synced: true, Seq ID: 1788895963839000000, Bids: 20, Asks: 20
[1788895967140] TUI Render Frame -> Synced: true, Seq ID: 1788895963839000000, Bids: 20, Asks: 20
[1788895967190] TUI Render Frame -> Synced: true, Seq ID: 1788895963839000000, Bids: 20, Asks: 20
[1788895967240] TUI Render Frame -> Synced: true, Seq ID: 1788895963839000000, Bids: 20, Asks: 20
[1788895967290] TUI Render Frame -> Synced: true, Seq ID: 1788895963839000000, Bids: 20, Asks: 20
[1788895967340] TUI Render Frame -> Synced: true, Seq ID: 1788895963839000000, Bids: 20, Asks: 20
[1788895967391] TUI Render Frame -> Synced: true, Seq ID: 1788895963839000000, Bids: 20, Asks: 20
[1788895967440] TUI Render Frame -> Synced: true, Seq ID: 1788895963839000000, Bids: 20, Asks: 20
[1788895967491] TUI Render Frame -> Synced: true, Seq ID: 1788895963839000000, Bids: 20, Asks: 20
[1788895967540] TUI Render Frame -> Synced: true, Seq ID: 1788895963839000000, Bids: 20, Asks: 20
[1788895967590] TUI Render Frame -> Synced: true, Seq ID: 1788895963839000000, Bids: 20, Asks: 20
[1788895967640] TUI Render Frame -> Synced: true, Seq ID: 1788895963839000000, Bids: 20, Asks: 20
[1788895967690] TUI Render Frame -> Synced: true, Seq ID: 1788895963839000000, Bids: 20, Asks: 20
[1788895967740] TUI Render Frame -> Synced: true, Seq ID: 1788895963839000000, Bids: 20, Asks: 20
[1788895967790] TUI Render Frame -> Synced: true, Seq ID: 1788895963839000000, Bids: 20, Asks: 20
[1788895967840] TUI Render Frame -> Synced: true, Seq ID: 1788895963839000000, Bids: 20, Asks: 20
[1788895967890] TUI Render Frame -> Synced: true, Seq ID: 1788895963839000000, Bids: 20, Asks: 20
[1788895967940] TUI Render Frame -> Synced: true, Seq ID: 1788895963839000000, Bids: 20, Asks: 20
[1788895967989] TUI Render Frame -> Synced: true, Seq ID: 1788895963839000000, Bids: 20, Asks: 20
[1788895968040] TUI Render Frame -> Synced: true, Seq ID: 1788895963839000000, Bids: 20, Asks: 20
[1788895968090] TUI Render Frame -> Synced: true, Seq ID: 1788895963839000000, Bids: 20, Asks: 20
[1788895968140] TUI Render Frame -> Synced: true, Seq ID: 1788895963839000000, Bids: 20, Asks: 20
[1788895968190] TUI Render Frame -> Synced: true, Seq ID: 1788895963839000000, Bids: 20, Asks: 20
[1788895968241] TUI Render Frame -> Synced: true, Seq ID: 1788895963839000000, Bids: 20, Asks: 20
[1788895968290] TUI Render Frame -> Synced: true, Seq ID: 1788895963839000000, Bids: 20, Asks: 20
[1788895968340] TUI Render Frame -> Synced: true, Seq ID: 1788895963839000000, Bids: 20, Asks: 20
[1788895968391] TUI Render Frame -> Synced: true, Seq ID: 1788895963839000000, Bids: 20, Asks: 20
[1788895968439] TUI Render Frame -> Synced: true, Seq ID: 1788895963839000000, Bids: 20, Asks: 20
[1788895968490] TUI Render Frame -> Synced: true, Seq ID: 1788895963839000000, Bids: 20, Asks: 20
[1788895968540] TUI Render Frame -> Synced: true, Seq ID: 1788895963839000000, Bids: 20, Asks: 20
[1788895968590] TUI Render Frame -> Synced: true, Seq ID: 1788895963839000000, Bids: 20, Asks: 20
[1788895968640] TUI Render Frame -> Synced: true, Seq ID: 1788895963839000000, Bids: 20, Asks: 20
[1788895968689] TUI Render Frame -> Synced: true, Seq ID: 1788895963839000000, Bids: 20, Asks: 20
[1788895968740] TUI Render Frame -> Synced: true, Seq ID: 1788895963839000000, Bids: 20, Asks: 20
[1788895968791] TUI Render Frame -> Synced: true, Seq ID: 1788895963839000000, Bids: 20, Asks: 20
[1788895968840] TUI Render Frame -> Synced: true, Seq ID: 1788895963839000000, Bids: 20, Asks: 20
[1788895968889] TUI Render Frame -> Synced: true, Seq ID: 1788895963839000000, Bids: 20, Asks: 20
[1788895968940] TUI Render Frame -> Synced: true, Seq ID: 1788895963839000000, Bids: 20, Asks: 20
[1788895968990] TUI Render Frame -> Synced: true, Seq ID: 1788895963839000000, Bids: 20, Asks: 20
[1788895969041] TUI Render Frame -> Synced: true, Seq ID: 1788895963839000000, Bids: 20, Asks: 20
[1788895969090] TUI Render Frame -> Synced: true, Seq ID: 1788895963839000000, Bids: 20, Asks: 20
[1788895969141] TUI Render Frame -> Synced: true, Seq ID: 1788895963839000000, Bids: 20, Asks: 20
[1788895969190] TUI Render Frame -> Synced: true, Seq ID: 1788895963839000000, Bids: 20, Asks: 20
[1788895969241] TUI Render Frame -> Synced: true, Seq ID: 1788895963839000000, Bids: 20, Asks: 20
[1788895969291] TUI Render Frame -> Synced: true, Seq ID: 1788895963839000000, Bids: 20, Asks: 20
[1788895969340] TUI Render Frame -> Synced: true, Seq ID: 1788895963839000000, Bids: 20, Asks: 20
[1788895969391] TUI Render Frame -> Synced: true, Seq ID: 1788895963839000000, Bids: 20, Asks: 20
[1788895969441] TUI Render Frame -> Synced: true, Seq ID: 1788895963839000000, Bids: 20, Asks: 20
[1788895969490] TUI Render Frame -> Synced: true, Seq ID: 1788895963839000000, Bids: 20, Asks: 20
[1788895969541] TUI Render Frame -> Synced: true, Seq ID: 1788895963839000000, Bids: 20, Asks: 20
[1788895969589] TUI Render Frame -> Synced: true, Seq ID: 1788895963839000000, Bids: 20, Asks: 20
[1788895969640] TUI Render Frame -> Synced: true, Seq ID: 1788895963839000000, Bids: 20, Asks: 20
[1788895969690] TUI Render Frame -> Synced: true, Seq ID: 1788895963839000000, Bids: 20, Asks: 20
[1788895969692] Msg #8: Depth received | Bids: 20, Asks: 20, Timestamp ID: 1788895969291000000
[1788895969692] Reconciler book exists: true
[1788895969693] ui_tx.send status: true, receiver count: 1
[1788895969740] TUI Render Frame -> Synced: true, Seq ID: 1788895969291000000, Bids: 20, Asks: 20
[1788895969790] TUI Render Frame -> Synced: true, Seq ID: 1788895969291000000, Bids: 20, Asks: 20
[1788895969840] TUI Render Frame -> Synced: true, Seq ID: 1788895969291000000, Bids: 20, Asks: 20
[1788895969890] TUI Render Frame -> Synced: true, Seq ID: 1788895969291000000, Bids: 20, Asks: 20
[1788895969939] TUI Render Frame -> Synced: true, Seq ID: 1788895969291000000, Bids: 20, Asks: 20
[1788895969990] TUI Render Frame -> Synced: true, Seq ID: 1788895969291000000, Bids: 20, Asks: 20
[1788895970039] TUI Render Frame -> Synced: true, Seq ID: 1788895969291000000, Bids: 20, Asks: 20
[1788895970090] TUI Render Frame -> Synced: true, Seq ID: 1788895969291000000, Bids: 20, Asks: 20
[1788895970141] TUI Render Frame -> Synced: true, Seq ID: 1788895969291000000, Bids: 20, Asks: 20
[1788895970191] TUI Render Frame -> Synced: true, Seq ID: 1788895969291000000, Bids: 20, Asks: 20
[1788895970241] TUI Render Frame -> Synced: true, Seq ID: 1788895969291000000, Bids: 20, Asks: 20
[1788895970291] TUI Render Frame -> Synced: true, Seq ID: 1788895969291000000, Bids: 20, Asks: 20
[1788895970340] TUI Render Frame -> Synced: true, Seq ID: 1788895969291000000, Bids: 20, Asks: 20
[1788895970391] TUI Render Frame -> Synced: true, Seq ID: 1788895969291000000, Bids: 20, Asks: 20
[1788895970440] TUI Render Frame -> Synced: true, Seq ID: 1788895969291000000, Bids: 20, Asks: 20
[1788895970490] TUI Render Frame -> Synced: true, Seq ID: 1788895969291000000, Bids: 20, Asks: 20
[1788895970540] TUI Render Frame -> Synced: true, Seq ID: 1788895969291000000, Bids: 20, Asks: 20
[1788895970592] TUI Render Frame -> Synced: true, Seq ID: 1788895969291000000, Bids: 20, Asks: 20
[1788895970644] TUI Render Frame -> Synced: true, Seq ID: 1788895969291000000, Bids: 20, Asks: 20
[1788895970690] TUI Render Frame -> Synced: true, Seq ID: 1788895969291000000, Bids: 20, Asks: 20
[1788895970741] TUI Render Frame -> Synced: true, Seq ID: 1788895969291000000, Bids: 20, Asks: 20
[1788895970790] TUI Render Frame -> Synced: true, Seq ID: 1788895969291000000, Bids: 20, Asks: 20
[1788895970840] TUI Render Frame -> Synced: true, Seq ID: 1788895969291000000, Bids: 20, Asks: 20
[1788895970891] TUI Render Frame -> Synced: true, Seq ID: 1788895969291000000, Bids: 20, Asks: 20
[1788895970940] TUI Render Frame -> Synced: true, Seq ID: 1788895969291000000, Bids: 20, Asks: 20
[1788895970990] TUI Render Frame -> Synced: true, Seq ID: 1788895969291000000, Bids: 20, Asks: 20
[1788895971040] TUI Render Frame -> Synced: true, Seq ID: 1788895969291000000, Bids: 20, Asks: 20
[1788895971090] TUI Render Frame -> Synced: true, Seq ID: 1788895969291000000, Bids: 20, Asks: 20
[1788895971141] TUI Render Frame -> Synced: true, Seq ID: 1788895969291000000, Bids: 20, Asks: 20
[1788895971190] TUI Render Frame -> Synced: true, Seq ID: 1788895969291000000, Bids: 20, Asks: 20
[1788895971240] TUI Render Frame -> Synced: true, Seq ID: 1788895969291000000, Bids: 20, Asks: 20
[1788895971291] TUI Render Frame -> Synced: true, Seq ID: 1788895969291000000, Bids: 20, Asks: 20
[1788895971341] TUI Render Frame -> Synced: true, Seq ID: 1788895969291000000, Bids: 20, Asks: 20
[1788895971390] TUI Render Frame -> Synced: true, Seq ID: 1788895969291000000, Bids: 20, Asks: 20
[1788895971440] TUI Render Frame -> Synced: true, Seq ID: 1788895969291000000, Bids: 20, Asks: 20
[1788895971490] TUI Render Frame -> Synced: true, Seq ID: 1788895969291000000, Bids: 20, Asks: 20
[1788895971540] TUI Render Frame -> Synced: true, Seq ID: 1788895969291000000, Bids: 20, Asks: 20
[1788895971590] TUI Render Frame -> Synced: true, Seq ID: 1788895969291000000, Bids: 20, Asks: 20
[1788895971640] TUI Render Frame -> Synced: true, Seq ID: 1788895969291000000, Bids: 20, Asks: 20
[1788895971689] TUI Render Frame -> Synced: true, Seq ID: 1788895969291000000, Bids: 20, Asks: 20
[1788895971741] TUI Render Frame -> Synced: true, Seq ID: 1788895969291000000, Bids: 20, Asks: 20
[1788895971790] TUI Render Frame -> Synced: true, Seq ID: 1788895969291000000, Bids: 20, Asks: 20
[1788895971840] TUI Render Frame -> Synced: true, Seq ID: 1788895969291000000, Bids: 20, Asks: 20
[1788895971891] TUI Render Frame -> Synced: true, Seq ID: 1788895969291000000, Bids: 20, Asks: 20
[1788895971941] TUI Render Frame -> Synced: true, Seq ID: 1788895969291000000, Bids: 20, Asks: 20
[1788895971990] TUI Render Frame -> Synced: true, Seq ID: 1788895969291000000, Bids: 20, Asks: 20
[1788895972040] TUI Render Frame -> Synced: true, Seq ID: 1788895969291000000, Bids: 20, Asks: 20
[1788895972090] TUI Render Frame -> Synced: true, Seq ID: 1788895969291000000, Bids: 20, Asks: 20
[1788895972140] TUI Render Frame -> Synced: true, Seq ID: 1788895969291000000, Bids: 20, Asks: 20
[1788895972190] TUI Render Frame -> Synced: true, Seq ID: 1788895969291000000, Bids: 20, Asks: 20
[1788895972241] TUI Render Frame -> Synced: true, Seq ID: 1788895969291000000, Bids: 20, Asks: 20
[1788895972289] TUI Render Frame -> Synced: true, Seq ID: 1788895969291000000, Bids: 20, Asks: 20
[1788895972340] TUI Render Frame -> Synced: true, Seq ID: 1788895969291000000, Bids: 20, Asks: 20
[1788895972390] TUI Render Frame -> Synced: true, Seq ID: 1788895969291000000, Bids: 20, Asks: 20
[1788895972440] TUI Render Frame -> Synced: true, Seq ID: 1788895969291000000, Bids: 20, Asks: 20
[1788895972490] TUI Render Frame -> Synced: true, Seq ID: 1788895969291000000, Bids: 20, Asks: 20
[1788895972540] TUI Render Frame -> Synced: true, Seq ID: 1788895969291000000, Bids: 20, Asks: 20
[1788895972591] TUI Render Frame -> Synced: true, Seq ID: 1788895969291000000, Bids: 20, Asks: 20
[1788895972640] TUI Render Frame -> Synced: true, Seq ID: 1788895969291000000, Bids: 20, Asks: 20
[1788895972690] TUI Render Frame -> Synced: true, Seq ID: 1788895969291000000, Bids: 20, Asks: 20
[1788895972740] TUI Render Frame -> Synced: true, Seq ID: 1788895969291000000, Bids: 20, Asks: 20
[1788895972790] TUI Render Frame -> Synced: true, Seq ID: 1788895969291000000, Bids: 20, Asks: 20
[1788895972840] TUI Render Frame -> Synced: true, Seq ID: 1788895969291000000, Bids: 20, Asks: 20
[1788895972891] TUI Render Frame -> Synced: true, Seq ID: 1788895969291000000, Bids: 20, Asks: 20
[1788895972941] TUI Render Frame -> Synced: true, Seq ID: 1788895969291000000, Bids: 20, Asks: 20
[1788895972990] TUI Render Frame -> Synced: true, Seq ID: 1788895969291000000, Bids: 20, Asks: 20
[1788895973040] TUI Render Frame -> Synced: true, Seq ID: 1788895969291000000, Bids: 20, Asks: 20
[1788895973091] TUI Render Frame -> Synced: true, Seq ID: 1788895969291000000, Bids: 20, Asks: 20
[1788895973141] TUI Render Frame -> Synced: true, Seq ID: 1788895969291000000, Bids: 20, Asks: 20
[1788895973190] TUI Render Frame -> Synced: true, Seq ID: 1788895969291000000, Bids: 20, Asks: 20
[1788895973240] TUI Render Frame -> Synced: true, Seq ID: 1788895969291000000, Bids: 20, Asks: 20
[1788895973290] TUI Render Frame -> Synced: true, Seq ID: 1788895969291000000, Bids: 20, Asks: 20
[1788895973340] TUI Render Frame -> Synced: true, Seq ID: 1788895969291000000, Bids: 20, Asks: 20
[1788895973390] TUI Render Frame -> Synced: true, Seq ID: 1788895969291000000, Bids: 20, Asks: 20
[1788895973441] TUI Render Frame -> Synced: true, Seq ID: 1788895969291000000, Bids: 20, Asks: 20
[1788895973490] TUI Render Frame -> Synced: true, Seq ID: 1788895969291000000, Bids: 20, Asks: 20
[1788895973540] TUI Render Frame -> Synced: true, Seq ID: 1788895969291000000, Bids: 20, Asks: 20
[1788895973590] TUI Render Frame -> Synced: true, Seq ID: 1788895969291000000, Bids: 20, Asks: 20
[1788895973640] TUI Render Frame -> Synced: true, Seq ID: 1788895969291000000, Bids: 20, Asks: 20
[1788895973689] TUI Render Frame -> Synced: true, Seq ID: 1788895969291000000, Bids: 20, Asks: 20
[1788895973740] TUI Render Frame -> Synced: true, Seq ID: 1788895969291000000, Bids: 20, Asks: 20
[1788895973790] TUI Render Frame -> Synced: true, Seq ID: 1788895969291000000, Bids: 20, Asks: 20
[1788895973840] TUI Render Frame -> Synced: true, Seq ID: 1788895969291000000, Bids: 20, Asks: 20
[1788895973890] TUI Render Frame -> Synced: true, Seq ID: 1788895969291000000, Bids: 20, Asks: 20
[1788895973941] TUI Render Frame -> Synced: true, Seq ID: 1788895969291000000, Bids: 20, Asks: 20
[1788895973990] TUI Render Frame -> Synced: true, Seq ID: 1788895969291000000, Bids: 20, Asks: 20
[1788895974040] TUI Render Frame -> Synced: true, Seq ID: 1788895969291000000, Bids: 20, Asks: 20
[1788895974090] TUI Render Frame -> Synced: true, Seq ID: 1788895969291000000, Bids: 20, Asks: 20
[1788895974140] TUI Render Frame -> Synced: true, Seq ID: 1788895969291000000, Bids: 20, Asks: 20
[1788895974190] TUI Render Frame -> Synced: true, Seq ID: 1788895969291000000, Bids: 20, Asks: 20
[1788895974240] TUI Render Frame -> Synced: true, Seq ID: 1788895969291000000, Bids: 20, Asks: 20
[1788895974290] TUI Render Frame -> Synced: true, Seq ID: 1788895969291000000, Bids: 20, Asks: 20
[1788895974341] TUI Render Frame -> Synced: true, Seq ID: 1788895969291000000, Bids: 20, Asks: 20
[1788895974389] TUI Render Frame -> Synced: true, Seq ID: 1788895969291000000, Bids: 20, Asks: 20
[1788895974440] TUI Render Frame -> Synced: true, Seq ID: 1788895969291000000, Bids: 20, Asks: 20
[1788895974490] TUI Render Frame -> Synced: true, Seq ID: 1788895969291000000, Bids: 20, Asks: 20
[1788895974540] TUI Render Frame -> Synced: true, Seq ID: 1788895969291000000, Bids: 20, Asks: 20
[1788895974590] TUI Render Frame -> Synced: true, Seq ID: 1788895969291000000, Bids: 20, Asks: 20
[1788895974640] TUI Render Frame -> Synced: true, Seq ID: 1788895969291000000, Bids: 20, Asks: 20
[1788895974690] TUI Render Frame -> Synced: true, Seq ID: 1788895969291000000, Bids: 20, Asks: 20
[1788895974741] TUI Render Frame -> Synced: true, Seq ID: 1788895969291000000, Bids: 20, Asks: 20
[1788895974790] TUI Render Frame -> Synced: true, Seq ID: 1788895969291000000, Bids: 20, Asks: 20
[1788895974840] TUI Render Frame -> Synced: true, Seq ID: 1788895969291000000, Bids: 20, Asks: 20
[1788895974890] TUI Render Frame -> Synced: true, Seq ID: 1788895969291000000, Bids: 20, Asks: 20
[1788895974940] TUI Render Frame -> Synced: true, Seq ID: 1788895969291000000, Bids: 20, Asks: 20
[1788895974991] TUI Render Frame -> Synced: true, Seq ID: 1788895969291000000, Bids: 20, Asks: 20
[1788895975041] TUI Render Frame -> Synced: true, Seq ID: 1788895969291000000, Bids: 20, Asks: 20
[1788895975090] TUI Render Frame -> Synced: true, Seq ID: 1788895969291000000, Bids: 20, Asks: 20
[1788895975141] TUI Render Frame -> Synced: true, Seq ID: 1788895969291000000, Bids: 20, Asks: 20
[1788895975163] Msg #9: Depth received | Bids: 20, Asks: 20, Timestamp ID: 1788895974715000000
[1788895975163] Reconciler book exists: true
[1788895975164] ui_tx.send status: true, receiver count: 1
[1788895975190] TUI Render Frame -> Synced: true, Seq ID: 1788895974715000000, Bids: 20, Asks: 20
[1788895975240] TUI Render Frame -> Synced: true, Seq ID: 1788895974715000000, Bids: 20, Asks: 20
[1788895975289] TUI Render Frame -> Synced: true, Seq ID: 1788895974715000000, Bids: 20, Asks: 20
[1788895975340] TUI Render Frame -> Synced: true, Seq ID: 1788895974715000000, Bids: 20, Asks: 20
[1788895975390] TUI Render Frame -> Synced: true, Seq ID: 1788895974715000000, Bids: 20, Asks: 20
[1788895975440] TUI Render Frame -> Synced: true, Seq ID: 1788895974715000000, Bids: 20, Asks: 20
[1788895975491] TUI Render Frame -> Synced: true, Seq ID: 1788895974715000000, Bids: 20, Asks: 20
[1788895975540] TUI Render Frame -> Synced: true, Seq ID: 1788895974715000000, Bids: 20, Asks: 20
[1788895975590] TUI Render Frame -> Synced: true, Seq ID: 1788895974715000000, Bids: 20, Asks: 20
[1788895975641] TUI Render Frame -> Synced: true, Seq ID: 1788895974715000000, Bids: 20, Asks: 20
[1788895975690] TUI Render Frame -> Synced: true, Seq ID: 1788895974715000000, Bids: 20, Asks: 20
[1788895975740] TUI Render Frame -> Synced: true, Seq ID: 1788895974715000000, Bids: 20, Asks: 20
[1788895975791] TUI Render Frame -> Synced: true, Seq ID: 1788895974715000000, Bids: 20, Asks: 20
[1788895975840] TUI Render Frame -> Synced: true, Seq ID: 1788895974715000000, Bids: 20, Asks: 20
[1788895975889] TUI Render Frame -> Synced: true, Seq ID: 1788895974715000000, Bids: 20, Asks: 20
[1788895975940] TUI Render Frame -> Synced: true, Seq ID: 1788895974715000000, Bids: 20, Asks: 20
[1788895975989] TUI Render Frame -> Synced: true, Seq ID: 1788895974715000000, Bids: 20, Asks: 20
[1788895976040] TUI Render Frame -> Synced: true, Seq ID: 1788895974715000000, Bids: 20, Asks: 20
[1788895976091] TUI Render Frame -> Synced: true, Seq ID: 1788895974715000000, Bids: 20, Asks: 20
[1788895976140] TUI Render Frame -> Synced: true, Seq ID: 1788895974715000000, Bids: 20, Asks: 20
[1788895976190] TUI Render Frame -> Synced: true, Seq ID: 1788895974715000000, Bids: 20, Asks: 20
[1788895976240] TUI Render Frame -> Synced: true, Seq ID: 1788895974715000000, Bids: 20, Asks: 20
[1788895976291] TUI Render Frame -> Synced: true, Seq ID: 1788895974715000000, Bids: 20, Asks: 20
[1788895976340] TUI Render Frame -> Synced: true, Seq ID: 1788895974715000000, Bids: 20, Asks: 20
[1788895976390] TUI Render Frame -> Synced: true, Seq ID: 1788895974715000000, Bids: 20, Asks: 20
[1788895976439] TUI Render Frame -> Synced: true, Seq ID: 1788895974715000000, Bids: 20, Asks: 20
[1788895976490] TUI Render Frame -> Synced: true, Seq ID: 1788895974715000000, Bids: 20, Asks: 20
[1788895976539] TUI Render Frame -> Synced: true, Seq ID: 1788895974715000000, Bids: 20, Asks: 20
[1788895976590] TUI Render Frame -> Synced: true, Seq ID: 1788895974715000000, Bids: 20, Asks: 20
[1788895976641] TUI Render Frame -> Synced: true, Seq ID: 1788895974715000000, Bids: 20, Asks: 20
[1788895976691] TUI Render Frame -> Synced: true, Seq ID: 1788895974715000000, Bids: 20, Asks: 20
[1788895976740] TUI Render Frame -> Synced: true, Seq ID: 1788895974715000000, Bids: 20, Asks: 20
[1788895976790] TUI Render Frame -> Synced: true, Seq ID: 1788895974715000000, Bids: 20, Asks: 20
[1788895976840] TUI Render Frame -> Synced: true, Seq ID: 1788895974715000000, Bids: 20, Asks: 20
[1788895976889] TUI Render Frame -> Synced: true, Seq ID: 1788895974715000000, Bids: 20, Asks: 20
[1788895976940] TUI Render Frame -> Synced: true, Seq ID: 1788895974715000000, Bids: 20, Asks: 20
[1788895976990] TUI Render Frame -> Synced: true, Seq ID: 1788895974715000000, Bids: 20, Asks: 20
[1788895977040] TUI Render Frame -> Synced: true, Seq ID: 1788895974715000000, Bids: 20, Asks: 20
[1788895977091] TUI Render Frame -> Synced: true, Seq ID: 1788895974715000000, Bids: 20, Asks: 20
[1788895977140] TUI Render Frame -> Synced: true, Seq ID: 1788895974715000000, Bids: 20, Asks: 20
[1788895977190] TUI Render Frame -> Synced: true, Seq ID: 1788895974715000000, Bids: 20, Asks: 20
[1788895977240] TUI Render Frame -> Synced: true, Seq ID: 1788895974715000000, Bids: 20, Asks: 20
[1788895977290] TUI Render Frame -> Synced: true, Seq ID: 1788895974715000000, Bids: 20, Asks: 20
[1788895977340] TUI Render Frame -> Synced: true, Seq ID: 1788895974715000000, Bids: 20, Asks: 20
[1788895977391] TUI Render Frame -> Synced: true, Seq ID: 1788895974715000000, Bids: 20, Asks: 20
[1788895977441] TUI Render Frame -> Synced: true, Seq ID: 1788895974715000000, Bids: 20, Asks: 20
[1788895977491] TUI Render Frame -> Synced: true, Seq ID: 1788895974715000000, Bids: 20, Asks: 20
[1788895977540] TUI Render Frame -> Synced: true, Seq ID: 1788895974715000000, Bids: 20, Asks: 20
[1788895977589] TUI Render Frame -> Synced: true, Seq ID: 1788895974715000000, Bids: 20, Asks: 20
[1788895977640] TUI Render Frame -> Synced: true, Seq ID: 1788895974715000000, Bids: 20, Asks: 20
[1788895977691] TUI Render Frame -> Synced: true, Seq ID: 1788895974715000000, Bids: 20, Asks: 20
[1788895977740] TUI Render Frame -> Synced: true, Seq ID: 1788895974715000000, Bids: 20, Asks: 20
[1788895977790] TUI Render Frame -> Synced: true, Seq ID: 1788895974715000000, Bids: 20, Asks: 20
[1788895977840] TUI Render Frame -> Synced: true, Seq ID: 1788895974715000000, Bids: 20, Asks: 20
[1788895977890] TUI Render Frame -> Synced: true, Seq ID: 1788895974715000000, Bids: 20, Asks: 20
[1788895977941] TUI Render Frame -> Synced: true, Seq ID: 1788895974715000000, Bids: 20, Asks: 20
[1788895977990] TUI Render Frame -> Synced: true, Seq ID: 1788895974715000000, Bids: 20, Asks: 20
[1788895978040] TUI Render Frame -> Synced: true, Seq ID: 1788895974715000000, Bids: 20, Asks: 20
[1788895978090] TUI Render Frame -> Synced: true, Seq ID: 1788895974715000000, Bids: 20, Asks: 20
[1788895978140] TUI Render Frame -> Synced: true, Seq ID: 1788895974715000000, Bids: 20, Asks: 20
[1788895978190] TUI Render Frame -> Synced: true, Seq ID: 1788895974715000000, Bids: 20, Asks: 20
[1788895978240] TUI Render Frame -> Synced: true, Seq ID: 1788895974715000000, Bids: 20, Asks: 20
[1788895978291] TUI Render Frame -> Synced: true, Seq ID: 1788895974715000000, Bids: 20, Asks: 20
[1788895978340] TUI Render Frame -> Synced: true, Seq ID: 1788895974715000000, Bids: 20, Asks: 20
[1788895978390] TUI Render Frame -> Synced: true, Seq ID: 1788895974715000000, Bids: 20, Asks: 20
[1788895978440] TUI Render Frame -> Synced: true, Seq ID: 1788895974715000000, Bids: 20, Asks: 20
[1788895978490] TUI Render Frame -> Synced: true, Seq ID: 1788895974715000000, Bids: 20, Asks: 20
[1788895978540] TUI Render Frame -> Synced: true, Seq ID: 1788895974715000000, Bids: 20, Asks: 20
[1788895978590] TUI Render Frame -> Synced: true, Seq ID: 1788895974715000000, Bids: 20, Asks: 20
[1788895978640] TUI Render Frame -> Synced: true, Seq ID: 1788895974715000000, Bids: 20, Asks: 20
[1788895978690] TUI Render Frame -> Synced: true, Seq ID: 1788895974715000000, Bids: 20, Asks: 20
[1788895978740] TUI Render Frame -> Synced: true, Seq ID: 1788895974715000000, Bids: 20, Asks: 20
[1788895978790] TUI Render Frame -> Synced: true, Seq ID: 1788895974715000000, Bids: 20, Asks: 20
[1788895978841] TUI Render Frame -> Synced: true, Seq ID: 1788895974715000000, Bids: 20, Asks: 20
[1788895978891] TUI Render Frame -> Synced: true, Seq ID: 1788895974715000000, Bids: 20, Asks: 20
[1788895978940] TUI Render Frame -> Synced: true, Seq ID: 1788895974715000000, Bids: 20, Asks: 20
[1788895978989] TUI Render Frame -> Synced: true, Seq ID: 1788895974715000000, Bids: 20, Asks: 20
[1788895979040] TUI Render Frame -> Synced: true, Seq ID: 1788895974715000000, Bids: 20, Asks: 20
[1788895979090] TUI Render Frame -> Synced: true, Seq ID: 1788895974715000000, Bids: 20, Asks: 20
[1788895979140] TUI Render Frame -> Synced: true, Seq ID: 1788895974715000000, Bids: 20, Asks: 20
[1788895979189] TUI Render Frame -> Synced: true, Seq ID: 1788895974715000000, Bids: 20, Asks: 20
[1788895979240] TUI Render Frame -> Synced: true, Seq ID: 1788895974715000000, Bids: 20, Asks: 20
[1788895979291] TUI Render Frame -> Synced: true, Seq ID: 1788895974715000000, Bids: 20, Asks: 20
[1788895979340] TUI Render Frame -> Synced: true, Seq ID: 1788895974715000000, Bids: 20, Asks: 20
[1788895979391] TUI Render Frame -> Synced: true, Seq ID: 1788895974715000000, Bids: 20, Asks: 20
[1788895979445] TUI Render Frame -> Synced: true, Seq ID: 1788895974715000000, Bids: 20, Asks: 20
[1788895979490] TUI Render Frame -> Synced: true, Seq ID: 1788895974715000000, Bids: 20, Asks: 20
[1788895979544] TUI Render Frame -> Synced: true, Seq ID: 1788895974715000000, Bids: 20, Asks: 20
[1788895979595] TUI Render Frame -> Synced: true, Seq ID: 1788895974715000000, Bids: 20, Asks: 20
[1788895979644] TUI Render Frame -> Synced: true, Seq ID: 1788895974715000000, Bids: 20, Asks: 20
[1788895979690] TUI Render Frame -> Synced: true, Seq ID: 1788895974715000000, Bids: 20, Asks: 20
[1788895979740] TUI Render Frame -> Synced: true, Seq ID: 1788895974715000000, Bids: 20, Asks: 20
[1788895979790] TUI Render Frame -> Synced: true, Seq ID: 1788895974715000000, Bids: 20, Asks: 20
[1788895979840] TUI Render Frame -> Synced: true, Seq ID: 1788895974715000000, Bids: 20, Asks: 20
[1788895979890] TUI Render Frame -> Synced: true, Seq ID: 1788895974715000000, Bids: 20, Asks: 20
[1788895979941] TUI Render Frame -> Synced: true, Seq ID: 1788895974715000000, Bids: 20, Asks: 20
[1788895979990] TUI Render Frame -> Synced: true, Seq ID: 1788895974715000000, Bids: 20, Asks: 20
[1788895980040] TUI Render Frame -> Synced: true, Seq ID: 1788895974715000000, Bids: 20, Asks: 20
[1788895980090] TUI Render Frame -> Synced: true, Seq ID: 1788895974715000000, Bids: 20, Asks: 20
[1788895980140] TUI Render Frame -> Synced: true, Seq ID: 1788895974715000000, Bids: 20, Asks: 20
[1788895980190] TUI Render Frame -> Synced: true, Seq ID: 1788895974715000000, Bids: 20, Asks: 20
[1788895980241] TUI Render Frame -> Synced: true, Seq ID: 1788895974715000000, Bids: 20, Asks: 20
[1788895980290] TUI Render Frame -> Synced: true, Seq ID: 1788895974715000000, Bids: 20, Asks: 20
[1788895980341] TUI Render Frame -> Synced: true, Seq ID: 1788895974715000000, Bids: 20, Asks: 20
[1788895980391] TUI Render Frame -> Synced: true, Seq ID: 1788895974715000000, Bids: 20, Asks: 20
[1788895980440] TUI Render Frame -> Synced: true, Seq ID: 1788895974715000000, Bids: 20, Asks: 20
[1788895980490] TUI Render Frame -> Synced: true, Seq ID: 1788895974715000000, Bids: 20, Asks: 20
[1788895980539] TUI Render Frame -> Synced: true, Seq ID: 1788895974715000000, Bids: 20, Asks: 20
[1788895980558] Msg #10: Depth received | Bids: 20, Asks: 20, Timestamp ID: 1788895980041000000
[1788895980558] Reconciler book exists: true
[1788895980558] ui_tx.send status: true, receiver count: 1
[1788895980590] TUI Render Frame -> Synced: true, Seq ID: 1788895980041000000, Bids: 20, Asks: 20
[1788895980640] TUI Render Frame -> Synced: true, Seq ID: 1788895980041000000, Bids: 20, Asks: 20
[1788895980690] TUI Render Frame -> Synced: true, Seq ID: 1788895980041000000, Bids: 20, Asks: 20
[1788895980740] TUI Render Frame -> Synced: true, Seq ID: 1788895980041000000, Bids: 20, Asks: 20
[1788895980789] TUI Render Frame -> Synced: true, Seq ID: 1788895980041000000, Bids: 20, Asks: 20
[1788895980840] TUI Render Frame -> Synced: true, Seq ID: 1788895980041000000, Bids: 20, Asks: 20
[1788895980890] TUI Render Frame -> Synced: true, Seq ID: 1788895980041000000, Bids: 20, Asks: 20
[1788895980947] TUI Render Frame -> Synced: true, Seq ID: 1788895980041000000, Bids: 20, Asks: 20
[1788895980990] TUI Render Frame -> Synced: true, Seq ID: 1788895980041000000, Bids: 20, Asks: 20
[1788895981040] TUI Render Frame -> Synced: true, Seq ID: 1788895980041000000, Bids: 20, Asks: 20
[1788895981090] TUI Render Frame -> Synced: true, Seq ID: 1788895980041000000, Bids: 20, Asks: 20
[1788895981140] TUI Render Frame -> Synced: true, Seq ID: 1788895980041000000, Bids: 20, Asks: 20
[1788895981190] TUI Render Frame -> Synced: true, Seq ID: 1788895980041000000, Bids: 20, Asks: 20
[1788895981239] TUI Render Frame -> Synced: true, Seq ID: 1788895980041000000, Bids: 20, Asks: 20
[1788895981291] TUI Render Frame -> Synced: true, Seq ID: 1788895980041000000, Bids: 20, Asks: 20
[1788895981340] TUI Render Frame -> Synced: true, Seq ID: 1788895980041000000, Bids: 20, Asks: 20
[1788895981391] TUI Render Frame -> Synced: true, Seq ID: 1788895980041000000, Bids: 20, Asks: 20
[1788895981440] TUI Render Frame -> Synced: true, Seq ID: 1788895980041000000, Bids: 20, Asks: 20
[1788895981490] TUI Render Frame -> Synced: true, Seq ID: 1788895980041000000, Bids: 20, Asks: 20
[1788895981540] TUI Render Frame -> Synced: true, Seq ID: 1788895980041000000, Bids: 20, Asks: 20
[1788895981591] TUI Render Frame -> Synced: true, Seq ID: 1788895980041000000, Bids: 20, Asks: 20
[1788895981640] TUI Render Frame -> Synced: true, Seq ID: 1788895980041000000, Bids: 20, Asks: 20
[1788895981690] TUI Render Frame -> Synced: true, Seq ID: 1788895980041000000, Bids: 20, Asks: 20
[1788895981740] TUI Render Frame -> Synced: true, Seq ID: 1788895980041000000, Bids: 20, Asks: 20
[1788895981790] TUI Render Frame -> Synced: true, Seq ID: 1788895980041000000, Bids: 20, Asks: 20
[1788895981840] TUI Render Frame -> Synced: true, Seq ID: 1788895980041000000, Bids: 20, Asks: 20
[1788895981890] TUI Render Frame -> Synced: true, Seq ID: 1788895980041000000, Bids: 20, Asks: 20
[1788895981940] TUI Render Frame -> Synced: true, Seq ID: 1788895980041000000, Bids: 20, Asks: 20
[1788895981990] TUI Render Frame -> Synced: true, Seq ID: 1788895980041000000, Bids: 20, Asks: 20
[1788895982040] TUI Render Frame -> Synced: true, Seq ID: 1788895980041000000, Bids: 20, Asks: 20
[1788895982090] TUI Render Frame -> Synced: true, Seq ID: 1788895980041000000, Bids: 20, Asks: 20
[1788895982140] TUI Render Frame -> Synced: true, Seq ID: 1788895980041000000, Bids: 20, Asks: 20
[1788895982190] TUI Render Frame -> Synced: true, Seq ID: 1788895980041000000, Bids: 20, Asks: 20
[1788895982240] TUI Render Frame -> Synced: true, Seq ID: 1788895980041000000, Bids: 20, Asks: 20
[1788895982290] TUI Render Frame -> Synced: true, Seq ID: 1788895980041000000, Bids: 20, Asks: 20
[1788895982340] TUI Render Frame -> Synced: true, Seq ID: 1788895980041000000, Bids: 20, Asks: 20
[1788895982390] TUI Render Frame -> Synced: true, Seq ID: 1788895980041000000, Bids: 20, Asks: 20
[1788895982441] TUI Render Frame -> Synced: true, Seq ID: 1788895980041000000, Bids: 20, Asks: 20
[1788895982490] TUI Render Frame -> Synced: true, Seq ID: 1788895980041000000, Bids: 20, Asks: 20
[1788895982540] TUI Render Frame -> Synced: true, Seq ID: 1788895980041000000, Bids: 20, Asks: 20
[1788895982591] TUI Render Frame -> Synced: true, Seq ID: 1788895980041000000, Bids: 20, Asks: 20
[1788895982640] TUI Render Frame -> Synced: true, Seq ID: 1788895980041000000, Bids: 20, Asks: 20
[1788895982690] TUI Render Frame -> Synced: true, Seq ID: 1788895980041000000, Bids: 20, Asks: 20
[1788895982740] TUI Render Frame -> Synced: true, Seq ID: 1788895980041000000, Bids: 20, Asks: 20
[1788895982791] TUI Render Frame -> Synced: true, Seq ID: 1788895980041000000, Bids: 20, Asks: 20
[1788895982839] TUI Render Frame -> Synced: true, Seq ID: 1788895980041000000, Bids: 20, Asks: 20
[1788895982891] TUI Render Frame -> Synced: true, Seq ID: 1788895980041000000, Bids: 20, Asks: 20
[1788895982941] TUI Render Frame -> Synced: true, Seq ID: 1788895980041000000, Bids: 20, Asks: 20
[1788895982991] TUI Render Frame -> Synced: true, Seq ID: 1788895980041000000, Bids: 20, Asks: 20
[1788895983040] TUI Render Frame -> Synced: true, Seq ID: 1788895980041000000, Bids: 20, Asks: 20
[1788895983090] TUI Render Frame -> Synced: true, Seq ID: 1788895980041000000, Bids: 20, Asks: 20
[1788895983141] TUI Render Frame -> Synced: true, Seq ID: 1788895980041000000, Bids: 20, Asks: 20
[1788895983191] TUI Render Frame -> Synced: true, Seq ID: 1788895980041000000, Bids: 20, Asks: 20
[1788895983241] TUI Render Frame -> Synced: true, Seq ID: 1788895980041000000, Bids: 20, Asks: 20
[1788895983290] TUI Render Frame -> Synced: true, Seq ID: 1788895980041000000, Bids: 20, Asks: 20
[1788895983340] TUI Render Frame -> Synced: true, Seq ID: 1788895980041000000, Bids: 20, Asks: 20
[1788895983390] TUI Render Frame -> Synced: true, Seq ID: 1788895980041000000, Bids: 20, Asks: 20
[1788895983440] TUI Render Frame -> Synced: true, Seq ID: 1788895980041000000, Bids: 20, Asks: 20
[1788895983491] TUI Render Frame -> Synced: true, Seq ID: 1788895980041000000, Bids: 20, Asks: 20
[1788895983540] TUI Render Frame -> Synced: true, Seq ID: 1788895980041000000, Bids: 20, Asks: 20
[1788895983590] TUI Render Frame -> Synced: true, Seq ID: 1788895980041000000, Bids: 20, Asks: 20
[1788895983640] TUI Render Frame -> Synced: true, Seq ID: 1788895980041000000, Bids: 20, Asks: 20
[1788895983691] TUI Render Frame -> Synced: true, Seq ID: 1788895980041000000, Bids: 20, Asks: 20
[1788895983740] TUI Render Frame -> Synced: true, Seq ID: 1788895980041000000, Bids: 20, Asks: 20
[1788895983790] TUI Render Frame -> Synced: true, Seq ID: 1788895980041000000, Bids: 20, Asks: 20
[1788895983841] TUI Render Frame -> Synced: true, Seq ID: 1788895980041000000, Bids: 20, Asks: 20
[1788895983890] TUI Render Frame -> Synced: true, Seq ID: 1788895980041000000, Bids: 20, Asks: 20
[1788895983941] TUI Render Frame -> Synced: true, Seq ID: 1788895980041000000, Bids: 20, Asks: 20
[1788895983990] TUI Render Frame -> Synced: true, Seq ID: 1788895980041000000, Bids: 20, Asks: 20
[1788895984040] TUI Render Frame -> Synced: true, Seq ID: 1788895980041000000, Bids: 20, Asks: 20
[1788895984090] TUI Render Frame -> Synced: true, Seq ID: 1788895980041000000, Bids: 20, Asks: 20
[1788895984140] TUI Render Frame -> Synced: true, Seq ID: 1788895980041000000, Bids: 20, Asks: 20
[1788895984190] TUI Render Frame -> Synced: true, Seq ID: 1788895980041000000, Bids: 20, Asks: 20
[1788895984240] TUI Render Frame -> Synced: true, Seq ID: 1788895980041000000, Bids: 20, Asks: 20
[1788895984291] TUI Render Frame -> Synced: true, Seq ID: 1788895980041000000, Bids: 20, Asks: 20
[1788895984341] TUI Render Frame -> Synced: true, Seq ID: 1788895980041000000, Bids: 20, Asks: 20
[1788895984391] TUI Render Frame -> Synced: true, Seq ID: 1788895980041000000, Bids: 20, Asks: 20
[1788895984440] TUI Render Frame -> Synced: true, Seq ID: 1788895980041000000, Bids: 20, Asks: 20
[1788895984490] TUI Render Frame -> Synced: true, Seq ID: 1788895980041000000, Bids: 20, Asks: 20
[1788895984540] TUI Render Frame -> Synced: true, Seq ID: 1788895980041000000, Bids: 20, Asks: 20
[1788895984590] TUI Render Frame -> Synced: true, Seq ID: 1788895980041000000, Bids: 20, Asks: 20
[1788895984641] TUI Render Frame -> Synced: true, Seq ID: 1788895980041000000, Bids: 20, Asks: 20
[1788895984690] TUI Render Frame -> Synced: true, Seq ID: 1788895980041000000, Bids: 20, Asks: 20
[1788895984741] TUI Render Frame -> Synced: true, Seq ID: 1788895980041000000, Bids: 20, Asks: 20
[1788895984790] TUI Render Frame -> Synced: true, Seq ID: 1788895980041000000, Bids: 20, Asks: 20
[1788895984840] TUI Render Frame -> Synced: true, Seq ID: 1788895980041000000, Bids: 20, Asks: 20
[1788895984890] TUI Render Frame -> Synced: true, Seq ID: 1788895980041000000, Bids: 20, Asks: 20
[1788895984939] TUI Render Frame -> Synced: true, Seq ID: 1788895980041000000, Bids: 20, Asks: 20
[1788895984990] TUI Render Frame -> Synced: true, Seq ID: 1788895980041000000, Bids: 20, Asks: 20
[1788895985040] TUI Render Frame -> Synced: true, Seq ID: 1788895980041000000, Bids: 20, Asks: 20
[1788895985090] TUI Render Frame -> Synced: true, Seq ID: 1788895980041000000, Bids: 20, Asks: 20
[1788895985140] TUI Render Frame -> Synced: true, Seq ID: 1788895980041000000, Bids: 20, Asks: 20
[1788895985190] TUI Render Frame -> Synced: true, Seq ID: 1788895980041000000, Bids: 20, Asks: 20
[1788895985240] TUI Render Frame -> Synced: true, Seq ID: 1788895980041000000, Bids: 20, Asks: 20
[1788895985291] TUI Render Frame -> Synced: true, Seq ID: 1788895980041000000, Bids: 20, Asks: 20
[1788895985340] TUI Render Frame -> Synced: true, Seq ID: 1788895980041000000, Bids: 20, Asks: 20
[1788895985390] TUI Render Frame -> Synced: true, Seq ID: 1788895980041000000, Bids: 20, Asks: 20
[1788895985440] TUI Render Frame -> Synced: true, Seq ID: 1788895980041000000, Bids: 20, Asks: 20
[1788895985490] TUI Render Frame -> Synced: true, Seq ID: 1788895980041000000, Bids: 20, Asks: 20
[1788895985541] TUI Render Frame -> Synced: true, Seq ID: 1788895980041000000, Bids: 20, Asks: 20
[1788895985589] TUI Render Frame -> Synced: true, Seq ID: 1788895980041000000, Bids: 20, Asks: 20
[1788895985641] TUI Render Frame -> Synced: true, Seq ID: 1788895980041000000, Bids: 20, Asks: 20
[1788895985691] TUI Render Frame -> Synced: true, Seq ID: 1788895980041000000, Bids: 20, Asks: 20
[1788895985740] TUI Render Frame -> Synced: true, Seq ID: 1788895980041000000, Bids: 20, Asks: 20
[1788895985790] TUI Render Frame -> Synced: true, Seq ID: 1788895980041000000, Bids: 20, Asks: 20
[1788895985837] Msg #11: Depth received | Bids: 20, Asks: 20, Timestamp ID: 1788895985449000000
[1788895985837] Reconciler book exists: true
[1788895985838] ui_tx.send status: true, receiver count: 1
[1788895985839] TUI Render Frame -> Synced: true, Seq ID: 1788895985449000000, Bids: 20, Asks: 20
[1788895985890] TUI Render Frame -> Synced: true, Seq ID: 1788895985449000000, Bids: 20, Asks: 20
[1788895985940] TUI Render Frame -> Synced: true, Seq ID: 1788895985449000000, Bids: 20, Asks: 20
[1788895985990] TUI Render Frame -> Synced: true, Seq ID: 1788895985449000000, Bids: 20, Asks: 20
[1788895986039] TUI Render Frame -> Synced: true, Seq ID: 1788895985449000000, Bids: 20, Asks: 20
[1788895986090] TUI Render Frame -> Synced: true, Seq ID: 1788895985449000000, Bids: 20, Asks: 20
[1788895986140] TUI Render Frame -> Synced: true, Seq ID: 1788895985449000000, Bids: 20, Asks: 20
[1788895986190] TUI Render Frame -> Synced: true, Seq ID: 1788895985449000000, Bids: 20, Asks: 20
[1788895986240] TUI Render Frame -> Synced: true, Seq ID: 1788895985449000000, Bids: 20, Asks: 20
[1788895986290] TUI Render Frame -> Synced: true, Seq ID: 1788895985449000000, Bids: 20, Asks: 20
[1788895986340] TUI Render Frame -> Synced: true, Seq ID: 1788895985449000000, Bids: 20, Asks: 20
[1788895986390] TUI Render Frame -> Synced: true, Seq ID: 1788895985449000000, Bids: 20, Asks: 20
[1788895986441] TUI Render Frame -> Synced: true, Seq ID: 1788895985449000000, Bids: 20, Asks: 20
[1788895986490] TUI Render Frame -> Synced: true, Seq ID: 1788895985449000000, Bids: 20, Asks: 20
[1788895986541] TUI Render Frame -> Synced: true, Seq ID: 1788895985449000000, Bids: 20, Asks: 20
[1788895986591] TUI Render Frame -> Synced: true, Seq ID: 1788895985449000000, Bids: 20, Asks: 20
[1788895986640] TUI Render Frame -> Synced: true, Seq ID: 1788895985449000000, Bids: 20, Asks: 20
[1788895986690] TUI Render Frame -> Synced: true, Seq ID: 1788895985449000000, Bids: 20, Asks: 20
[1788895986740] TUI Render Frame -> Synced: true, Seq ID: 1788895985449000000, Bids: 20, Asks: 20
[1788895986790] TUI Render Frame -> Synced: true, Seq ID: 1788895985449000000, Bids: 20, Asks: 20
[1788895986840] TUI Render Frame -> Synced: true, Seq ID: 1788895985449000000, Bids: 20, Asks: 20
[1788895986890] TUI Render Frame -> Synced: true, Seq ID: 1788895985449000000, Bids: 20, Asks: 20
[1788895986940] TUI Render Frame -> Synced: true, Seq ID: 1788895985449000000, Bids: 20, Asks: 20
[1788895986990] TUI Render Frame -> Synced: true, Seq ID: 1788895985449000000, Bids: 20, Asks: 20
[1788895987040] TUI Render Frame -> Synced: true, Seq ID: 1788895985449000000, Bids: 20, Asks: 20
[1788895987091] TUI Render Frame -> Synced: true, Seq ID: 1788895985449000000, Bids: 20, Asks: 20
[1788895987140] TUI Render Frame -> Synced: true, Seq ID: 1788895985449000000, Bids: 20, Asks: 20
[1788895987189] TUI Render Frame -> Synced: true, Seq ID: 1788895985449000000, Bids: 20, Asks: 20
[1788895987240] TUI Render Frame -> Synced: true, Seq ID: 1788895985449000000, Bids: 20, Asks: 20
[1788895987290] TUI Render Frame -> Synced: true, Seq ID: 1788895985449000000, Bids: 20, Asks: 20
[1788895987340] TUI Render Frame -> Synced: true, Seq ID: 1788895985449000000, Bids: 20, Asks: 20
[1788895987390] TUI Render Frame -> Synced: true, Seq ID: 1788895985449000000, Bids: 20, Asks: 20
[1788895987440] TUI Render Frame -> Synced: true, Seq ID: 1788895985449000000, Bids: 20, Asks: 20
[1788895987490] TUI Render Frame -> Synced: true, Seq ID: 1788895985449000000, Bids: 20, Asks: 20
[1788895987540] TUI Render Frame -> Synced: true, Seq ID: 1788895985449000000, Bids: 20, Asks: 20
[1788895987590] TUI Render Frame -> Synced: true, Seq ID: 1788895985449000000, Bids: 20, Asks: 20
[1788895987639] TUI Render Frame -> Synced: true, Seq ID: 1788895985449000000, Bids: 20, Asks: 20
[1788895987690] TUI Render Frame -> Synced: true, Seq ID: 1788895985449000000, Bids: 20, Asks: 20
[1788895987740] TUI Render Frame -> Synced: true, Seq ID: 1788895985449000000, Bids: 20, Asks: 20
[1788895987790] TUI Render Frame -> Synced: true, Seq ID: 1788895985449000000, Bids: 20, Asks: 20
[1788895987840] TUI Render Frame -> Synced: true, Seq ID: 1788895985449000000, Bids: 20, Asks: 20
[1788895987890] TUI Render Frame -> Synced: true, Seq ID: 1788895985449000000, Bids: 20, Asks: 20
[1788895987941] TUI Render Frame -> Synced: true, Seq ID: 1788895985449000000, Bids: 20, Asks: 20
[1788895987990] TUI Render Frame -> Synced: true, Seq ID: 1788895985449000000, Bids: 20, Asks: 20
[1788895988041] TUI Render Frame -> Synced: true, Seq ID: 1788895985449000000, Bids: 20, Asks: 20
[1788895988089] TUI Render Frame -> Synced: true, Seq ID: 1788895985449000000, Bids: 20, Asks: 20
[1788895988140] TUI Render Frame -> Synced: true, Seq ID: 1788895985449000000, Bids: 20, Asks: 20
[1788895988191] TUI Render Frame -> Synced: true, Seq ID: 1788895985449000000, Bids: 20, Asks: 20
[1788895988240] TUI Render Frame -> Synced: true, Seq ID: 1788895985449000000, Bids: 20, Asks: 20
[1788895988290] TUI Render Frame -> Synced: true, Seq ID: 1788895985449000000, Bids: 20, Asks: 20
[1788895988340] TUI Render Frame -> Synced: true, Seq ID: 1788895985449000000, Bids: 20, Asks: 20
[1788895988390] TUI Render Frame -> Synced: true, Seq ID: 1788895985449000000, Bids: 20, Asks: 20
[1788895988440] TUI Render Frame -> Synced: true, Seq ID: 1788895985449000000, Bids: 20, Asks: 20
[1788895988489] TUI Render Frame -> Synced: true, Seq ID: 1788895985449000000, Bids: 20, Asks: 20
[1788895988541] TUI Render Frame -> Synced: true, Seq ID: 1788895985449000000, Bids: 20, Asks: 20
[1788895988590] TUI Render Frame -> Synced: true, Seq ID: 1788895985449000000, Bids: 20, Asks: 20
[1788895988640] TUI Render Frame -> Synced: true, Seq ID: 1788895985449000000, Bids: 20, Asks: 20
[1788895988690] TUI Render Frame -> Synced: true, Seq ID: 1788895985449000000, Bids: 20, Asks: 20
[1788895988740] TUI Render Frame -> Synced: true, Seq ID: 1788895985449000000, Bids: 20, Asks: 20
[1788895988789] TUI Render Frame -> Synced: true, Seq ID: 1788895985449000000, Bids: 20, Asks: 20
[1788895988841] TUI Render Frame -> Synced: true, Seq ID: 1788895985449000000, Bids: 20, Asks: 20
[1788895988891] TUI Render Frame -> Synced: true, Seq ID: 1788895985449000000, Bids: 20, Asks: 20
[1788895988940] TUI Render Frame -> Synced: true, Seq ID: 1788895985449000000, Bids: 20, Asks: 20
[1788895988991] TUI Render Frame -> Synced: true, Seq ID: 1788895985449000000, Bids: 20, Asks: 20
[1788895989041] TUI Render Frame -> Synced: true, Seq ID: 1788895985449000000, Bids: 20, Asks: 20
[1788895989090] TUI Render Frame -> Synced: true, Seq ID: 1788895985449000000, Bids: 20, Asks: 20
[1788895989140] TUI Render Frame -> Synced: true, Seq ID: 1788895985449000000, Bids: 20, Asks: 20
[1788895989190] TUI Render Frame -> Synced: true, Seq ID: 1788895985449000000, Bids: 20, Asks: 20
[1788895989239] TUI Render Frame -> Synced: true, Seq ID: 1788895985449000000, Bids: 20, Asks: 20
[1788895989290] TUI Render Frame -> Synced: true, Seq ID: 1788895985449000000, Bids: 20, Asks: 20
[1788895989339] TUI Render Frame -> Synced: true, Seq ID: 1788895985449000000, Bids: 20, Asks: 20
[1788895989390] TUI Render Frame -> Synced: true, Seq ID: 1788895985449000000, Bids: 20, Asks: 20
[1788895989441] TUI Render Frame -> Synced: true, Seq ID: 1788895985449000000, Bids: 20, Asks: 20
[1788895989491] TUI Render Frame -> Synced: true, Seq ID: 1788895985449000000, Bids: 20, Asks: 20
[1788895989540] TUI Render Frame -> Synced: true, Seq ID: 1788895985449000000, Bids: 20, Asks: 20
[1788895989590] TUI Render Frame -> Synced: true, Seq ID: 1788895985449000000, Bids: 20, Asks: 20
[1788895989641] TUI Render Frame -> Synced: true, Seq ID: 1788895985449000000, Bids: 20, Asks: 20
[1788895989690] TUI Render Frame -> Synced: true, Seq ID: 1788895985449000000, Bids: 20, Asks: 20
[1788895989741] TUI Render Frame -> Synced: true, Seq ID: 1788895985449000000, Bids: 20, Asks: 20
[1788895989791] TUI Render Frame -> Synced: true, Seq ID: 1788895985449000000, Bids: 20, Asks: 20
[1788895989840] TUI Render Frame -> Synced: true, Seq ID: 1788895985449000000, Bids: 20, Asks: 20
[1788895989891] TUI Render Frame -> Synced: true, Seq ID: 1788895985449000000, Bids: 20, Asks: 20
[1788895989940] TUI Render Frame -> Synced: true, Seq ID: 1788895985449000000, Bids: 20, Asks: 20
[1788895989990] TUI Render Frame -> Synced: true, Seq ID: 1788895985449000000, Bids: 20, Asks: 20
[1788895990041] TUI Render Frame -> Synced: true, Seq ID: 1788895985449000000, Bids: 20, Asks: 20
[1788895990091] TUI Render Frame -> Synced: true, Seq ID: 1788895985449000000, Bids: 20, Asks: 20
[1788895990139] TUI Render Frame -> Synced: true, Seq ID: 1788895985449000000, Bids: 20, Asks: 20
[1788895990190] TUI Render Frame -> Synced: true, Seq ID: 1788895985449000000, Bids: 20, Asks: 20
[1788895990241] TUI Render Frame -> Synced: true, Seq ID: 1788895985449000000, Bids: 20, Asks: 20
[1788895990290] TUI Render Frame -> Synced: true, Seq ID: 1788895985449000000, Bids: 20, Asks: 20
[1788895990341] TUI Render Frame -> Synced: true, Seq ID: 1788895985449000000, Bids: 20, Asks: 20
[1788895990389] TUI Render Frame -> Synced: true, Seq ID: 1788895985449000000, Bids: 20, Asks: 20
[1788895990441] TUI Render Frame -> Synced: true, Seq ID: 1788895985449000000, Bids: 20, Asks: 20
[1788895990490] TUI Render Frame -> Synced: true, Seq ID: 1788895985449000000, Bids: 20, Asks: 20
[1788895990540] TUI Render Frame -> Synced: true, Seq ID: 1788895985449000000, Bids: 20, Asks: 20
[1788895990590] TUI Render Frame -> Synced: true, Seq ID: 1788895985449000000, Bids: 20, Asks: 20
[1788895990641] TUI Render Frame -> Synced: true, Seq ID: 1788895985449000000, Bids: 20, Asks: 20
[1788895990690] TUI Render Frame -> Synced: true, Seq ID: 1788895985449000000, Bids: 20, Asks: 20
[1788895990741] TUI Render Frame -> Synced: true, Seq ID: 1788895985449000000, Bids: 20, Asks: 20
[1788895990790] TUI Render Frame -> Synced: true, Seq ID: 1788895985449000000, Bids: 20, Asks: 20
[1788895990840] TUI Render Frame -> Synced: true, Seq ID: 1788895985449000000, Bids: 20, Asks: 20
[1788895990891] TUI Render Frame -> Synced: true, Seq ID: 1788895985449000000, Bids: 20, Asks: 20
[1788895990941] TUI Render Frame -> Synced: true, Seq ID: 1788895985449000000, Bids: 20, Asks: 20
[1788895990990] TUI Render Frame -> Synced: true, Seq ID: 1788895985449000000, Bids: 20, Asks: 20
[1788895991040] TUI Render Frame -> Synced: true, Seq ID: 1788895985449000000, Bids: 20, Asks: 20
[1788895991090] TUI Render Frame -> Synced: true, Seq ID: 1788895985449000000, Bids: 20, Asks: 20
[1788895991140] TUI Render Frame -> Synced: true, Seq ID: 1788895985449000000, Bids: 20, Asks: 20
[1788895991191] TUI Render Frame -> Synced: true, Seq ID: 1788895985449000000, Bids: 20, Asks: 20
[1788895991207] Msg #12: Depth received | Bids: 20, Asks: 20, Timestamp ID: 1788895990822000000
[1788895991207] Reconciler book exists: true
[1788895991207] ui_tx.send status: true, receiver count: 1
[1788895991240] TUI Render Frame -> Synced: true, Seq ID: 1788895990822000000, Bids: 20, Asks: 20
[1788895991289] TUI Render Frame -> Synced: true, Seq ID: 1788895990822000000, Bids: 20, Asks: 20
[1788895991340] TUI Render Frame -> Synced: true, Seq ID: 1788895990822000000, Bids: 20, Asks: 20
[1788895991391] TUI Render Frame -> Synced: true, Seq ID: 1788895990822000000, Bids: 20, Asks: 20
[1788895991440] TUI Render Frame -> Synced: true, Seq ID: 1788895990822000000, Bids: 20, Asks: 20
[1788895991490] TUI Render Frame -> Synced: true, Seq ID: 1788895990822000000, Bids: 20, Asks: 20
[1788895991539] TUI Render Frame -> Synced: true, Seq ID: 1788895990822000000, Bids: 20, Asks: 20
[1788895991591] TUI Render Frame -> Synced: true, Seq ID: 1788895990822000000, Bids: 20, Asks: 20
[1788895991640] TUI Render Frame -> Synced: true, Seq ID: 1788895990822000000, Bids: 20, Asks: 20
[1788895991690] TUI Render Frame -> Synced: true, Seq ID: 1788895990822000000, Bids: 20, Asks: 20
[1788895991740] TUI Render Frame -> Synced: true, Seq ID: 1788895990822000000, Bids: 20, Asks: 20
[1788895991790] TUI Render Frame -> Synced: true, Seq ID: 1788895990822000000, Bids: 20, Asks: 20
[1788895991840] TUI Render Frame -> Synced: true, Seq ID: 1788895990822000000, Bids: 20, Asks: 20
[1788895991891] TUI Render Frame -> Synced: true, Seq ID: 1788895990822000000, Bids: 20, Asks: 20
[1788895991941] TUI Render Frame -> Synced: true, Seq ID: 1788895990822000000, Bids: 20, Asks: 20
[1788895991989] TUI Render Frame -> Synced: true, Seq ID: 1788895990822000000, Bids: 20, Asks: 20
[1788895992041] TUI Render Frame -> Synced: true, Seq ID: 1788895990822000000, Bids: 20, Asks: 20
[1788895992091] TUI Render Frame -> Synced: true, Seq ID: 1788895990822000000, Bids: 20, Asks: 20
[1788895992141] TUI Render Frame -> Synced: true, Seq ID: 1788895990822000000, Bids: 20, Asks: 20
[1788895992190] TUI Render Frame -> Synced: true, Seq ID: 1788895990822000000, Bids: 20, Asks: 20
[1788895992240] TUI Render Frame -> Synced: true, Seq ID: 1788895990822000000, Bids: 20, Asks: 20
[1788895992291] TUI Render Frame -> Synced: true, Seq ID: 1788895990822000000, Bids: 20, Asks: 20
[1788895992341] TUI Render Frame -> Synced: true, Seq ID: 1788895990822000000, Bids: 20, Asks: 20
[1788895992390] TUI Render Frame -> Synced: true, Seq ID: 1788895990822000000, Bids: 20, Asks: 20
[1788895992440] TUI Render Frame -> Synced: true, Seq ID: 1788895990822000000, Bids: 20, Asks: 20
[1788895992490] TUI Render Frame -> Synced: true, Seq ID: 1788895990822000000, Bids: 20, Asks: 20
[1788895992541] TUI Render Frame -> Synced: true, Seq ID: 1788895990822000000, Bids: 20, Asks: 20
[1788895992591] TUI Render Frame -> Synced: true, Seq ID: 1788895990822000000, Bids: 20, Asks: 20
[1788895992639] TUI Render Frame -> Synced: true, Seq ID: 1788895990822000000, Bids: 20, Asks: 20
[1788895992691] TUI Render Frame -> Synced: true, Seq ID: 1788895990822000000, Bids: 20, Asks: 20
[1788895992740] TUI Render Frame -> Synced: true, Seq ID: 1788895990822000000, Bids: 20, Asks: 20
[1788895992791] TUI Render Frame -> Synced: true, Seq ID: 1788895990822000000, Bids: 20, Asks: 20
[1788895992840] TUI Render Frame -> Synced: true, Seq ID: 1788895990822000000, Bids: 20, Asks: 20
[1788895992890] TUI Render Frame -> Synced: true, Seq ID: 1788895990822000000, Bids: 20, Asks: 20
[1788895992941] TUI Render Frame -> Synced: true, Seq ID: 1788895990822000000, Bids: 20, Asks: 20
[1788895992990] TUI Render Frame -> Synced: true, Seq ID: 1788895990822000000, Bids: 20, Asks: 20
[1788895993041] TUI Render Frame -> Synced: true, Seq ID: 1788895990822000000, Bids: 20, Asks: 20
[1788895993090] TUI Render Frame -> Synced: true, Seq ID: 1788895990822000000, Bids: 20, Asks: 20
[1788895993140] TUI Render Frame -> Synced: true, Seq ID: 1788895990822000000, Bids: 20, Asks: 20
[1788895993191] TUI Render Frame -> Synced: true, Seq ID: 1788895990822000000, Bids: 20, Asks: 20
[1788895993241] TUI Render Frame -> Synced: true, Seq ID: 1788895990822000000, Bids: 20, Asks: 20
[1788895993290] TUI Render Frame -> Synced: true, Seq ID: 1788895990822000000, Bids: 20, Asks: 20
[1788895993340] TUI Render Frame -> Synced: true, Seq ID: 1788895990822000000, Bids: 20, Asks: 20
[1788895993390] TUI Render Frame -> Synced: true, Seq ID: 1788895990822000000, Bids: 20, Asks: 20
[1788895993440] TUI Render Frame -> Synced: true, Seq ID: 1788895990822000000, Bids: 20, Asks: 20
[1788895993490] TUI Render Frame -> Synced: true, Seq ID: 1788895990822000000, Bids: 20, Asks: 20
[1788895993541] TUI Render Frame -> Synced: true, Seq ID: 1788895990822000000, Bids: 20, Asks: 20
[1788895993590] TUI Render Frame -> Synced: true, Seq ID: 1788895990822000000, Bids: 20, Asks: 20
[1788895993640] TUI Render Frame -> Synced: true, Seq ID: 1788895990822000000, Bids: 20, Asks: 20
[1788895993691] TUI Render Frame -> Synced: true, Seq ID: 1788895990822000000, Bids: 20, Asks: 20
[1788895993740] TUI Render Frame -> Synced: true, Seq ID: 1788895990822000000, Bids: 20, Asks: 20
[1788895993790] TUI Render Frame -> Synced: true, Seq ID: 1788895990822000000, Bids: 20, Asks: 20
[1788895993841] TUI Render Frame -> Synced: true, Seq ID: 1788895990822000000, Bids: 20, Asks: 20
[1788895993890] TUI Render Frame -> Synced: true, Seq ID: 1788895990822000000, Bids: 20, Asks: 20
[1788895993941] TUI Render Frame -> Synced: true, Seq ID: 1788895990822000000, Bids: 20, Asks: 20
[1788895993990] TUI Render Frame -> Synced: true, Seq ID: 1788895990822000000, Bids: 20, Asks: 20
[1788895994040] TUI Render Frame -> Synced: true, Seq ID: 1788895990822000000, Bids: 20, Asks: 20
[1788895994090] TUI Render Frame -> Synced: true, Seq ID: 1788895990822000000, Bids: 20, Asks: 20
[1788895994141] TUI Render Frame -> Synced: true, Seq ID: 1788895990822000000, Bids: 20, Asks: 20
[1788895994191] TUI Render Frame -> Synced: true, Seq ID: 1788895990822000000, Bids: 20, Asks: 20
[1788895994240] TUI Render Frame -> Synced: true, Seq ID: 1788895990822000000, Bids: 20, Asks: 20
[1788895994291] TUI Render Frame -> Synced: true, Seq ID: 1788895990822000000, Bids: 20, Asks: 20
[1788895994341] TUI Render Frame -> Synced: true, Seq ID: 1788895990822000000, Bids: 20, Asks: 20
[1788895994390] TUI Render Frame -> Synced: true, Seq ID: 1788895990822000000, Bids: 20, Asks: 20
[1788895994440] TUI Render Frame -> Synced: true, Seq ID: 1788895990822000000, Bids: 20, Asks: 20
[1788895994490] TUI Render Frame -> Synced: true, Seq ID: 1788895990822000000, Bids: 20, Asks: 20
[1788895994540] TUI Render Frame -> Synced: true, Seq ID: 1788895990822000000, Bids: 20, Asks: 20
[1788895994591] TUI Render Frame -> Synced: true, Seq ID: 1788895990822000000, Bids: 20, Asks: 20
[1788895994641] TUI Render Frame -> Synced: true, Seq ID: 1788895990822000000, Bids: 20, Asks: 20
[1788895994691] TUI Render Frame -> Synced: true, Seq ID: 1788895990822000000, Bids: 20, Asks: 20
[1788895994741] TUI Render Frame -> Synced: true, Seq ID: 1788895990822000000, Bids: 20, Asks: 20
[1788895994790] TUI Render Frame -> Synced: true, Seq ID: 1788895990822000000, Bids: 20, Asks: 20
[1788895994841] TUI Render Frame -> Synced: true, Seq ID: 1788895990822000000, Bids: 20, Asks: 20
[1788895994890] TUI Render Frame -> Synced: true, Seq ID: 1788895990822000000, Bids: 20, Asks: 20
[1788895994940] TUI Render Frame -> Synced: true, Seq ID: 1788895990822000000, Bids: 20, Asks: 20
[1788895994990] TUI Render Frame -> Synced: true, Seq ID: 1788895990822000000, Bids: 20, Asks: 20
[1788895995040] TUI Render Frame -> Synced: true, Seq ID: 1788895990822000000, Bids: 20, Asks: 20
[1788895995091] TUI Render Frame -> Synced: true, Seq ID: 1788895990822000000, Bids: 20, Asks: 20
[1788895995140] TUI Render Frame -> Synced: true, Seq ID: 1788895990822000000, Bids: 20, Asks: 20
[1788895995190] TUI Render Frame -> Synced: true, Seq ID: 1788895990822000000, Bids: 20, Asks: 20
[1788895995241] TUI Render Frame -> Synced: true, Seq ID: 1788895990822000000, Bids: 20, Asks: 20
[1788895995290] TUI Render Frame -> Synced: true, Seq ID: 1788895990822000000, Bids: 20, Asks: 20
[1788895995340] TUI Render Frame -> Synced: true, Seq ID: 1788895990822000000, Bids: 20, Asks: 20
[1788895995391] TUI Render Frame -> Synced: true, Seq ID: 1788895990822000000, Bids: 20, Asks: 20
[1788895995440] TUI Render Frame -> Synced: true, Seq ID: 1788895990822000000, Bids: 20, Asks: 20
[1788895995490] TUI Render Frame -> Synced: true, Seq ID: 1788895990822000000, Bids: 20, Asks: 20
[1788895995541] TUI Render Frame -> Synced: true, Seq ID: 1788895990822000000, Bids: 20, Asks: 20
[1788895995591] TUI Render Frame -> Synced: true, Seq ID: 1788895990822000000, Bids: 20, Asks: 20
[1788895995639] TUI Render Frame -> Synced: true, Seq ID: 1788895990822000000, Bids: 20, Asks: 20
[1788895995690] TUI Render Frame -> Synced: true, Seq ID: 1788895990822000000, Bids: 20, Asks: 20
[1788895995740] TUI Render Frame -> Synced: true, Seq ID: 1788895990822000000, Bids: 20, Asks: 20
[1788895995790] TUI Render Frame -> Synced: true, Seq ID: 1788895990822000000, Bids: 20, Asks: 20
[1788895995841] TUI Render Frame -> Synced: true, Seq ID: 1788895990822000000, Bids: 20, Asks: 20
[1788895995891] TUI Render Frame -> Synced: true, Seq ID: 1788895990822000000, Bids: 20, Asks: 20
[1788895995940] TUI Render Frame -> Synced: true, Seq ID: 1788895990822000000, Bids: 20, Asks: 20
[1788895995990] TUI Render Frame -> Synced: true, Seq ID: 1788895990822000000, Bids: 20, Asks: 20
[1788895996041] TUI Render Frame -> Synced: true, Seq ID: 1788895990822000000, Bids: 20, Asks: 20
[1788895996090] TUI Render Frame -> Synced: true, Seq ID: 1788895990822000000, Bids: 20, Asks: 20
[1788895996141] TUI Render Frame -> Synced: true, Seq ID: 1788895990822000000, Bids: 20, Asks: 20
[1788895996190] TUI Render Frame -> Synced: true, Seq ID: 1788895990822000000, Bids: 20, Asks: 20
[1788895996240] TUI Render Frame -> Synced: true, Seq ID: 1788895990822000000, Bids: 20, Asks: 20
[1788895996290] TUI Render Frame -> Synced: true, Seq ID: 1788895990822000000, Bids: 20, Asks: 20
[1788895996340] TUI Render Frame -> Synced: true, Seq ID: 1788895990822000000, Bids: 20, Asks: 20
[1788895996390] TUI Render Frame -> Synced: true, Seq ID: 1788895990822000000, Bids: 20, Asks: 20
[1788895996441] TUI Render Frame -> Synced: true, Seq ID: 1788895990822000000, Bids: 20, Asks: 20
[1788895996491] TUI Render Frame -> Synced: true, Seq ID: 1788895990822000000, Bids: 20, Asks: 20
[1788895996541] TUI Render Frame -> Synced: true, Seq ID: 1788895990822000000, Bids: 20, Asks: 20
[1788895996590] TUI Render Frame -> Synced: true, Seq ID: 1788895990822000000, Bids: 20, Asks: 20
[1788895996640] TUI Render Frame -> Synced: true, Seq ID: 1788895990822000000, Bids: 20, Asks: 20
[1788895996673] Msg #13: Depth received | Bids: 20, Asks: 20, Timestamp ID: 1788895996230000000
[1788895996673] Reconciler book exists: true
[1788895996673] ui_tx.send status: true, receiver count: 1
[1788895996690] TUI Render Frame -> Synced: true, Seq ID: 1788895996230000000, Bids: 20, Asks: 20
[1788895996740] TUI Render Frame -> Synced: true, Seq ID: 1788895996230000000, Bids: 20, Asks: 20
[1788895996789] TUI Render Frame -> Synced: true, Seq ID: 1788895996230000000, Bids: 20, Asks: 20
[1788895996841] TUI Render Frame -> Synced: true, Seq ID: 1788895996230000000, Bids: 20, Asks: 20
[1788895996891] TUI Render Frame -> Synced: true, Seq ID: 1788895996230000000, Bids: 20, Asks: 20
[1788895996941] TUI Render Frame -> Synced: true, Seq ID: 1788895996230000000, Bids: 20, Asks: 20
[1788895996990] TUI Render Frame -> Synced: true, Seq ID: 1788895996230000000, Bids: 20, Asks: 20
[1788895997040] TUI Render Frame -> Synced: true, Seq ID: 1788895996230000000, Bids: 20, Asks: 20
[1788895997091] TUI Render Frame -> Synced: true, Seq ID: 1788895996230000000, Bids: 20, Asks: 20
[1788895997139] TUI Render Frame -> Synced: true, Seq ID: 1788895996230000000, Bids: 20, Asks: 20
[1788895997190] TUI Render Frame -> Synced: true, Seq ID: 1788895996230000000, Bids: 20, Asks: 20
[1788895997240] TUI Render Frame -> Synced: true, Seq ID: 1788895996230000000, Bids: 20, Asks: 20
[1788895997290] TUI Render Frame -> Synced: true, Seq ID: 1788895996230000000, Bids: 20, Asks: 20
[1788895997340] TUI Render Frame -> Synced: true, Seq ID: 1788895996230000000, Bids: 20, Asks: 20
[1788895997391] TUI Render Frame -> Synced: true, Seq ID: 1788895996230000000, Bids: 20, Asks: 20
[1788895997440] TUI Render Frame -> Synced: true, Seq ID: 1788895996230000000, Bids: 20, Asks: 20
[1788895997491] TUI Render Frame -> Synced: true, Seq ID: 1788895996230000000, Bids: 20, Asks: 20
[1788895997541] TUI Render Frame -> Synced: true, Seq ID: 1788895996230000000, Bids: 20, Asks: 20
[1788895997591] TUI Render Frame -> Synced: true, Seq ID: 1788895996230000000, Bids: 20, Asks: 20
[1788895997640] TUI Render Frame -> Synced: true, Seq ID: 1788895996230000000, Bids: 20, Asks: 20
[1788895997689] TUI Render Frame -> Synced: true, Seq ID: 1788895996230000000, Bids: 20, Asks: 20
[1788895997741] TUI Render Frame -> Synced: true, Seq ID: 1788895996230000000, Bids: 20, Asks: 20
[1788895997790] TUI Render Frame -> Synced: true, Seq ID: 1788895996230000000, Bids: 20, Asks: 20
[1788895997841] TUI Render Frame -> Synced: true, Seq ID: 1788895996230000000, Bids: 20, Asks: 20
[1788895997890] TUI Render Frame -> Synced: true, Seq ID: 1788895996230000000, Bids: 20, Asks: 20
[1788895997941] TUI Render Frame -> Synced: true, Seq ID: 1788895996230000000, Bids: 20, Asks: 20
[1788895997990] TUI Render Frame -> Synced: true, Seq ID: 1788895996230000000, Bids: 20, Asks: 20
[1788895998040] TUI Render Frame -> Synced: true, Seq ID: 1788895996230000000, Bids: 20, Asks: 20
[1788895998091] TUI Render Frame -> Synced: true, Seq ID: 1788895996230000000, Bids: 20, Asks: 20
[1788895998140] TUI Render Frame -> Synced: true, Seq ID: 1788895996230000000, Bids: 20, Asks: 20
[1788895998191] TUI Render Frame -> Synced: true, Seq ID: 1788895996230000000, Bids: 20, Asks: 20
[1788895998240] TUI Render Frame -> Synced: true, Seq ID: 1788895996230000000, Bids: 20, Asks: 20
[1788895998291] TUI Render Frame -> Synced: true, Seq ID: 1788895996230000000, Bids: 20, Asks: 20
[1788895998340] TUI Render Frame -> Synced: true, Seq ID: 1788895996230000000, Bids: 20, Asks: 20
[1788895998390] TUI Render Frame -> Synced: true, Seq ID: 1788895996230000000, Bids: 20, Asks: 20
[1788895998440] TUI Render Frame -> Synced: true, Seq ID: 1788895996230000000, Bids: 20, Asks: 20
[1788895998490] TUI Render Frame -> Synced: true, Seq ID: 1788895996230000000, Bids: 20, Asks: 20
[1788895998540] TUI Render Frame -> Synced: true, Seq ID: 1788895996230000000, Bids: 20, Asks: 20
[1788895998590] TUI Render Frame -> Synced: true, Seq ID: 1788895996230000000, Bids: 20, Asks: 20
[1788895998641] TUI Render Frame -> Synced: true, Seq ID: 1788895996230000000, Bids: 20, Asks: 20
[1788895998690] TUI Render Frame -> Synced: true, Seq ID: 1788895996230000000, Bids: 20, Asks: 20
[1788895998741] TUI Render Frame -> Synced: true, Seq ID: 1788895996230000000, Bids: 20, Asks: 20
[1788895998791] TUI Render Frame -> Synced: true, Seq ID: 1788895996230000000, Bids: 20, Asks: 20
[1788895998840] TUI Render Frame -> Synced: true, Seq ID: 1788895996230000000, Bids: 20, Asks: 20
[1788895998891] TUI Render Frame -> Synced: true, Seq ID: 1788895996230000000, Bids: 20, Asks: 20
[1788895998940] TUI Render Frame -> Synced: true, Seq ID: 1788895996230000000, Bids: 20, Asks: 20
[1788895998990] TUI Render Frame -> Synced: true, Seq ID: 1788895996230000000, Bids: 20, Asks: 20
[1788895999041] TUI Render Frame -> Synced: true, Seq ID: 1788895996230000000, Bids: 20, Asks: 20
[1788895999091] TUI Render Frame -> Synced: true, Seq ID: 1788895996230000000, Bids: 20, Asks: 20
[1788895999140] TUI Render Frame -> Synced: true, Seq ID: 1788895996230000000, Bids: 20, Asks: 20
[1788895999191] TUI Render Frame -> Synced: true, Seq ID: 1788895996230000000, Bids: 20, Asks: 20
[1788895999241] TUI Render Frame -> Synced: true, Seq ID: 1788895996230000000, Bids: 20, Asks: 20
[1788895999290] TUI Render Frame -> Synced: true, Seq ID: 1788895996230000000, Bids: 20, Asks: 20
[1788895999340] TUI Render Frame -> Synced: true, Seq ID: 1788895996230000000, Bids: 20, Asks: 20
[1788895999390] TUI Render Frame -> Synced: true, Seq ID: 1788895996230000000, Bids: 20, Asks: 20
[1788895999440] TUI Render Frame -> Synced: true, Seq ID: 1788895996230000000, Bids: 20, Asks: 20
[1788895999490] TUI Render Frame -> Synced: true, Seq ID: 1788895996230000000, Bids: 20, Asks: 20
[1788895999541] TUI Render Frame -> Synced: true, Seq ID: 1788895996230000000, Bids: 20, Asks: 20
[1788895999590] TUI Render Frame -> Synced: true, Seq ID: 1788895996230000000, Bids: 20, Asks: 20
[1788895999640] TUI Render Frame -> Synced: true, Seq ID: 1788895996230000000, Bids: 20, Asks: 20
[1788895999690] TUI Render Frame -> Synced: true, Seq ID: 1788895996230000000, Bids: 20, Asks: 20
[1788895999740] TUI Render Frame -> Synced: true, Seq ID: 1788895996230000000, Bids: 20, Asks: 20
[1788895999794] TUI Render Frame -> Synced: true, Seq ID: 1788895996230000000, Bids: 20, Asks: 20
[1788895999859] TUI Render Frame -> Synced: true, Seq ID: 1788895996230000000, Bids: 20, Asks: 20
[1788895999890] TUI Render Frame -> Synced: true, Seq ID: 1788895996230000000, Bids: 20, Asks: 20
[1788895999940] TUI Render Frame -> Synced: true, Seq ID: 1788895996230000000, Bids: 20, Asks: 20
[1788895999989] TUI Render Frame -> Synced: true, Seq ID: 1788895996230000000, Bids: 20, Asks: 20
[1788896000040] TUI Render Frame -> Synced: true, Seq ID: 1788895996230000000, Bids: 20, Asks: 20
[1788896000091] TUI Render Frame -> Synced: true, Seq ID: 1788895996230000000, Bids: 20, Asks: 20
[1788896000140] TUI Render Frame -> Synced: true, Seq ID: 1788895996230000000, Bids: 20, Asks: 20
[1788896000190] TUI Render Frame -> Synced: true, Seq ID: 1788895996230000000, Bids: 20, Asks: 20
[1788896000240] TUI Render Frame -> Synced: true, Seq ID: 1788895996230000000, Bids: 20, Asks: 20
[1788896000290] TUI Render Frame -> Synced: true, Seq ID: 1788895996230000000, Bids: 20, Asks: 20
[1788896000340] TUI Render Frame -> Synced: true, Seq ID: 1788895996230000000, Bids: 20, Asks: 20
[1788896000391] TUI Render Frame -> Synced: true, Seq ID: 1788895996230000000, Bids: 20, Asks: 20
[1788896000439] TUI Render Frame -> Synced: true, Seq ID: 1788895996230000000, Bids: 20, Asks: 20
[1788896000490] TUI Render Frame -> Synced: true, Seq ID: 1788895996230000000, Bids: 20, Asks: 20
[1788896000540] TUI Render Frame -> Synced: true, Seq ID: 1788895996230000000, Bids: 20, Asks: 20
[1788896000591] TUI Render Frame -> Synced: true, Seq ID: 1788895996230000000, Bids: 20, Asks: 20
[1788896000641] TUI Render Frame -> Synced: true, Seq ID: 1788895996230000000, Bids: 20, Asks: 20
[1788896000691] TUI Render Frame -> Synced: true, Seq ID: 1788895996230000000, Bids: 20, Asks: 20
[1788896000740] TUI Render Frame -> Synced: true, Seq ID: 1788895996230000000, Bids: 20, Asks: 20
[1788896000790] TUI Render Frame -> Synced: true, Seq ID: 1788895996230000000, Bids: 20, Asks: 20
[1788896000840] TUI Render Frame -> Synced: true, Seq ID: 1788895996230000000, Bids: 20, Asks: 20
[1788896000890] TUI Render Frame -> Synced: true, Seq ID: 1788895996230000000, Bids: 20, Asks: 20
[1788896000941] TUI Render Frame -> Synced: true, Seq ID: 1788895996230000000, Bids: 20, Asks: 20
[1788896000990] TUI Render Frame -> Synced: true, Seq ID: 1788895996230000000, Bids: 20, Asks: 20
[1788896001040] TUI Render Frame -> Synced: true, Seq ID: 1788895996230000000, Bids: 20, Asks: 20
[1788896001090] TUI Render Frame -> Synced: true, Seq ID: 1788895996230000000, Bids: 20, Asks: 20
[1788896001140] TUI Render Frame -> Synced: true, Seq ID: 1788895996230000000, Bids: 20, Asks: 20
[1788896001190] TUI Render Frame -> Synced: true, Seq ID: 1788895996230000000, Bids: 20, Asks: 20
[1788896001239] TUI Render Frame -> Synced: true, Seq ID: 1788895996230000000, Bids: 20, Asks: 20
[1788896001290] TUI Render Frame -> Synced: true, Seq ID: 1788895996230000000, Bids: 20, Asks: 20
[1788896001341] TUI Render Frame -> Synced: true, Seq ID: 1788895996230000000, Bids: 20, Asks: 20
[1788896001390] TUI Render Frame -> Synced: true, Seq ID: 1788895996230000000, Bids: 20, Asks: 20
[1788896001441] TUI Render Frame -> Synced: true, Seq ID: 1788895996230000000, Bids: 20, Asks: 20
[1788896001497] TUI Render Frame -> Synced: true, Seq ID: 1788895996230000000, Bids: 20, Asks: 20
[1788896001540] TUI Render Frame -> Synced: true, Seq ID: 1788895996230000000, Bids: 20, Asks: 20
[1788896001589] TUI Render Frame -> Synced: true, Seq ID: 1788895996230000000, Bids: 20, Asks: 20
[1788896001640] TUI Render Frame -> Synced: true, Seq ID: 1788895996230000000, Bids: 20, Asks: 20
[1788896001690] TUI Render Frame -> Synced: true, Seq ID: 1788895996230000000, Bids: 20, Asks: 20
[1788896001741] TUI Render Frame -> Synced: true, Seq ID: 1788895996230000000, Bids: 20, Asks: 20
[1788896001790] TUI Render Frame -> Synced: true, Seq ID: 1788895996230000000, Bids: 20, Asks: 20
[1788896001841] TUI Render Frame -> Synced: true, Seq ID: 1788895996230000000, Bids: 20, Asks: 20
[1788896001890] TUI Render Frame -> Synced: true, Seq ID: 1788895996230000000, Bids: 20, Asks: 20
[1788896001940] TUI Render Frame -> Synced: true, Seq ID: 1788895996230000000, Bids: 20, Asks: 20
[1788896001990] TUI Render Frame -> Synced: true, Seq ID: 1788895996230000000, Bids: 20, Asks: 20
[1788896002039] TUI Render Frame -> Synced: true, Seq ID: 1788895996230000000, Bids: 20, Asks: 20
[1788896002091] TUI Render Frame -> Synced: true, Seq ID: 1788895996230000000, Bids: 20, Asks: 20
[1788896002139] TUI Render Frame -> Synced: true, Seq ID: 1788895996230000000, Bids: 20, Asks: 20
[1788896002191] TUI Render Frame -> Synced: true, Seq ID: 1788895996230000000, Bids: 20, Asks: 20
[1788896002242] TUI Render Frame -> Synced: true, Seq ID: 1788895996230000000, Bids: 20, Asks: 20
[1788896002292] TUI Render Frame -> Synced: true, Seq ID: 1788895996230000000, Bids: 20, Asks: 20
[1788896002340] TUI Render Frame -> Synced: true, Seq ID: 1788895996230000000, Bids: 20, Asks: 20
[1788896002390] TUI Render Frame -> Synced: true, Seq ID: 1788895996230000000, Bids: 20, Asks: 20
[1788896002397] Msg #14: Depth received | Bids: 20, Asks: 20, Timestamp ID: 1788896001608000000
[1788896002397] Reconciler book exists: true
[1788896002397] ui_tx.send status: true, receiver count: 1
[1788896002440] TUI Render Frame -> Synced: true, Seq ID: 1788896001608000000, Bids: 20, Asks: 20
[1788896002490] TUI Render Frame -> Synced: true, Seq ID: 1788896001608000000, Bids: 20, Asks: 20
[1788896002540] TUI Render Frame -> Synced: true, Seq ID: 1788896001608000000, Bids: 20, Asks: 20
[1788896002591] TUI Render Frame -> Synced: true, Seq ID: 1788896001608000000, Bids: 20, Asks: 20
[1788896002640] TUI Render Frame -> Synced: true, Seq ID: 1788896001608000000, Bids: 20, Asks: 20
[1788896002690] TUI Render Frame -> Synced: true, Seq ID: 1788896001608000000, Bids: 20, Asks: 20
[1788896002741] TUI Render Frame -> Synced: true, Seq ID: 1788896001608000000, Bids: 20, Asks: 20
[1788896002790] TUI Render Frame -> Synced: true, Seq ID: 1788896001608000000, Bids: 20, Asks: 20
[1788896002840] TUI Render Frame -> Synced: true, Seq ID: 1788896001608000000, Bids: 20, Asks: 20
[1788896002890] TUI Render Frame -> Synced: true, Seq ID: 1788896001608000000, Bids: 20, Asks: 20
[1788896002940] TUI Render Frame -> Synced: true, Seq ID: 1788896001608000000, Bids: 20, Asks: 20
[1788896002990] TUI Render Frame -> Synced: true, Seq ID: 1788896001608000000, Bids: 20, Asks: 20
[1788896003040] TUI Render Frame -> Synced: true, Seq ID: 1788896001608000000, Bids: 20, Asks: 20
[1788896003091] TUI Render Frame -> Synced: true, Seq ID: 1788896001608000000, Bids: 20, Asks: 20
[1788896003140] TUI Render Frame -> Synced: true, Seq ID: 1788896001608000000, Bids: 20, Asks: 20
[1788896003189] TUI Render Frame -> Synced: true, Seq ID: 1788896001608000000, Bids: 20, Asks: 20
[1788896003240] TUI Render Frame -> Synced: true, Seq ID: 1788896001608000000, Bids: 20, Asks: 20
[1788896003291] TUI Render Frame -> Synced: true, Seq ID: 1788896001608000000, Bids: 20, Asks: 20
[1788896003340] TUI Render Frame -> Synced: true, Seq ID: 1788896001608000000, Bids: 20, Asks: 20
[1788896003391] TUI Render Frame -> Synced: true, Seq ID: 1788896001608000000, Bids: 20, Asks: 20
[1788896003440] TUI Render Frame -> Synced: true, Seq ID: 1788896001608000000, Bids: 20, Asks: 20
[1788896003491] TUI Render Frame -> Synced: true, Seq ID: 1788896001608000000, Bids: 20, Asks: 20
[1788896003540] TUI Render Frame -> Synced: true, Seq ID: 1788896001608000000, Bids: 20, Asks: 20
[1788896003590] TUI Render Frame -> Synced: true, Seq ID: 1788896001608000000, Bids: 20, Asks: 20
[1788896003640] TUI Render Frame -> Synced: true, Seq ID: 1788896001608000000, Bids: 20, Asks: 20
[1788896003690] TUI Render Frame -> Synced: true, Seq ID: 1788896001608000000, Bids: 20, Asks: 20
[1788896003741] TUI Render Frame -> Synced: true, Seq ID: 1788896001608000000, Bids: 20, Asks: 20
[1788896003791] TUI Render Frame -> Synced: true, Seq ID: 1788896001608000000, Bids: 20, Asks: 20
[1788896003841] TUI Render Frame -> Synced: true, Seq ID: 1788896001608000000, Bids: 20, Asks: 20
[1788896003890] TUI Render Frame -> Synced: true, Seq ID: 1788896001608000000, Bids: 20, Asks: 20
[1788896003941] TUI Render Frame -> Synced: true, Seq ID: 1788896001608000000, Bids: 20, Asks: 20
[1788896003990] TUI Render Frame -> Synced: true, Seq ID: 1788896001608000000, Bids: 20, Asks: 20
[1788896004040] TUI Render Frame -> Synced: true, Seq ID: 1788896001608000000, Bids: 20, Asks: 20
[1788896004090] TUI Render Frame -> Synced: true, Seq ID: 1788896001608000000, Bids: 20, Asks: 20
[1788896004140] TUI Render Frame -> Synced: true, Seq ID: 1788896001608000000, Bids: 20, Asks: 20
[1788896004190] TUI Render Frame -> Synced: true, Seq ID: 1788896001608000000, Bids: 20, Asks: 20
[1788896004241] TUI Render Frame -> Synced: true, Seq ID: 1788896001608000000, Bids: 20, Asks: 20
[1788896004290] TUI Render Frame -> Synced: true, Seq ID: 1788896001608000000, Bids: 20, Asks: 20
[1788896004340] TUI Render Frame -> Synced: true, Seq ID: 1788896001608000000, Bids: 20, Asks: 20
[1788896004389] TUI Render Frame -> Synced: true, Seq ID: 1788896001608000000, Bids: 20, Asks: 20
[1788896004440] TUI Render Frame -> Synced: true, Seq ID: 1788896001608000000, Bids: 20, Asks: 20
[1788896004490] TUI Render Frame -> Synced: true, Seq ID: 1788896001608000000, Bids: 20, Asks: 20
[1788896004540] TUI Render Frame -> Synced: true, Seq ID: 1788896001608000000, Bids: 20, Asks: 20
[1788896004590] TUI Render Frame -> Synced: true, Seq ID: 1788896001608000000, Bids: 20, Asks: 20
[1788896004640] TUI Render Frame -> Synced: true, Seq ID: 1788896001608000000, Bids: 20, Asks: 20
[1788896004690] TUI Render Frame -> Synced: true, Seq ID: 1788896001608000000, Bids: 20, Asks: 20
[1788896004739] TUI Render Frame -> Synced: true, Seq ID: 1788896001608000000, Bids: 20, Asks: 20
[1788896004789] TUI Render Frame -> Synced: true, Seq ID: 1788896001608000000, Bids: 20, Asks: 20
[1788896004841] TUI Render Frame -> Synced: true, Seq ID: 1788896001608000000, Bids: 20, Asks: 20
[1788896004890] TUI Render Frame -> Synced: true, Seq ID: 1788896001608000000, Bids: 20, Asks: 20
[1788896004941] TUI Render Frame -> Synced: true, Seq ID: 1788896001608000000, Bids: 20, Asks: 20
[1788896004990] TUI Render Frame -> Synced: true, Seq ID: 1788896001608000000, Bids: 20, Asks: 20
[1788896005040] TUI Render Frame -> Synced: true, Seq ID: 1788896001608000000, Bids: 20, Asks: 20
[1788896005091] TUI Render Frame -> Synced: true, Seq ID: 1788896001608000000, Bids: 20, Asks: 20
[1788896005140] TUI Render Frame -> Synced: true, Seq ID: 1788896001608000000, Bids: 20, Asks: 20
[1788896005190] TUI Render Frame -> Synced: true, Seq ID: 1788896001608000000, Bids: 20, Asks: 20
[1788896005240] TUI Render Frame -> Synced: true, Seq ID: 1788896001608000000, Bids: 20, Asks: 20
[1788896005291] TUI Render Frame -> Synced: true, Seq ID: 1788896001608000000, Bids: 20, Asks: 20
[1788896005340] TUI Render Frame -> Synced: true, Seq ID: 1788896001608000000, Bids: 20, Asks: 20
[1788896005390] TUI Render Frame -> Synced: true, Seq ID: 1788896001608000000, Bids: 20, Asks: 20
[1788896005440] TUI Render Frame -> Synced: true, Seq ID: 1788896001608000000, Bids: 20, Asks: 20
[1788896005490] TUI Render Frame -> Synced: true, Seq ID: 1788896001608000000, Bids: 20, Asks: 20
[1788896005541] TUI Render Frame -> Synced: true, Seq ID: 1788896001608000000, Bids: 20, Asks: 20
[1788896005590] TUI Render Frame -> Synced: true, Seq ID: 1788896001608000000, Bids: 20, Asks: 20
[1788896005640] TUI Render Frame -> Synced: true, Seq ID: 1788896001608000000, Bids: 20, Asks: 20
[1788896005689] TUI Render Frame -> Synced: true, Seq ID: 1788896001608000000, Bids: 20, Asks: 20
[1788896005740] TUI Render Frame -> Synced: true, Seq ID: 1788896001608000000, Bids: 20, Asks: 20
[1788896005790] TUI Render Frame -> Synced: true, Seq ID: 1788896001608000000, Bids: 20, Asks: 20
[1788896005841] TUI Render Frame -> Synced: true, Seq ID: 1788896001608000000, Bids: 20, Asks: 20
[1788896005890] TUI Render Frame -> Synced: true, Seq ID: 1788896001608000000, Bids: 20, Asks: 20
[1788896005940] TUI Render Frame -> Synced: true, Seq ID: 1788896001608000000, Bids: 20, Asks: 20
[1788896005990] TUI Render Frame -> Synced: true, Seq ID: 1788896001608000000, Bids: 20, Asks: 20
[1788896006040] TUI Render Frame -> Synced: true, Seq ID: 1788896001608000000, Bids: 20, Asks: 20
[1788896006090] TUI Render Frame -> Synced: true, Seq ID: 1788896001608000000, Bids: 20, Asks: 20
[1788896006140] TUI Render Frame -> Synced: true, Seq ID: 1788896001608000000, Bids: 20, Asks: 20
[1788896006190] TUI Render Frame -> Synced: true, Seq ID: 1788896001608000000, Bids: 20, Asks: 20
[1788896006241] TUI Render Frame -> Synced: true, Seq ID: 1788896001608000000, Bids: 20, Asks: 20
[1788896006289] TUI Render Frame -> Synced: true, Seq ID: 1788896001608000000, Bids: 20, Asks: 20
[1788896006340] TUI Render Frame -> Synced: true, Seq ID: 1788896001608000000, Bids: 20, Asks: 20
[1788896006389] TUI Render Frame -> Synced: true, Seq ID: 1788896001608000000, Bids: 20, Asks: 20
[1788896006440] TUI Render Frame -> Synced: true, Seq ID: 1788896001608000000, Bids: 20, Asks: 20
[1788896006491] TUI Render Frame -> Synced: true, Seq ID: 1788896001608000000, Bids: 20, Asks: 20
[1788896006540] TUI Render Frame -> Synced: true, Seq ID: 1788896001608000000, Bids: 20, Asks: 20
[1788896006589] TUI Render Frame -> Synced: true, Seq ID: 1788896001608000000, Bids: 20, Asks: 20
[1788896006640] TUI Render Frame -> Synced: true, Seq ID: 1788896001608000000, Bids: 20, Asks: 20
[1788896006690] TUI Render Frame -> Synced: true, Seq ID: 1788896001608000000, Bids: 20, Asks: 20
[1788896006741] TUI Render Frame -> Synced: true, Seq ID: 1788896001608000000, Bids: 20, Asks: 20
[1788896006791] TUI Render Frame -> Synced: true, Seq ID: 1788896001608000000, Bids: 20, Asks: 20
[1788896006839] TUI Render Frame -> Synced: true, Seq ID: 1788896001608000000, Bids: 20, Asks: 20
[1788896006890] TUI Render Frame -> Synced: true, Seq ID: 1788896001608000000, Bids: 20, Asks: 20
[1788896006940] TUI Render Frame -> Synced: true, Seq ID: 1788896001608000000, Bids: 20, Asks: 20
[1788896006990] TUI Render Frame -> Synced: true, Seq ID: 1788896001608000000, Bids: 20, Asks: 20
[1788896007040] TUI Render Frame -> Synced: true, Seq ID: 1788896001608000000, Bids: 20, Asks: 20
[1788896007090] TUI Render Frame -> Synced: true, Seq ID: 1788896001608000000, Bids: 20, Asks: 20
[1788896007140] TUI Render Frame -> Synced: true, Seq ID: 1788896001608000000, Bids: 20, Asks: 20
[1788896007190] TUI Render Frame -> Synced: true, Seq ID: 1788896001608000000, Bids: 20, Asks: 20
[1788896007241] TUI Render Frame -> Synced: true, Seq ID: 1788896001608000000, Bids: 20, Asks: 20
[1788896007290] TUI Render Frame -> Synced: true, Seq ID: 1788896001608000000, Bids: 20, Asks: 20
[1788896007341] TUI Render Frame -> Synced: true, Seq ID: 1788896001608000000, Bids: 20, Asks: 20
[1788896007390] TUI Render Frame -> Synced: true, Seq ID: 1788896001608000000, Bids: 20, Asks: 20
[1788896007440] TUI Render Frame -> Synced: true, Seq ID: 1788896001608000000, Bids: 20, Asks: 20
[1788896007490] TUI Render Frame -> Synced: true, Seq ID: 1788896001608000000, Bids: 20, Asks: 20
[1788896007490] Msg #15: Depth received | Bids: 20, Asks: 20, Timestamp ID: 1788896006967000000
[1788896007491] Reconciler book exists: true
[1788896007491] ui_tx.send status: true, receiver count: 1
[1788896007540] TUI Render Frame -> Synced: true, Seq ID: 1788896006967000000, Bids: 20, Asks: 20
[1788896007590] TUI Render Frame -> Synced: true, Seq ID: 1788896006967000000, Bids: 20, Asks: 20
[1788896007640] TUI Render Frame -> Synced: true, Seq ID: 1788896006967000000, Bids: 20, Asks: 20
[1788896007690] TUI Render Frame -> Synced: true, Seq ID: 1788896006967000000, Bids: 20, Asks: 20
[1788896007740] TUI Render Frame -> Synced: true, Seq ID: 1788896006967000000, Bids: 20, Asks: 20
[1788896007791] TUI Render Frame -> Synced: true, Seq ID: 1788896006967000000, Bids: 20, Asks: 20
[1788896007840] TUI Render Frame -> Synced: true, Seq ID: 1788896006967000000, Bids: 20, Asks: 20
[1788896007890] TUI Render Frame -> Synced: true, Seq ID: 1788896006967000000, Bids: 20, Asks: 20
[1788896007940] TUI Render Frame -> Synced: true, Seq ID: 1788896006967000000, Bids: 20, Asks: 20
[1788896007989] TUI Render Frame -> Synced: true, Seq ID: 1788896006967000000, Bids: 20, Asks: 20
[1788896008041] TUI Render Frame -> Synced: true, Seq ID: 1788896006967000000, Bids: 20, Asks: 20
[1788896008090] TUI Render Frame -> Synced: true, Seq ID: 1788896006967000000, Bids: 20, Asks: 20
[1788896008140] TUI Render Frame -> Synced: true, Seq ID: 1788896006967000000, Bids: 20, Asks: 20
[1788896008190] TUI Render Frame -> Synced: true, Seq ID: 1788896006967000000, Bids: 20, Asks: 20
[1788896008241] TUI Render Frame -> Synced: true, Seq ID: 1788896006967000000, Bids: 20, Asks: 20
[1788896008291] TUI Render Frame -> Synced: true, Seq ID: 1788896006967000000, Bids: 20, Asks: 20
[1788896008340] TUI Render Frame -> Synced: true, Seq ID: 1788896006967000000, Bids: 20, Asks: 20
[1788896008390] TUI Render Frame -> Synced: true, Seq ID: 1788896006967000000, Bids: 20, Asks: 20
[1788896008440] TUI Render Frame -> Synced: true, Seq ID: 1788896006967000000, Bids: 20, Asks: 20
[1788896008490] TUI Render Frame -> Synced: true, Seq ID: 1788896006967000000, Bids: 20, Asks: 20
[1788896008540] TUI Render Frame -> Synced: true, Seq ID: 1788896006967000000, Bids: 20, Asks: 20
[1788896008590] TUI Render Frame -> Synced: true, Seq ID: 1788896006967000000, Bids: 20, Asks: 20
[1788896008640] TUI Render Frame -> Synced: true, Seq ID: 1788896006967000000, Bids: 20, Asks: 20
[1788896008691] TUI Render Frame -> Synced: true, Seq ID: 1788896006967000000, Bids: 20, Asks: 20
[1788896008741] TUI Render Frame -> Synced: true, Seq ID: 1788896006967000000, Bids: 20, Asks: 20
[1788896008791] TUI Render Frame -> Synced: true, Seq ID: 1788896006967000000, Bids: 20, Asks: 20
[1788896008840] TUI Render Frame -> Synced: true, Seq ID: 1788896006967000000, Bids: 20, Asks: 20
[1788896008890] TUI Render Frame -> Synced: true, Seq ID: 1788896006967000000, Bids: 20, Asks: 20
[1788896008941] TUI Render Frame -> Synced: true, Seq ID: 1788896006967000000, Bids: 20, Asks: 20
[1788896008990] TUI Render Frame -> Synced: true, Seq ID: 1788896006967000000, Bids: 20, Asks: 20
[1788896009040] TUI Render Frame -> Synced: true, Seq ID: 1788896006967000000, Bids: 20, Asks: 20
[1788896009091] TUI Render Frame -> Synced: true, Seq ID: 1788896006967000000, Bids: 20, Asks: 20
[1788896009140] TUI Render Frame -> Synced: true, Seq ID: 1788896006967000000, Bids: 20, Asks: 20
[1788896009191] TUI Render Frame -> Synced: true, Seq ID: 1788896006967000000, Bids: 20, Asks: 20
[1788896009241] TUI Render Frame -> Synced: true, Seq ID: 1788896006967000000, Bids: 20, Asks: 20
[1788896009290] TUI Render Frame -> Synced: true, Seq ID: 1788896006967000000, Bids: 20, Asks: 20
[1788896009340] TUI Render Frame -> Synced: true, Seq ID: 1788896006967000000, Bids: 20, Asks: 20
[1788896009390] TUI Render Frame -> Synced: true, Seq ID: 1788896006967000000, Bids: 20, Asks: 20
[1788896009440] TUI Render Frame -> Synced: true, Seq ID: 1788896006967000000, Bids: 20, Asks: 20
[1788896009490] TUI Render Frame -> Synced: true, Seq ID: 1788896006967000000, Bids: 20, Asks: 20
[1788896009540] TUI Render Frame -> Synced: true, Seq ID: 1788896006967000000, Bids: 20, Asks: 20
[1788896009589] TUI Render Frame -> Synced: true, Seq ID: 1788896006967000000, Bids: 20, Asks: 20
[1788896009641] TUI Render Frame -> Synced: true, Seq ID: 1788896006967000000, Bids: 20, Asks: 20
[1788896009690] TUI Render Frame -> Synced: true, Seq ID: 1788896006967000000, Bids: 20, Asks: 20
[1788896009740] TUI Render Frame -> Synced: true, Seq ID: 1788896006967000000, Bids: 20, Asks: 20
[1788896009790] TUI Render Frame -> Synced: true, Seq ID: 1788896006967000000, Bids: 20, Asks: 20
[1788896009841] TUI Render Frame -> Synced: true, Seq ID: 1788896006967000000, Bids: 20, Asks: 20
[1788896009891] TUI Render Frame -> Synced: true, Seq ID: 1788896006967000000, Bids: 20, Asks: 20
[1788896009941] TUI Render Frame -> Synced: true, Seq ID: 1788896006967000000, Bids: 20, Asks: 20
[1788896009990] TUI Render Frame -> Synced: true, Seq ID: 1788896006967000000, Bids: 20, Asks: 20
[1788896010040] TUI Render Frame -> Synced: true, Seq ID: 1788896006967000000, Bids: 20, Asks: 20
[1788896010091] TUI Render Frame -> Synced: true, Seq ID: 1788896006967000000, Bids: 20, Asks: 20
[1788896010140] TUI Render Frame -> Synced: true, Seq ID: 1788896006967000000, Bids: 20, Asks: 20
[1788896010190] TUI Render Frame -> Synced: true, Seq ID: 1788896006967000000, Bids: 20, Asks: 20
[1788896010241] TUI Render Frame -> Synced: true, Seq ID: 1788896006967000000, Bids: 20, Asks: 20
[1788896010291] TUI Render Frame -> Synced: true, Seq ID: 1788896006967000000, Bids: 20, Asks: 20
[1788896010340] TUI Render Frame -> Synced: true, Seq ID: 1788896006967000000, Bids: 20, Asks: 20
[1788896010390] TUI Render Frame -> Synced: true, Seq ID: 1788896006967000000, Bids: 20, Asks: 20
[1788896010440] TUI Render Frame -> Synced: true, Seq ID: 1788896006967000000, Bids: 20, Asks: 20
[1788896010490] TUI Render Frame -> Synced: true, Seq ID: 1788896006967000000, Bids: 20, Asks: 20
[1788896010540] TUI Render Frame -> Synced: true, Seq ID: 1788896006967000000, Bids: 20, Asks: 20
[1788896010591] TUI Render Frame -> Synced: true, Seq ID: 1788896006967000000, Bids: 20, Asks: 20
[1788896010640] TUI Render Frame -> Synced: true, Seq ID: 1788896006967000000, Bids: 20, Asks: 20
[1788896010690] TUI Render Frame -> Synced: true, Seq ID: 1788896006967000000, Bids: 20, Asks: 20
[1788896010740] TUI Render Frame -> Synced: true, Seq ID: 1788896006967000000, Bids: 20, Asks: 20
[1788896010790] TUI Render Frame -> Synced: true, Seq ID: 1788896006967000000, Bids: 20, Asks: 20
[1788896010841] TUI Render Frame -> Synced: true, Seq ID: 1788896006967000000, Bids: 20, Asks: 20
[1788896010890] TUI Render Frame -> Synced: true, Seq ID: 1788896006967000000, Bids: 20, Asks: 20
[1788896010940] TUI Render Frame -> Synced: true, Seq ID: 1788896006967000000, Bids: 20, Asks: 20
[1788896010990] TUI Render Frame -> Synced: true, Seq ID: 1788896006967000000, Bids: 20, Asks: 20
[1788896011040] TUI Render Frame -> Synced: true, Seq ID: 1788896006967000000, Bids: 20, Asks: 20
[1788896011091] TUI Render Frame -> Synced: true, Seq ID: 1788896006967000000, Bids: 20, Asks: 20
[1788896011141] TUI Render Frame -> Synced: true, Seq ID: 1788896006967000000, Bids: 20, Asks: 20
[1788896011189] TUI Render Frame -> Synced: true, Seq ID: 1788896006967000000, Bids: 20, Asks: 20
[1788896011241] TUI Render Frame -> Synced: true, Seq ID: 1788896006967000000, Bids: 20, Asks: 20
[1788896011291] TUI Render Frame -> Synced: true, Seq ID: 1788896006967000000, Bids: 20, Asks: 20
[1788896011340] TUI Render Frame -> Synced: true, Seq ID: 1788896006967000000, Bids: 20, Asks: 20
[1788896011390] TUI Render Frame -> Synced: true, Seq ID: 1788896006967000000, Bids: 20, Asks: 20
[1788896011441] TUI Render Frame -> Synced: true, Seq ID: 1788896006967000000, Bids: 20, Asks: 20
[1788896011490] TUI Render Frame -> Synced: true, Seq ID: 1788896006967000000, Bids: 20, Asks: 20
[1788896011541] TUI Render Frame -> Synced: true, Seq ID: 1788896006967000000, Bids: 20, Asks: 20
[1788896011591] TUI Render Frame -> Synced: true, Seq ID: 1788896006967000000, Bids: 20, Asks: 20
[1788896011640] TUI Render Frame -> Synced: true, Seq ID: 1788896006967000000, Bids: 20, Asks: 20
[1788896011690] TUI Render Frame -> Synced: true, Seq ID: 1788896006967000000, Bids: 20, Asks: 20
[1788896011741] TUI Render Frame -> Synced: true, Seq ID: 1788896006967000000, Bids: 20, Asks: 20
[1788896011790] TUI Render Frame -> Synced: true, Seq ID: 1788896006967000000, Bids: 20, Asks: 20
[1788896011841] TUI Render Frame -> Synced: true, Seq ID: 1788896006967000000, Bids: 20, Asks: 20
[1788896011890] TUI Render Frame -> Synced: true, Seq ID: 1788896006967000000, Bids: 20, Asks: 20
[1788896011940] TUI Render Frame -> Synced: true, Seq ID: 1788896006967000000, Bids: 20, Asks: 20
[1788896011990] TUI Render Frame -> Synced: true, Seq ID: 1788896006967000000, Bids: 20, Asks: 20
[1788896012040] TUI Render Frame -> Synced: true, Seq ID: 1788896006967000000, Bids: 20, Asks: 20
[1788896012090] TUI Render Frame -> Synced: true, Seq ID: 1788896006967000000, Bids: 20, Asks: 20
[1788896012140] TUI Render Frame -> Synced: true, Seq ID: 1788896006967000000, Bids: 20, Asks: 20
[1788896012190] TUI Render Frame -> Synced: true, Seq ID: 1788896006967000000, Bids: 20, Asks: 20
[1788896012240] TUI Render Frame -> Synced: true, Seq ID: 1788896006967000000, Bids: 20, Asks: 20
[1788896012291] TUI Render Frame -> Synced: true, Seq ID: 1788896006967000000, Bids: 20, Asks: 20
[1788896012340] TUI Render Frame -> Synced: true, Seq ID: 1788896006967000000, Bids: 20, Asks: 20
[1788896012391] TUI Render Frame -> Synced: true, Seq ID: 1788896006967000000, Bids: 20, Asks: 20
[1788896012441] TUI Render Frame -> Synced: true, Seq ID: 1788896006967000000, Bids: 20, Asks: 20
[1788896012490] TUI Render Frame -> Synced: true, Seq ID: 1788896006967000000, Bids: 20, Asks: 20
[1788896012540] TUI Render Frame -> Synced: true, Seq ID: 1788896006967000000, Bids: 20, Asks: 20
[1788896012590] TUI Render Frame -> Synced: true, Seq ID: 1788896006967000000, Bids: 20, Asks: 20
[1788896012640] TUI Render Frame -> Synced: true, Seq ID: 1788896006967000000, Bids: 20, Asks: 20
[1788896012690] TUI Render Frame -> Synced: true, Seq ID: 1788896006967000000, Bids: 20, Asks: 20
[1788896012740] TUI Render Frame -> Synced: true, Seq ID: 1788896006967000000, Bids: 20, Asks: 20
[1788896012790] TUI Render Frame -> Synced: true, Seq ID: 1788896006967000000, Bids: 20, Asks: 20
[1788896012821] Msg #16: Depth received | Bids: 20, Asks: 20, Timestamp ID: 1788896012395000000
[1788896012821] Reconciler book exists: true
[1788896012822] ui_tx.send status: true, receiver count: 1
[1788896012840] TUI Render Frame -> Synced: true, Seq ID: 1788896012395000000, Bids: 20, Asks: 20
[1788896012890] TUI Render Frame -> Synced: true, Seq ID: 1788896012395000000, Bids: 20, Asks: 20
[1788896012940] TUI Render Frame -> Synced: true, Seq ID: 1788896012395000000, Bids: 20, Asks: 20
[1788896012991] TUI Render Frame -> Synced: true, Seq ID: 1788896012395000000, Bids: 20, Asks: 20
[1788896013040] TUI Render Frame -> Synced: true, Seq ID: 1788896012395000000, Bids: 20, Asks: 20
[1788896013091] TUI Render Frame -> Synced: true, Seq ID: 1788896012395000000, Bids: 20, Asks: 20
[1788896013140] TUI Render Frame -> Synced: true, Seq ID: 1788896012395000000, Bids: 20, Asks: 20
[1788896013191] TUI Render Frame -> Synced: true, Seq ID: 1788896012395000000, Bids: 20, Asks: 20
[1788896013239] TUI Render Frame -> Synced: true, Seq ID: 1788896012395000000, Bids: 20, Asks: 20
[1788896013291] TUI Render Frame -> Synced: true, Seq ID: 1788896012395000000, Bids: 20, Asks: 20
[1788896013341] TUI Render Frame -> Synced: true, Seq ID: 1788896012395000000, Bids: 20, Asks: 20
[1788896013390] TUI Render Frame -> Synced: true, Seq ID: 1788896012395000000, Bids: 20, Asks: 20
[1788896013441] TUI Render Frame -> Synced: true, Seq ID: 1788896012395000000, Bids: 20, Asks: 20
[1788896013490] TUI Render Frame -> Synced: true, Seq ID: 1788896012395000000, Bids: 20, Asks: 20
[1788896013541] TUI Render Frame -> Synced: true, Seq ID: 1788896012395000000, Bids: 20, Asks: 20
[1788896013590] TUI Render Frame -> Synced: true, Seq ID: 1788896012395000000, Bids: 20, Asks: 20
[1788896013640] TUI Render Frame -> Synced: true, Seq ID: 1788896012395000000, Bids: 20, Asks: 20
[1788896013690] TUI Render Frame -> Synced: true, Seq ID: 1788896012395000000, Bids: 20, Asks: 20
[1788896013740] TUI Render Frame -> Synced: true, Seq ID: 1788896012395000000, Bids: 20, Asks: 20
[1788896013791] TUI Render Frame -> Synced: true, Seq ID: 1788896012395000000, Bids: 20, Asks: 20
[1788896013840] TUI Render Frame -> Synced: true, Seq ID: 1788896012395000000, Bids: 20, Asks: 20
[1788896013890] TUI Render Frame -> Synced: true, Seq ID: 1788896012395000000, Bids: 20, Asks: 20
[1788896013941] TUI Render Frame -> Synced: true, Seq ID: 1788896012395000000, Bids: 20, Asks: 20
[1788896013991] TUI Render Frame -> Synced: true, Seq ID: 1788896012395000000, Bids: 20, Asks: 20
[1788896014041] TUI Render Frame -> Synced: true, Seq ID: 1788896012395000000, Bids: 20, Asks: 20
[1788896014090] TUI Render Frame -> Synced: true, Seq ID: 1788896012395000000, Bids: 20, Asks: 20
[1788896014140] TUI Render Frame -> Synced: true, Seq ID: 1788896012395000000, Bids: 20, Asks: 20
[1788896014191] TUI Render Frame -> Synced: true, Seq ID: 1788896012395000000, Bids: 20, Asks: 20
[1788896014240] TUI Render Frame -> Synced: true, Seq ID: 1788896012395000000, Bids: 20, Asks: 20
[1788896014290] TUI Render Frame -> Synced: true, Seq ID: 1788896012395000000, Bids: 20, Asks: 20
[1788896014341] TUI Render Frame -> Synced: true, Seq ID: 1788896012395000000, Bids: 20, Asks: 20
[1788896014389] TUI Render Frame -> Synced: true, Seq ID: 1788896012395000000, Bids: 20, Asks: 20
[1788896014440] TUI Render Frame -> Synced: true, Seq ID: 1788896012395000000, Bids: 20, Asks: 20
[1788896014491] TUI Render Frame -> Synced: true, Seq ID: 1788896012395000000, Bids: 20, Asks: 20
[1788896014540] TUI Render Frame -> Synced: true, Seq ID: 1788896012395000000, Bids: 20, Asks: 20
[1788896014590] TUI Render Frame -> Synced: true, Seq ID: 1788896012395000000, Bids: 20, Asks: 20
[1788896014640] TUI Render Frame -> Synced: true, Seq ID: 1788896012395000000, Bids: 20, Asks: 20
[1788896014690] TUI Render Frame -> Synced: true, Seq ID: 1788896012395000000, Bids: 20, Asks: 20
[1788896014740] TUI Render Frame -> Synced: true, Seq ID: 1788896012395000000, Bids: 20, Asks: 20
[1788896014790] TUI Render Frame -> Synced: true, Seq ID: 1788896012395000000, Bids: 20, Asks: 20
[1788896014839] TUI Render Frame -> Synced: true, Seq ID: 1788896012395000000, Bids: 20, Asks: 20
[1788896014890] TUI Render Frame -> Synced: true, Seq ID: 1788896012395000000, Bids: 20, Asks: 20
[1788896014941] TUI Render Frame -> Synced: true, Seq ID: 1788896012395000000, Bids: 20, Asks: 20
[1788896014990] TUI Render Frame -> Synced: true, Seq ID: 1788896012395000000, Bids: 20, Asks: 20
[1788896015039] TUI Render Frame -> Synced: true, Seq ID: 1788896012395000000, Bids: 20, Asks: 20
[1788896015090] TUI Render Frame -> Synced: true, Seq ID: 1788896012395000000, Bids: 20, Asks: 20
[1788896015140] TUI Render Frame -> Synced: true, Seq ID: 1788896012395000000, Bids: 20, Asks: 20
[1788896015190] TUI Render Frame -> Synced: true, Seq ID: 1788896012395000000, Bids: 20, Asks: 20
[1788896015240] TUI Render Frame -> Synced: true, Seq ID: 1788896012395000000, Bids: 20, Asks: 20
[1788896015290] TUI Render Frame -> Synced: true, Seq ID: 1788896012395000000, Bids: 20, Asks: 20
[1788896015340] TUI Render Frame -> Synced: true, Seq ID: 1788896012395000000, Bids: 20, Asks: 20
[1788896015391] TUI Render Frame -> Synced: true, Seq ID: 1788896012395000000, Bids: 20, Asks: 20
[1788896015440] TUI Render Frame -> Synced: true, Seq ID: 1788896012395000000, Bids: 20, Asks: 20
[1788896015490] TUI Render Frame -> Synced: true, Seq ID: 1788896012395000000, Bids: 20, Asks: 20
[1788896015540] TUI Render Frame -> Synced: true, Seq ID: 1788896012395000000, Bids: 20, Asks: 20
[1788896015591] TUI Render Frame -> Synced: true, Seq ID: 1788896012395000000, Bids: 20, Asks: 20
[1788896015641] TUI Render Frame -> Synced: true, Seq ID: 1788896012395000000, Bids: 20, Asks: 20
[1788896015694] TUI Render Frame -> Synced: true, Seq ID: 1788896012395000000, Bids: 20, Asks: 20
[1788896015740] TUI Render Frame -> Synced: true, Seq ID: 1788896012395000000, Bids: 20, Asks: 20
[1788896015791] TUI Render Frame -> Synced: true, Seq ID: 1788896012395000000, Bids: 20, Asks: 20
[1788896015855] TUI Render Frame -> Synced: true, Seq ID: 1788896012395000000, Bids: 20, Asks: 20
[1788896015890] TUI Render Frame -> Synced: true, Seq ID: 1788896012395000000, Bids: 20, Asks: 20
[1788896015945] TUI Render Frame -> Synced: true, Seq ID: 1788896012395000000, Bids: 20, Asks: 20
[1788896016024] TUI Render Frame -> Synced: true, Seq ID: 1788896012395000000, Bids: 20, Asks: 20
[1788896016039] TUI Render Frame -> Synced: true, Seq ID: 1788896012395000000, Bids: 20, Asks: 20
[1788896016112] TUI Render Frame -> Synced: true, Seq ID: 1788896012395000000, Bids: 20, Asks: 20
[1788896016140] TUI Render Frame -> Synced: true, Seq ID: 1788896012395000000, Bids: 20, Asks: 20
[1788896016191] TUI Render Frame -> Synced: true, Seq ID: 1788896012395000000, Bids: 20, Asks: 20
[1788896016240] TUI Render Frame -> Synced: true, Seq ID: 1788896012395000000, Bids: 20, Asks: 20
[1788896016291] TUI Render Frame -> Synced: true, Seq ID: 1788896012395000000, Bids: 20, Asks: 20
[1788896016340] TUI Render Frame -> Synced: true, Seq ID: 1788896012395000000, Bids: 20, Asks: 20
[1788896016390] TUI Render Frame -> Synced: true, Seq ID: 1788896012395000000, Bids: 20, Asks: 20
[1788896016440] TUI Render Frame -> Synced: true, Seq ID: 1788896012395000000, Bids: 20, Asks: 20
[1788896016491] TUI Render Frame -> Synced: true, Seq ID: 1788896012395000000, Bids: 20, Asks: 20
[1788896016540] TUI Render Frame -> Synced: true, Seq ID: 1788896012395000000, Bids: 20, Asks: 20
[1788896016590] TUI Render Frame -> Synced: true, Seq ID: 1788896012395000000, Bids: 20, Asks: 20
[1788896016641] TUI Render Frame -> Synced: true, Seq ID: 1788896012395000000, Bids: 20, Asks: 20
[1788896016690] TUI Render Frame -> Synced: true, Seq ID: 1788896012395000000, Bids: 20, Asks: 20
[1788896016739] TUI Render Frame -> Synced: true, Seq ID: 1788896012395000000, Bids: 20, Asks: 20
[1788896016790] TUI Render Frame -> Synced: true, Seq ID: 1788896012395000000, Bids: 20, Asks: 20
[1788896016840] TUI Render Frame -> Synced: true, Seq ID: 1788896012395000000, Bids: 20, Asks: 20
[1788896016890] TUI Render Frame -> Synced: true, Seq ID: 1788896012395000000, Bids: 20, Asks: 20
[1788896016940] TUI Render Frame -> Synced: true, Seq ID: 1788896012395000000, Bids: 20, Asks: 20
[1788896016990] TUI Render Frame -> Synced: true, Seq ID: 1788896012395000000, Bids: 20, Asks: 20
[1788896017040] TUI Render Frame -> Synced: true, Seq ID: 1788896012395000000, Bids: 20, Asks: 20
[1788896017090] TUI Render Frame -> Synced: true, Seq ID: 1788896012395000000, Bids: 20, Asks: 20
[1788896017140] TUI Render Frame -> Synced: true, Seq ID: 1788896012395000000, Bids: 20, Asks: 20
[1788896017190] TUI Render Frame -> Synced: true, Seq ID: 1788896012395000000, Bids: 20, Asks: 20
[1788896017240] TUI Render Frame -> Synced: true, Seq ID: 1788896012395000000, Bids: 20, Asks: 20
[1788896017290] TUI Render Frame -> Synced: true, Seq ID: 1788896012395000000, Bids: 20, Asks: 20
[1788896017340] TUI Render Frame -> Synced: true, Seq ID: 1788896012395000000, Bids: 20, Asks: 20
[1788896017391] TUI Render Frame -> Synced: true, Seq ID: 1788896012395000000, Bids: 20, Asks: 20
[1788896017440] TUI Render Frame -> Synced: true, Seq ID: 1788896012395000000, Bids: 20, Asks: 20
[1788896017491] TUI Render Frame -> Synced: true, Seq ID: 1788896012395000000, Bids: 20, Asks: 20
[1788896017541] TUI Render Frame -> Synced: true, Seq ID: 1788896012395000000, Bids: 20, Asks: 20
[1788896017590] TUI Render Frame -> Synced: true, Seq ID: 1788896012395000000, Bids: 20, Asks: 20
[1788896017641] TUI Render Frame -> Synced: true, Seq ID: 1788896012395000000, Bids: 20, Asks: 20
[1788896017690] TUI Render Frame -> Synced: true, Seq ID: 1788896012395000000, Bids: 20, Asks: 20
[1788896017740] TUI Render Frame -> Synced: true, Seq ID: 1788896012395000000, Bids: 20, Asks: 20
[1788896017791] TUI Render Frame -> Synced: true, Seq ID: 1788896012395000000, Bids: 20, Asks: 20
[1788896017841] TUI Render Frame -> Synced: true, Seq ID: 1788896012395000000, Bids: 20, Asks: 20
[1788896017890] TUI Render Frame -> Synced: true, Seq ID: 1788896012395000000, Bids: 20, Asks: 20
[1788896017941] TUI Render Frame -> Synced: true, Seq ID: 1788896012395000000, Bids: 20, Asks: 20
[1788896017991] TUI Render Frame -> Synced: true, Seq ID: 1788896012395000000, Bids: 20, Asks: 20
[1788896018040] TUI Render Frame -> Synced: true, Seq ID: 1788896012395000000, Bids: 20, Asks: 20
[1788896018091] TUI Render Frame -> Synced: true, Seq ID: 1788896012395000000, Bids: 20, Asks: 20
[1788896018126] Msg #17: Depth received | Bids: 20, Asks: 20, Timestamp ID: 1788896017668000000
[1788896018127] Reconciler book exists: true
[1788896018127] ui_tx.send status: true, receiver count: 1
[1788896018140] TUI Render Frame -> Synced: true, Seq ID: 1788896017668000000, Bids: 20, Asks: 20
[1788896018191] TUI Render Frame -> Synced: true, Seq ID: 1788896017668000000, Bids: 20, Asks: 20
[1788896018240] TUI Render Frame -> Synced: true, Seq ID: 1788896017668000000, Bids: 20, Asks: 20
[1788896018290] TUI Render Frame -> Synced: true, Seq ID: 1788896017668000000, Bids: 20, Asks: 20
[1788896018341] TUI Render Frame -> Synced: true, Seq ID: 1788896017668000000, Bids: 20, Asks: 20
[1788896018390] TUI Render Frame -> Synced: true, Seq ID: 1788896017668000000, Bids: 20, Asks: 20
[1788896018440] TUI Render Frame -> Synced: true, Seq ID: 1788896017668000000, Bids: 20, Asks: 20
[1788896018490] TUI Render Frame -> Synced: true, Seq ID: 1788896017668000000, Bids: 20, Asks: 20
[1788896018541] TUI Render Frame -> Synced: true, Seq ID: 1788896017668000000, Bids: 20, Asks: 20
[1788896018590] TUI Render Frame -> Synced: true, Seq ID: 1788896017668000000, Bids: 20, Asks: 20
[1788896018641] TUI Render Frame -> Synced: true, Seq ID: 1788896017668000000, Bids: 20, Asks: 20
[1788896018691] TUI Render Frame -> Synced: true, Seq ID: 1788896017668000000, Bids: 20, Asks: 20
[1788896018741] TUI Render Frame -> Synced: true, Seq ID: 1788896017668000000, Bids: 20, Asks: 20
[1788896018790] TUI Render Frame -> Synced: true, Seq ID: 1788896017668000000, Bids: 20, Asks: 20
[1788896018840] TUI Render Frame -> Synced: true, Seq ID: 1788896017668000000, Bids: 20, Asks: 20
[1788896018890] TUI Render Frame -> Synced: true, Seq ID: 1788896017668000000, Bids: 20, Asks: 20
[1788896018940] TUI Render Frame -> Synced: true, Seq ID: 1788896017668000000, Bids: 20, Asks: 20
[1788896018991] TUI Render Frame -> Synced: true, Seq ID: 1788896017668000000, Bids: 20, Asks: 20
[1788896019041] TUI Render Frame -> Synced: true, Seq ID: 1788896017668000000, Bids: 20, Asks: 20
[1788896019090] TUI Render Frame -> Synced: true, Seq ID: 1788896017668000000, Bids: 20, Asks: 20
[1788896019140] TUI Render Frame -> Synced: true, Seq ID: 1788896017668000000, Bids: 20, Asks: 20
[1788896019190] TUI Render Frame -> Synced: true, Seq ID: 1788896017668000000, Bids: 20, Asks: 20
[1788896019240] TUI Render Frame -> Synced: true, Seq ID: 1788896017668000000, Bids: 20, Asks: 20
[1788896019291] TUI Render Frame -> Synced: true, Seq ID: 1788896017668000000, Bids: 20, Asks: 20
[1788896019341] TUI Render Frame -> Synced: true, Seq ID: 1788896017668000000, Bids: 20, Asks: 20
[1788896019390] TUI Render Frame -> Synced: true, Seq ID: 1788896017668000000, Bids: 20, Asks: 20
[1788896019440] TUI Render Frame -> Synced: true, Seq ID: 1788896017668000000, Bids: 20, Asks: 20
[1788896019491] TUI Render Frame -> Synced: true, Seq ID: 1788896017668000000, Bids: 20, Asks: 20
[1788896019541] TUI Render Frame -> Synced: true, Seq ID: 1788896017668000000, Bids: 20, Asks: 20
[1788896019591] TUI Render Frame -> Synced: true, Seq ID: 1788896017668000000, Bids: 20, Asks: 20
[1788896019640] TUI Render Frame -> Synced: true, Seq ID: 1788896017668000000, Bids: 20, Asks: 20
[1788896019690] TUI Render Frame -> Synced: true, Seq ID: 1788896017668000000, Bids: 20, Asks: 20
[1788896019740] TUI Render Frame -> Synced: true, Seq ID: 1788896017668000000, Bids: 20, Asks: 20
[1788896019790] TUI Render Frame -> Synced: true, Seq ID: 1788896017668000000, Bids: 20, Asks: 20
[1788896019841] TUI Render Frame -> Synced: true, Seq ID: 1788896017668000000, Bids: 20, Asks: 20
[1788896019890] TUI Render Frame -> Synced: true, Seq ID: 1788896017668000000, Bids: 20, Asks: 20
[1788896019940] TUI Render Frame -> Synced: true, Seq ID: 1788896017668000000, Bids: 20, Asks: 20
[1788896019990] TUI Render Frame -> Synced: true, Seq ID: 1788896017668000000, Bids: 20, Asks: 20
[1788896020041] TUI Render Frame -> Synced: true, Seq ID: 1788896017668000000, Bids: 20, Asks: 20
[1788896020090] TUI Render Frame -> Synced: true, Seq ID: 1788896017668000000, Bids: 20, Asks: 20
[1788896020140] TUI Render Frame -> Synced: true, Seq ID: 1788896017668000000, Bids: 20, Asks: 20
[1788896020191] TUI Render Frame -> Synced: true, Seq ID: 1788896017668000000, Bids: 20, Asks: 20
[1788896020241] TUI Render Frame -> Synced: true, Seq ID: 1788896017668000000, Bids: 20, Asks: 20
[1788896020290] TUI Render Frame -> Synced: true, Seq ID: 1788896017668000000, Bids: 20, Asks: 20
[1788896020341] TUI Render Frame -> Synced: true, Seq ID: 1788896017668000000, Bids: 20, Asks: 20
[1788896020391] TUI Render Frame -> Synced: true, Seq ID: 1788896017668000000, Bids: 20, Asks: 20
[1788896020440] TUI Render Frame -> Synced: true, Seq ID: 1788896017668000000, Bids: 20, Asks: 20
[1788896020490] TUI Render Frame -> Synced: true, Seq ID: 1788896017668000000, Bids: 20, Asks: 20
[1788896020540] TUI Render Frame -> Synced: true, Seq ID: 1788896017668000000, Bids: 20, Asks: 20
[1788896020590] TUI Render Frame -> Synced: true, Seq ID: 1788896017668000000, Bids: 20, Asks: 20
[1788896020640] TUI Render Frame -> Synced: true, Seq ID: 1788896017668000000, Bids: 20, Asks: 20
[1788896020691] TUI Render Frame -> Synced: true, Seq ID: 1788896017668000000, Bids: 20, Asks: 20
[1788896020740] TUI Render Frame -> Synced: true, Seq ID: 1788896017668000000, Bids: 20, Asks: 20
[1788896020790] TUI Render Frame -> Synced: true, Seq ID: 1788896017668000000, Bids: 20, Asks: 20
[1788896020841] TUI Render Frame -> Synced: true, Seq ID: 1788896017668000000, Bids: 20, Asks: 20
[1788896020891] TUI Render Frame -> Synced: true, Seq ID: 1788896017668000000, Bids: 20, Asks: 20
[1788896020941] TUI Render Frame -> Synced: true, Seq ID: 1788896017668000000, Bids: 20, Asks: 20
[1788896020990] TUI Render Frame -> Synced: true, Seq ID: 1788896017668000000, Bids: 20, Asks: 20
[1788896021041] TUI Render Frame -> Synced: true, Seq ID: 1788896017668000000, Bids: 20, Asks: 20
[1788896021090] TUI Render Frame -> Synced: true, Seq ID: 1788896017668000000, Bids: 20, Asks: 20
[1788896021139] TUI Render Frame -> Synced: true, Seq ID: 1788896017668000000, Bids: 20, Asks: 20
[1788896021191] TUI Render Frame -> Synced: true, Seq ID: 1788896017668000000, Bids: 20, Asks: 20
[1788896021239] TUI Render Frame -> Synced: true, Seq ID: 1788896017668000000, Bids: 20, Asks: 20
[1788896021291] TUI Render Frame -> Synced: true, Seq ID: 1788896017668000000, Bids: 20, Asks: 20
[1788896021340] TUI Render Frame -> Synced: true, Seq ID: 1788896017668000000, Bids: 20, Asks: 20
[1788896021391] TUI Render Frame -> Synced: true, Seq ID: 1788896017668000000, Bids: 20, Asks: 20
[1788896021440] TUI Render Frame -> Synced: true, Seq ID: 1788896017668000000, Bids: 20, Asks: 20
[1788896021491] TUI Render Frame -> Synced: true, Seq ID: 1788896017668000000, Bids: 20, Asks: 20
[1788896021541] TUI Render Frame -> Synced: true, Seq ID: 1788896017668000000, Bids: 20, Asks: 20
[1788896021590] TUI Render Frame -> Synced: true, Seq ID: 1788896017668000000, Bids: 20, Asks: 20
[1788896021640] TUI Render Frame -> Synced: true, Seq ID: 1788896017668000000, Bids: 20, Asks: 20
[1788896021690] TUI Render Frame -> Synced: true, Seq ID: 1788896017668000000, Bids: 20, Asks: 20
[1788896021740] TUI Render Frame -> Synced: true, Seq ID: 1788896017668000000, Bids: 20, Asks: 20
[1788896021790] TUI Render Frame -> Synced: true, Seq ID: 1788896017668000000, Bids: 20, Asks: 20
[1788896021840] TUI Render Frame -> Synced: true, Seq ID: 1788896017668000000, Bids: 20, Asks: 20
[1788896021891] TUI Render Frame -> Synced: true, Seq ID: 1788896017668000000, Bids: 20, Asks: 20
[1788896021940] TUI Render Frame -> Synced: true, Seq ID: 1788896017668000000, Bids: 20, Asks: 20
[1788896021991] TUI Render Frame -> Synced: true, Seq ID: 1788896017668000000, Bids: 20, Asks: 20
[1788896022041] TUI Render Frame -> Synced: true, Seq ID: 1788896017668000000, Bids: 20, Asks: 20
[1788896022090] TUI Render Frame -> Synced: true, Seq ID: 1788896017668000000, Bids: 20, Asks: 20
[1788896022140] TUI Render Frame -> Synced: true, Seq ID: 1788896017668000000, Bids: 20, Asks: 20
[1788896022191] TUI Render Frame -> Synced: true, Seq ID: 1788896017668000000, Bids: 20, Asks: 20
[1788896022240] TUI Render Frame -> Synced: true, Seq ID: 1788896017668000000, Bids: 20, Asks: 20
[1788896022290] TUI Render Frame -> Synced: true, Seq ID: 1788896017668000000, Bids: 20, Asks: 20
[1788896022340] TUI Render Frame -> Synced: true, Seq ID: 1788896017668000000, Bids: 20, Asks: 20
[1788896022389] TUI Render Frame -> Synced: true, Seq ID: 1788896017668000000, Bids: 20, Asks: 20
[1788896022440] TUI Render Frame -> Synced: true, Seq ID: 1788896017668000000, Bids: 20, Asks: 20
[1788896022490] TUI Render Frame -> Synced: true, Seq ID: 1788896017668000000, Bids: 20, Asks: 20
[1788896022540] TUI Render Frame -> Synced: true, Seq ID: 1788896017668000000, Bids: 20, Asks: 20
[1788896022590] TUI Render Frame -> Synced: true, Seq ID: 1788896017668000000, Bids: 20, Asks: 20
[1788896022641] TUI Render Frame -> Synced: true, Seq ID: 1788896017668000000, Bids: 20, Asks: 20
[1788896022690] TUI Render Frame -> Synced: true, Seq ID: 1788896017668000000, Bids: 20, Asks: 20
[1788896022741] TUI Render Frame -> Synced: true, Seq ID: 1788896017668000000, Bids: 20, Asks: 20
[1788896022791] TUI Render Frame -> Synced: true, Seq ID: 1788896017668000000, Bids: 20, Asks: 20
[1788896022840] TUI Render Frame -> Synced: true, Seq ID: 1788896017668000000, Bids: 20, Asks: 20
[1788896022890] TUI Render Frame -> Synced: true, Seq ID: 1788896017668000000, Bids: 20, Asks: 20
[1788896022940] TUI Render Frame -> Synced: true, Seq ID: 1788896017668000000, Bids: 20, Asks: 20
[1788896022991] TUI Render Frame -> Synced: true, Seq ID: 1788896017668000000, Bids: 20, Asks: 20
[1788896023040] TUI Render Frame -> Synced: true, Seq ID: 1788896017668000000, Bids: 20, Asks: 20
[1788896023091] TUI Render Frame -> Synced: true, Seq ID: 1788896017668000000, Bids: 20, Asks: 20
[1788896023141] TUI Render Frame -> Synced: true, Seq ID: 1788896017668000000, Bids: 20, Asks: 20
[1788896023190] TUI Render Frame -> Synced: true, Seq ID: 1788896017668000000, Bids: 20, Asks: 20
[1788896023240] TUI Render Frame -> Synced: true, Seq ID: 1788896017668000000, Bids: 20, Asks: 20
[1788896023290] TUI Render Frame -> Synced: true, Seq ID: 1788896017668000000, Bids: 20, Asks: 20
[1788896023340] TUI Render Frame -> Synced: true, Seq ID: 1788896017668000000, Bids: 20, Asks: 20
[1788896023390] TUI Render Frame -> Synced: true, Seq ID: 1788896017668000000, Bids: 20, Asks: 20
[1788896023439] Msg #18: Depth received | Bids: 20, Asks: 20, Timestamp ID: 1788896023041000000
[1788896023439] Reconciler book exists: true
[1788896023439] ui_tx.send status: true, receiver count: 1
[1788896023439] TUI Render Frame -> Synced: true, Seq ID: 1788896023041000000, Bids: 20, Asks: 20
[1788896023490] TUI Render Frame -> Synced: true, Seq ID: 1788896023041000000, Bids: 20, Asks: 20
[1788896023541] TUI Render Frame -> Synced: true, Seq ID: 1788896023041000000, Bids: 20, Asks: 20
[1788896023590] TUI Render Frame -> Synced: true, Seq ID: 1788896023041000000, Bids: 20, Asks: 20
[1788896023640] TUI Render Frame -> Synced: true, Seq ID: 1788896023041000000, Bids: 20, Asks: 20
[1788896023690] TUI Render Frame -> Synced: true, Seq ID: 1788896023041000000, Bids: 20, Asks: 20
[1788896023740] TUI Render Frame -> Synced: true, Seq ID: 1788896023041000000, Bids: 20, Asks: 20
[1788896023790] TUI Render Frame -> Synced: true, Seq ID: 1788896023041000000, Bids: 20, Asks: 20
[1788896023841] TUI Render Frame -> Synced: true, Seq ID: 1788896023041000000, Bids: 20, Asks: 20
[1788896023890] TUI Render Frame -> Synced: true, Seq ID: 1788896023041000000, Bids: 20, Asks: 20
[1788896023941] TUI Render Frame -> Synced: true, Seq ID: 1788896023041000000, Bids: 20, Asks: 20
[1788896023989] TUI Render Frame -> Synced: true, Seq ID: 1788896023041000000, Bids: 20, Asks: 20
[1788896024041] TUI Render Frame -> Synced: true, Seq ID: 1788896023041000000, Bids: 20, Asks: 20
[1788896024091] TUI Render Frame -> Synced: true, Seq ID: 1788896023041000000, Bids: 20, Asks: 20
[1788896024140] TUI Render Frame -> Synced: true, Seq ID: 1788896023041000000, Bids: 20, Asks: 20
[1788896024190] TUI Render Frame -> Synced: true, Seq ID: 1788896023041000000, Bids: 20, Asks: 20
[1788896024241] TUI Render Frame -> Synced: true, Seq ID: 1788896023041000000, Bids: 20, Asks: 20
[1788896024290] TUI Render Frame -> Synced: true, Seq ID: 1788896023041000000, Bids: 20, Asks: 20
[1788896024340] TUI Render Frame -> Synced: true, Seq ID: 1788896023041000000, Bids: 20, Asks: 20
[1788896024391] TUI Render Frame -> Synced: true, Seq ID: 1788896023041000000, Bids: 20, Asks: 20
[1788896024439] TUI Render Frame -> Synced: true, Seq ID: 1788896023041000000, Bids: 20, Asks: 20
[1788896024491] TUI Render Frame -> Synced: true, Seq ID: 1788896023041000000, Bids: 20, Asks: 20
[1788896024540] TUI Render Frame -> Synced: true, Seq ID: 1788896023041000000, Bids: 20, Asks: 20
[1788896024591] TUI Render Frame -> Synced: true, Seq ID: 1788896023041000000, Bids: 20, Asks: 20
[1788896024641] TUI Render Frame -> Synced: true, Seq ID: 1788896023041000000, Bids: 20, Asks: 20
[1788896024691] TUI Render Frame -> Synced: true, Seq ID: 1788896023041000000, Bids: 20, Asks: 20
[1788896024740] TUI Render Frame -> Synced: true, Seq ID: 1788896023041000000, Bids: 20, Asks: 20
[1788896024791] TUI Render Frame -> Synced: true, Seq ID: 1788896023041000000, Bids: 20, Asks: 20
[1788896024840] TUI Render Frame -> Synced: true, Seq ID: 1788896023041000000, Bids: 20, Asks: 20
[1788896024891] TUI Render Frame -> Synced: true, Seq ID: 1788896023041000000, Bids: 20, Asks: 20
[1788896024941] TUI Render Frame -> Synced: true, Seq ID: 1788896023041000000, Bids: 20, Asks: 20
[1788896024991] TUI Render Frame -> Synced: true, Seq ID: 1788896023041000000, Bids: 20, Asks: 20
[1788896025040] TUI Render Frame -> Synced: true, Seq ID: 1788896023041000000, Bids: 20, Asks: 20
[1788896025091] TUI Render Frame -> Synced: true, Seq ID: 1788896023041000000, Bids: 20, Asks: 20
[1788896025141] TUI Render Frame -> Synced: true, Seq ID: 1788896023041000000, Bids: 20, Asks: 20
[1788896025190] TUI Render Frame -> Synced: true, Seq ID: 1788896023041000000, Bids: 20, Asks: 20
[1788896025240] TUI Render Frame -> Synced: true, Seq ID: 1788896023041000000, Bids: 20, Asks: 20
[1788896025290] TUI Render Frame -> Synced: true, Seq ID: 1788896023041000000, Bids: 20, Asks: 20
[1788896025340] TUI Render Frame -> Synced: true, Seq ID: 1788896023041000000, Bids: 20, Asks: 20
[1788896025390] TUI Render Frame -> Synced: true, Seq ID: 1788896023041000000, Bids: 20, Asks: 20
[1788896025440] TUI Render Frame -> Synced: true, Seq ID: 1788896023041000000, Bids: 20, Asks: 20
[1788896025490] TUI Render Frame -> Synced: true, Seq ID: 1788896023041000000, Bids: 20, Asks: 20
[1788896025541] TUI Render Frame -> Synced: true, Seq ID: 1788896023041000000, Bids: 20, Asks: 20
[1788896025590] TUI Render Frame -> Synced: true, Seq ID: 1788896023041000000, Bids: 20, Asks: 20
[1788896025641] TUI Render Frame -> Synced: true, Seq ID: 1788896023041000000, Bids: 20, Asks: 20
[1788896025691] TUI Render Frame -> Synced: true, Seq ID: 1788896023041000000, Bids: 20, Asks: 20
[1788896025740] TUI Render Frame -> Synced: true, Seq ID: 1788896023041000000, Bids: 20, Asks: 20
[1788896025789] TUI Render Frame -> Synced: true, Seq ID: 1788896023041000000, Bids: 20, Asks: 20
[1788896025840] TUI Render Frame -> Synced: true, Seq ID: 1788896023041000000, Bids: 20, Asks: 20
[1788896025890] TUI Render Frame -> Synced: true, Seq ID: 1788896023041000000, Bids: 20, Asks: 20
[1788896025941] TUI Render Frame -> Synced: true, Seq ID: 1788896023041000000, Bids: 20, Asks: 20
[1788896025991] TUI Render Frame -> Synced: true, Seq ID: 1788896023041000000, Bids: 20, Asks: 20
[1788896026040] TUI Render Frame -> Synced: true, Seq ID: 1788896023041000000, Bids: 20, Asks: 20
[1788896026091] TUI Render Frame -> Synced: true, Seq ID: 1788896023041000000, Bids: 20, Asks: 20
[1788896026141] TUI Render Frame -> Synced: true, Seq ID: 1788896023041000000, Bids: 20, Asks: 20
[1788896026190] TUI Render Frame -> Synced: true, Seq ID: 1788896023041000000, Bids: 20, Asks: 20
[1788896026241] TUI Render Frame -> Synced: true, Seq ID: 1788896023041000000, Bids: 20, Asks: 20
[1788896026291] TUI Render Frame -> Synced: true, Seq ID: 1788896023041000000, Bids: 20, Asks: 20
[1788896026340] TUI Render Frame -> Synced: true, Seq ID: 1788896023041000000, Bids: 20, Asks: 20
[1788896026391] TUI Render Frame -> Synced: true, Seq ID: 1788896023041000000, Bids: 20, Asks: 20
[1788896026441] TUI Render Frame -> Synced: true, Seq ID: 1788896023041000000, Bids: 20, Asks: 20
[1788896026490] TUI Render Frame -> Synced: true, Seq ID: 1788896023041000000, Bids: 20, Asks: 20
[1788896026540] TUI Render Frame -> Synced: true, Seq ID: 1788896023041000000, Bids: 20, Asks: 20
[1788896026591] TUI Render Frame -> Synced: true, Seq ID: 1788896023041000000, Bids: 20, Asks: 20
[1788896026641] TUI Render Frame -> Synced: true, Seq ID: 1788896023041000000, Bids: 20, Asks: 20
[1788896026690] TUI Render Frame -> Synced: true, Seq ID: 1788896023041000000, Bids: 20, Asks: 20
[1788896026740] TUI Render Frame -> Synced: true, Seq ID: 1788896023041000000, Bids: 20, Asks: 20
[1788896026790] TUI Render Frame -> Synced: true, Seq ID: 1788896023041000000, Bids: 20, Asks: 20
[1788896026841] TUI Render Frame -> Synced: true, Seq ID: 1788896023041000000, Bids: 20, Asks: 20
[1788896026891] TUI Render Frame -> Synced: true, Seq ID: 1788896023041000000, Bids: 20, Asks: 20
[1788896026940] TUI Render Frame -> Synced: true, Seq ID: 1788896023041000000, Bids: 20, Asks: 20
[1788896026991] TUI Render Frame -> Synced: true, Seq ID: 1788896023041000000, Bids: 20, Asks: 20
[1788896027041] TUI Render Frame -> Synced: true, Seq ID: 1788896023041000000, Bids: 20, Asks: 20
[1788896027090] TUI Render Frame -> Synced: true, Seq ID: 1788896023041000000, Bids: 20, Asks: 20
[1788896027140] TUI Render Frame -> Synced: true, Seq ID: 1788896023041000000, Bids: 20, Asks: 20
[1788896027190] TUI Render Frame -> Synced: true, Seq ID: 1788896023041000000, Bids: 20, Asks: 20
[1788896027240] TUI Render Frame -> Synced: true, Seq ID: 1788896023041000000, Bids: 20, Asks: 20
[1788896027290] TUI Render Frame -> Synced: true, Seq ID: 1788896023041000000, Bids: 20, Asks: 20
[1788896027340] TUI Render Frame -> Synced: true, Seq ID: 1788896023041000000, Bids: 20, Asks: 20
[1788896027390] TUI Render Frame -> Synced: true, Seq ID: 1788896023041000000, Bids: 20, Asks: 20
[1788896027440] TUI Render Frame -> Synced: true, Seq ID: 1788896023041000000, Bids: 20, Asks: 20
[1788896027491] TUI Render Frame -> Synced: true, Seq ID: 1788896023041000000, Bids: 20, Asks: 20
[1788896027541] TUI Render Frame -> Synced: true, Seq ID: 1788896023041000000, Bids: 20, Asks: 20
[1788896027591] TUI Render Frame -> Synced: true, Seq ID: 1788896023041000000, Bids: 20, Asks: 20
[1788896027639] TUI Render Frame -> Synced: true, Seq ID: 1788896023041000000, Bids: 20, Asks: 20
[1788896027690] TUI Render Frame -> Synced: true, Seq ID: 1788896023041000000, Bids: 20, Asks: 20
[1788896027741] TUI Render Frame -> Synced: true, Seq ID: 1788896023041000000, Bids: 20, Asks: 20
[1788896027791] TUI Render Frame -> Synced: true, Seq ID: 1788896023041000000, Bids: 20, Asks: 20
[1788896027841] TUI Render Frame -> Synced: true, Seq ID: 1788896023041000000, Bids: 20, Asks: 20
[1788896027891] TUI Render Frame -> Synced: true, Seq ID: 1788896023041000000, Bids: 20, Asks: 20
[1788896027940] TUI Render Frame -> Synced: true, Seq ID: 1788896023041000000, Bids: 20, Asks: 20
[1788896027991] TUI Render Frame -> Synced: true, Seq ID: 1788896023041000000, Bids: 20, Asks: 20
[1788896028040] TUI Render Frame -> Synced: true, Seq ID: 1788896023041000000, Bids: 20, Asks: 20
[1788896028090] TUI Render Frame -> Synced: true, Seq ID: 1788896023041000000, Bids: 20, Asks: 20
[1788896028141] TUI Render Frame -> Synced: true, Seq ID: 1788896023041000000, Bids: 20, Asks: 20
[1788896028204] TUI Render Frame -> Synced: true, Seq ID: 1788896023041000000, Bids: 20, Asks: 20
[1788896028241] TUI Render Frame -> Synced: true, Seq ID: 1788896023041000000, Bids: 20, Asks: 20
[1788896028290] TUI Render Frame -> Synced: true, Seq ID: 1788896023041000000, Bids: 20, Asks: 20
[1788896028340] TUI Render Frame -> Synced: true, Seq ID: 1788896023041000000, Bids: 20, Asks: 20
[1788896028390] TUI Render Frame -> Synced: true, Seq ID: 1788896023041000000, Bids: 20, Asks: 20
[1788896028440] TUI Render Frame -> Synced: true, Seq ID: 1788896023041000000, Bids: 20, Asks: 20
[1788896028490] TUI Render Frame -> Synced: true, Seq ID: 1788896023041000000, Bids: 20, Asks: 20
[1788896028540] TUI Render Frame -> Synced: true, Seq ID: 1788896023041000000, Bids: 20, Asks: 20
[1788896028590] TUI Render Frame -> Synced: true, Seq ID: 1788896023041000000, Bids: 20, Asks: 20
[1788896028641] TUI Render Frame -> Synced: true, Seq ID: 1788896023041000000, Bids: 20, Asks: 20
[1788896028691] TUI Render Frame -> Synced: true, Seq ID: 1788896023041000000, Bids: 20, Asks: 20
[1788896028741] TUI Render Frame -> Synced: true, Seq ID: 1788896023041000000, Bids: 20, Asks: 20
[1788896028789] TUI Render Frame -> Synced: true, Seq ID: 1788896023041000000, Bids: 20, Asks: 20
[1788896028840] TUI Render Frame -> Synced: true, Seq ID: 1788896023041000000, Bids: 20, Asks: 20
[1788896028880] Msg #19: Depth received | Bids: 20, Asks: 20, Timestamp ID: 1788896028398000000
[1788896028880] Reconciler book exists: true
[1788896028880] ui_tx.send status: true, receiver count: 1
[1788896028890] TUI Render Frame -> Synced: true, Seq ID: 1788896028398000000, Bids: 20, Asks: 20
[1788896028941] TUI Render Frame -> Synced: true, Seq ID: 1788896028398000000, Bids: 20, Asks: 20
[1788896028990] TUI Render Frame -> Synced: true, Seq ID: 1788896028398000000, Bids: 20, Asks: 20
[1788896029041] TUI Render Frame -> Synced: true, Seq ID: 1788896028398000000, Bids: 20, Asks: 20
[1788896029091] TUI Render Frame -> Synced: true, Seq ID: 1788896028398000000, Bids: 20, Asks: 20
[1788896029141] TUI Render Frame -> Synced: true, Seq ID: 1788896028398000000, Bids: 20, Asks: 20
[1788896029191] TUI Render Frame -> Synced: true, Seq ID: 1788896028398000000, Bids: 20, Asks: 20
[1788896029239] TUI Render Frame -> Synced: true, Seq ID: 1788896028398000000, Bids: 20, Asks: 20
[1788896029291] TUI Render Frame -> Synced: true, Seq ID: 1788896028398000000, Bids: 20, Asks: 20
[1788896029341] TUI Render Frame -> Synced: true, Seq ID: 1788896028398000000, Bids: 20, Asks: 20
[1788896029390] TUI Render Frame -> Synced: true, Seq ID: 1788896028398000000, Bids: 20, Asks: 20
[1788896029440] TUI Render Frame -> Synced: true, Seq ID: 1788896028398000000, Bids: 20, Asks: 20
[1788896029491] TUI Render Frame -> Synced: true, Seq ID: 1788896028398000000, Bids: 20, Asks: 20
[1788896029540] TUI Render Frame -> Synced: true, Seq ID: 1788896028398000000, Bids: 20, Asks: 20
[1788896029590] TUI Render Frame -> Synced: true, Seq ID: 1788896028398000000, Bids: 20, Asks: 20
[1788896029640] TUI Render Frame -> Synced: true, Seq ID: 1788896028398000000, Bids: 20, Asks: 20
[1788896029690] TUI Render Frame -> Synced: true, Seq ID: 1788896028398000000, Bids: 20, Asks: 20
[1788896029741] TUI Render Frame -> Synced: true, Seq ID: 1788896028398000000, Bids: 20, Asks: 20
[1788896029791] TUI Render Frame -> Synced: true, Seq ID: 1788896028398000000, Bids: 20, Asks: 20
[1788896029840] TUI Render Frame -> Synced: true, Seq ID: 1788896028398000000, Bids: 20, Asks: 20
[1788896029890] TUI Render Frame -> Synced: true, Seq ID: 1788896028398000000, Bids: 20, Asks: 20
[1788896029941] TUI Render Frame -> Synced: true, Seq ID: 1788896028398000000, Bids: 20, Asks: 20
[1788896029991] TUI Render Frame -> Synced: true, Seq ID: 1788896028398000000, Bids: 20, Asks: 20
[1788896030041] TUI Render Frame -> Synced: true, Seq ID: 1788896028398000000, Bids: 20, Asks: 20
[1788896030091] TUI Render Frame -> Synced: true, Seq ID: 1788896028398000000, Bids: 20, Asks: 20
[1788896030140] TUI Render Frame -> Synced: true, Seq ID: 1788896028398000000, Bids: 20, Asks: 20
[1788896030191] TUI Render Frame -> Synced: true, Seq ID: 1788896028398000000, Bids: 20, Asks: 20
[1788896030241] TUI Render Frame -> Synced: true, Seq ID: 1788896028398000000, Bids: 20, Asks: 20
[1788896030290] TUI Render Frame -> Synced: true, Seq ID: 1788896028398000000, Bids: 20, Asks: 20
[1788896030340] TUI Render Frame -> Synced: true, Seq ID: 1788896028398000000, Bids: 20, Asks: 20
[1788896030390] TUI Render Frame -> Synced: true, Seq ID: 1788896028398000000, Bids: 20, Asks: 20
[1788896030440] TUI Render Frame -> Synced: true, Seq ID: 1788896028398000000, Bids: 20, Asks: 20
[1788896030491] TUI Render Frame -> Synced: true, Seq ID: 1788896028398000000, Bids: 20, Asks: 20
[1788896030540] TUI Render Frame -> Synced: true, Seq ID: 1788896028398000000, Bids: 20, Asks: 20
[1788896030591] TUI Render Frame -> Synced: true, Seq ID: 1788896028398000000, Bids: 20, Asks: 20
[1788896030641] TUI Render Frame -> Synced: true, Seq ID: 1788896028398000000, Bids: 20, Asks: 20
[1788896030690] TUI Render Frame -> Synced: true, Seq ID: 1788896028398000000, Bids: 20, Asks: 20
[1788896030740] TUI Render Frame -> Synced: true, Seq ID: 1788896028398000000, Bids: 20, Asks: 20
[1788896030791] TUI Render Frame -> Synced: true, Seq ID: 1788896028398000000, Bids: 20, Asks: 20
[1788896030839] TUI Render Frame -> Synced: true, Seq ID: 1788896028398000000, Bids: 20, Asks: 20
[1788896030890] TUI Render Frame -> Synced: true, Seq ID: 1788896028398000000, Bids: 20, Asks: 20
[1788896030940] TUI Render Frame -> Synced: true, Seq ID: 1788896028398000000, Bids: 20, Asks: 20
[1788896030990] TUI Render Frame -> Synced: true, Seq ID: 1788896028398000000, Bids: 20, Asks: 20
[1788896031041] TUI Render Frame -> Synced: true, Seq ID: 1788896028398000000, Bids: 20, Asks: 20
[1788896031090] TUI Render Frame -> Synced: true, Seq ID: 1788896028398000000, Bids: 20, Asks: 20
[1788896031141] TUI Render Frame -> Synced: true, Seq ID: 1788896028398000000, Bids: 20, Asks: 20
[1788896031190] TUI Render Frame -> Synced: true, Seq ID: 1788896028398000000, Bids: 20, Asks: 20
[1788896031241] TUI Render Frame -> Synced: true, Seq ID: 1788896028398000000, Bids: 20, Asks: 20
[1788896031290] TUI Render Frame -> Synced: true, Seq ID: 1788896028398000000, Bids: 20, Asks: 20
[1788896031340] TUI Render Frame -> Synced: true, Seq ID: 1788896028398000000, Bids: 20, Asks: 20
[1788896031390] TUI Render Frame -> Synced: true, Seq ID: 1788896028398000000, Bids: 20, Asks: 20
[1788896031440] TUI Render Frame -> Synced: true, Seq ID: 1788896028398000000, Bids: 20, Asks: 20
[1788896031491] TUI Render Frame -> Synced: true, Seq ID: 1788896028398000000, Bids: 20, Asks: 20
[1788896031540] TUI Render Frame -> Synced: true, Seq ID: 1788896028398000000, Bids: 20, Asks: 20
[1788896031591] TUI Render Frame -> Synced: true, Seq ID: 1788896028398000000, Bids: 20, Asks: 20
[1788896031640] TUI Render Frame -> Synced: true, Seq ID: 1788896028398000000, Bids: 20, Asks: 20
[1788896031691] TUI Render Frame -> Synced: true, Seq ID: 1788896028398000000, Bids: 20, Asks: 20
[1788896031740] TUI Render Frame -> Synced: true, Seq ID: 1788896028398000000, Bids: 20, Asks: 20
[1788896031790] TUI Render Frame -> Synced: true, Seq ID: 1788896028398000000, Bids: 20, Asks: 20
[1788896031841] TUI Render Frame -> Synced: true, Seq ID: 1788896028398000000, Bids: 20, Asks: 20
[1788896031891] TUI Render Frame -> Synced: true, Seq ID: 1788896028398000000, Bids: 20, Asks: 20
[1788896031940] TUI Render Frame -> Synced: true, Seq ID: 1788896028398000000, Bids: 20, Asks: 20
[1788896031989] TUI Render Frame -> Synced: true, Seq ID: 1788896028398000000, Bids: 20, Asks: 20
[1788896032040] TUI Render Frame -> Synced: true, Seq ID: 1788896028398000000, Bids: 20, Asks: 20
[1788896032091] TUI Render Frame -> Synced: true, Seq ID: 1788896028398000000, Bids: 20, Asks: 20
[1788896032140] TUI Render Frame -> Synced: true, Seq ID: 1788896028398000000, Bids: 20, Asks: 20
[1788896032190] TUI Render Frame -> Synced: true, Seq ID: 1788896028398000000, Bids: 20, Asks: 20
[1788896032240] TUI Render Frame -> Synced: true, Seq ID: 1788896028398000000, Bids: 20, Asks: 20
[1788896032290] TUI Render Frame -> Synced: true, Seq ID: 1788896028398000000, Bids: 20, Asks: 20
[1788896032340] TUI Render Frame -> Synced: true, Seq ID: 1788896028398000000, Bids: 20, Asks: 20
[1788896032391] TUI Render Frame -> Synced: true, Seq ID: 1788896028398000000, Bids: 20, Asks: 20
[1788896032440] TUI Render Frame -> Synced: true, Seq ID: 1788896028398000000, Bids: 20, Asks: 20
[1788896032490] TUI Render Frame -> Synced: true, Seq ID: 1788896028398000000, Bids: 20, Asks: 20
[1788896032540] TUI Render Frame -> Synced: true, Seq ID: 1788896028398000000, Bids: 20, Asks: 20
[1788896032590] TUI Render Frame -> Synced: true, Seq ID: 1788896028398000000, Bids: 20, Asks: 20
[1788896032641] TUI Render Frame -> Synced: true, Seq ID: 1788896028398000000, Bids: 20, Asks: 20
[1788896032690] TUI Render Frame -> Synced: true, Seq ID: 1788896028398000000, Bids: 20, Asks: 20
[1788896032741] TUI Render Frame -> Synced: true, Seq ID: 1788896028398000000, Bids: 20, Asks: 20
[1788896032790] TUI Render Frame -> Synced: true, Seq ID: 1788896028398000000, Bids: 20, Asks: 20
[1788896032840] TUI Render Frame -> Synced: true, Seq ID: 1788896028398000000, Bids: 20, Asks: 20
[1788896032890] TUI Render Frame -> Synced: true, Seq ID: 1788896028398000000, Bids: 20, Asks: 20
[1788896032941] TUI Render Frame -> Synced: true, Seq ID: 1788896028398000000, Bids: 20, Asks: 20
[1788896032990] TUI Render Frame -> Synced: true, Seq ID: 1788896028398000000, Bids: 20, Asks: 20
[1788896033040] TUI Render Frame -> Synced: true, Seq ID: 1788896028398000000, Bids: 20, Asks: 20
[1788896033090] TUI Render Frame -> Synced: true, Seq ID: 1788896028398000000, Bids: 20, Asks: 20
[1788896033140] TUI Render Frame -> Synced: true, Seq ID: 1788896028398000000, Bids: 20, Asks: 20
[1788896033191] TUI Render Frame -> Synced: true, Seq ID: 1788896028398000000, Bids: 20, Asks: 20
[1788896033241] TUI Render Frame -> Synced: true, Seq ID: 1788896028398000000, Bids: 20, Asks: 20
[1788896033290] TUI Render Frame -> Synced: true, Seq ID: 1788896028398000000, Bids: 20, Asks: 20
[1788896033340] TUI Render Frame -> Synced: true, Seq ID: 1788896028398000000, Bids: 20, Asks: 20
[1788896033390] TUI Render Frame -> Synced: true, Seq ID: 1788896028398000000, Bids: 20, Asks: 20
[1788896033440] TUI Render Frame -> Synced: true, Seq ID: 1788896028398000000, Bids: 20, Asks: 20
[1788896033490] TUI Render Frame -> Synced: true, Seq ID: 1788896028398000000, Bids: 20, Asks: 20
[1788896033540] TUI Render Frame -> Synced: true, Seq ID: 1788896028398000000, Bids: 20, Asks: 20
[1788896033589] TUI Render Frame -> Synced: true, Seq ID: 1788896028398000000, Bids: 20, Asks: 20
[1788896033641] TUI Render Frame -> Synced: true, Seq ID: 1788896028398000000, Bids: 20, Asks: 20
[1788896033691] TUI Render Frame -> Synced: true, Seq ID: 1788896028398000000, Bids: 20, Asks: 20
[1788896033740] TUI Render Frame -> Synced: true, Seq ID: 1788896028398000000, Bids: 20, Asks: 20
[1788896033791] TUI Render Frame -> Synced: true, Seq ID: 1788896028398000000, Bids: 20, Asks: 20
[1788896033840] TUI Render Frame -> Synced: true, Seq ID: 1788896028398000000, Bids: 20, Asks: 20
[1788896033890] TUI Render Frame -> Synced: true, Seq ID: 1788896028398000000, Bids: 20, Asks: 20
[1788896033941] TUI Render Frame -> Synced: true, Seq ID: 1788896028398000000, Bids: 20, Asks: 20
[1788896033990] TUI Render Frame -> Synced: true, Seq ID: 1788896028398000000, Bids: 20, Asks: 20
[1788896034039] TUI Render Frame -> Synced: true, Seq ID: 1788896028398000000, Bids: 20, Asks: 20
[1788896034090] TUI Render Frame -> Synced: true, Seq ID: 1788896028398000000, Bids: 20, Asks: 20
[1788896034140] TUI Render Frame -> Synced: true, Seq ID: 1788896028398000000, Bids: 20, Asks: 20
[1788896034191] TUI Render Frame -> Synced: true, Seq ID: 1788896028398000000, Bids: 20, Asks: 20
[1788896034241] TUI Render Frame -> Synced: true, Seq ID: 1788896028398000000, Bids: 20, Asks: 20
[1788896034272] Msg #20: Depth received | Bids: 20, Asks: 20, Timestamp ID: 1788896033838000000
[1788896034272] Reconciler book exists: true
[1788896034273] ui_tx.send status: true, receiver count: 1
[1788896034291] TUI Render Frame -> Synced: true, Seq ID: 1788896033838000000, Bids: 20, Asks: 20
[1788896034340] TUI Render Frame -> Synced: true, Seq ID: 1788896033838000000, Bids: 20, Asks: 20
[1788896034390] TUI Render Frame -> Synced: true, Seq ID: 1788896033838000000, Bids: 20, Asks: 20
[1788896034441] TUI Render Frame -> Synced: true, Seq ID: 1788896033838000000, Bids: 20, Asks: 20
[1788896034494] TUI Render Frame -> Synced: true, Seq ID: 1788896033838000000, Bids: 20, Asks: 20
[1788896034540] TUI Render Frame -> Synced: true, Seq ID: 1788896033838000000, Bids: 20, Asks: 20
[1788896034589] TUI Render Frame -> Synced: true, Seq ID: 1788896033838000000, Bids: 20, Asks: 20
[1788896034641] TUI Render Frame -> Synced: true, Seq ID: 1788896033838000000, Bids: 20, Asks: 20
[1788896034690] TUI Render Frame -> Synced: true, Seq ID: 1788896033838000000, Bids: 20, Asks: 20
[1788896034740] TUI Render Frame -> Synced: true, Seq ID: 1788896033838000000, Bids: 20, Asks: 20
[1788896034791] TUI Render Frame -> Synced: true, Seq ID: 1788896033838000000, Bids: 20, Asks: 20
[1788896034841] TUI Render Frame -> Synced: true, Seq ID: 1788896033838000000, Bids: 20, Asks: 20
[1788896034891] TUI Render Frame -> Synced: true, Seq ID: 1788896033838000000, Bids: 20, Asks: 20
[1788896034940] TUI Render Frame -> Synced: true, Seq ID: 1788896033838000000, Bids: 20, Asks: 20
[1788896034991] TUI Render Frame -> Synced: true, Seq ID: 1788896033838000000, Bids: 20, Asks: 20
[1788896035041] TUI Render Frame -> Synced: true, Seq ID: 1788896033838000000, Bids: 20, Asks: 20
[1788896035091] TUI Render Frame -> Synced: true, Seq ID: 1788896033838000000, Bids: 20, Asks: 20
[1788896035141] TUI Render Frame -> Synced: true, Seq ID: 1788896033838000000, Bids: 20, Asks: 20
[1788896035190] TUI Render Frame -> Synced: true, Seq ID: 1788896033838000000, Bids: 20, Asks: 20
[1788896035241] TUI Render Frame -> Synced: true, Seq ID: 1788896033838000000, Bids: 20, Asks: 20
[1788896035291] TUI Render Frame -> Synced: true, Seq ID: 1788896033838000000, Bids: 20, Asks: 20
[1788896035340] TUI Render Frame -> Synced: true, Seq ID: 1788896033838000000, Bids: 20, Asks: 20
[1788896035390] TUI Render Frame -> Synced: true, Seq ID: 1788896033838000000, Bids: 20, Asks: 20
[1788896035441] TUI Render Frame -> Synced: true, Seq ID: 1788896033838000000, Bids: 20, Asks: 20
[1788896035490] TUI Render Frame -> Synced: true, Seq ID: 1788896033838000000, Bids: 20, Asks: 20
[1788896035541] TUI Render Frame -> Synced: true, Seq ID: 1788896033838000000, Bids: 20, Asks: 20
[1788896035591] TUI Render Frame -> Synced: true, Seq ID: 1788896033838000000, Bids: 20, Asks: 20
[1788896035639] TUI Render Frame -> Synced: true, Seq ID: 1788896033838000000, Bids: 20, Asks: 20
[1788896035690] TUI Render Frame -> Synced: true, Seq ID: 1788896033838000000, Bids: 20, Asks: 20
[1788896035741] TUI Render Frame -> Synced: true, Seq ID: 1788896033838000000, Bids: 20, Asks: 20
[1788896035791] TUI Render Frame -> Synced: true, Seq ID: 1788896033838000000, Bids: 20, Asks: 20
[1788896035841] TUI Render Frame -> Synced: true, Seq ID: 1788896033838000000, Bids: 20, Asks: 20
[1788896035891] TUI Render Frame -> Synced: true, Seq ID: 1788896033838000000, Bids: 20, Asks: 20
[1788896035941] TUI Render Frame -> Synced: true, Seq ID: 1788896033838000000, Bids: 20, Asks: 20
[1788896035991] TUI Render Frame -> Synced: true, Seq ID: 1788896033838000000, Bids: 20, Asks: 20
[1788896036040] TUI Render Frame -> Synced: true, Seq ID: 1788896033838000000, Bids: 20, Asks: 20
[1788896036090] TUI Render Frame -> Synced: true, Seq ID: 1788896033838000000, Bids: 20, Asks: 20
[1788896036141] TUI Render Frame -> Synced: true, Seq ID: 1788896033838000000, Bids: 20, Asks: 20
[1788896036190] TUI Render Frame -> Synced: true, Seq ID: 1788896033838000000, Bids: 20, Asks: 20
[1788896036241] TUI Render Frame -> Synced: true, Seq ID: 1788896033838000000, Bids: 20, Asks: 20
[1788896036290] TUI Render Frame -> Synced: true, Seq ID: 1788896033838000000, Bids: 20, Asks: 20
[1788896036341] TUI Render Frame -> Synced: true, Seq ID: 1788896033838000000, Bids: 20, Asks: 20
[1788896036391] TUI Render Frame -> Synced: true, Seq ID: 1788896033838000000, Bids: 20, Asks: 20
[1788896036440] TUI Render Frame -> Synced: true, Seq ID: 1788896033838000000, Bids: 20, Asks: 20
[1788896036490] TUI Render Frame -> Synced: true, Seq ID: 1788896033838000000, Bids: 20, Asks: 20
[1788896036540] TUI Render Frame -> Synced: true, Seq ID: 1788896033838000000, Bids: 20, Asks: 20
[1788896036591] TUI Render Frame -> Synced: true, Seq ID: 1788896033838000000, Bids: 20, Asks: 20
[1788896036640] TUI Render Frame -> Synced: true, Seq ID: 1788896033838000000, Bids: 20, Asks: 20
[1788896036691] TUI Render Frame -> Synced: true, Seq ID: 1788896033838000000, Bids: 20, Asks: 20
[1788896036741] TUI Render Frame -> Synced: true, Seq ID: 1788896033838000000, Bids: 20, Asks: 20
[1788896036789] TUI Render Frame -> Synced: true, Seq ID: 1788896033838000000, Bids: 20, Asks: 20
[1788896036840] TUI Render Frame -> Synced: true, Seq ID: 1788896033838000000, Bids: 20, Asks: 20
[1788896036891] TUI Render Frame -> Synced: true, Seq ID: 1788896033838000000, Bids: 20, Asks: 20
[1788896036941] TUI Render Frame -> Synced: true, Seq ID: 1788896033838000000, Bids: 20, Asks: 20
[1788896036990] TUI Render Frame -> Synced: true, Seq ID: 1788896033838000000, Bids: 20, Asks: 20
[1788896037041] TUI Render Frame -> Synced: true, Seq ID: 1788896033838000000, Bids: 20, Asks: 20
[1788896037090] TUI Render Frame -> Synced: true, Seq ID: 1788896033838000000, Bids: 20, Asks: 20
[1788896037140] TUI Render Frame -> Synced: true, Seq ID: 1788896033838000000, Bids: 20, Asks: 20
[1788896037190] TUI Render Frame -> Synced: true, Seq ID: 1788896033838000000, Bids: 20, Asks: 20
[1788896037240] TUI Render Frame -> Synced: true, Seq ID: 1788896033838000000, Bids: 20, Asks: 20
[1788896037290] TUI Render Frame -> Synced: true, Seq ID: 1788896033838000000, Bids: 20, Asks: 20
[1788896037340] TUI Render Frame -> Synced: true, Seq ID: 1788896033838000000, Bids: 20, Asks: 20
[1788896037391] TUI Render Frame -> Synced: true, Seq ID: 1788896033838000000, Bids: 20, Asks: 20
[1788896037440] TUI Render Frame -> Synced: true, Seq ID: 1788896033838000000, Bids: 20, Asks: 20
[1788896037491] TUI Render Frame -> Synced: true, Seq ID: 1788896033838000000, Bids: 20, Asks: 20
[1788896037541] TUI Render Frame -> Synced: true, Seq ID: 1788896033838000000, Bids: 20, Asks: 20
[1788896037590] TUI Render Frame -> Synced: true, Seq ID: 1788896033838000000, Bids: 20, Asks: 20
[1788896037640] TUI Render Frame -> Synced: true, Seq ID: 1788896033838000000, Bids: 20, Asks: 20
[1788896037690] TUI Render Frame -> Synced: true, Seq ID: 1788896033838000000, Bids: 20, Asks: 20
[1788896037741] TUI Render Frame -> Synced: true, Seq ID: 1788896033838000000, Bids: 20, Asks: 20
[1788896037790] TUI Render Frame -> Synced: true, Seq ID: 1788896033838000000, Bids: 20, Asks: 20
[1788896037841] TUI Render Frame -> Synced: true, Seq ID: 1788896033838000000, Bids: 20, Asks: 20
[1788896037890] TUI Render Frame -> Synced: true, Seq ID: 1788896033838000000, Bids: 20, Asks: 20
[1788896037940] TUI Render Frame -> Synced: true, Seq ID: 1788896033838000000, Bids: 20, Asks: 20
[1788896037990] TUI Render Frame -> Synced: true, Seq ID: 1788896033838000000, Bids: 20, Asks: 20
[1788896038040] TUI Render Frame -> Synced: true, Seq ID: 1788896033838000000, Bids: 20, Asks: 20
[1788896038090] TUI Render Frame -> Synced: true, Seq ID: 1788896033838000000, Bids: 20, Asks: 20
[1788896038140] TUI Render Frame -> Synced: true, Seq ID: 1788896033838000000, Bids: 20, Asks: 20
[1788896038191] TUI Render Frame -> Synced: true, Seq ID: 1788896033838000000, Bids: 20, Asks: 20
[1788896038241] TUI Render Frame -> Synced: true, Seq ID: 1788896033838000000, Bids: 20, Asks: 20
[1788896038290] TUI Render Frame -> Synced: true, Seq ID: 1788896033838000000, Bids: 20, Asks: 20
[1788896038341] TUI Render Frame -> Synced: true, Seq ID: 1788896033838000000, Bids: 20, Asks: 20
[1788896038390] TUI Render Frame -> Synced: true, Seq ID: 1788896033838000000, Bids: 20, Asks: 20
[1788896038440] TUI Render Frame -> Synced: true, Seq ID: 1788896033838000000, Bids: 20, Asks: 20
[1788896038491] TUI Render Frame -> Synced: true, Seq ID: 1788896033838000000, Bids: 20, Asks: 20
[1788896038540] TUI Render Frame -> Synced: true, Seq ID: 1788896033838000000, Bids: 20, Asks: 20
[1788896038590] TUI Render Frame -> Synced: true, Seq ID: 1788896033838000000, Bids: 20, Asks: 20
[1788896038640] TUI Render Frame -> Synced: true, Seq ID: 1788896033838000000, Bids: 20, Asks: 20
[1788896038690] TUI Render Frame -> Synced: true, Seq ID: 1788896033838000000, Bids: 20, Asks: 20
[1788896038740] TUI Render Frame -> Synced: true, Seq ID: 1788896033838000000, Bids: 20, Asks: 20
[1788896038791] TUI Render Frame -> Synced: true, Seq ID: 1788896033838000000, Bids: 20, Asks: 20
[1788896038840] TUI Render Frame -> Synced: true, Seq ID: 1788896033838000000, Bids: 20, Asks: 20
[1788896038890] TUI Render Frame -> Synced: true, Seq ID: 1788896033838000000, Bids: 20, Asks: 20
[1788896038941] TUI Render Frame -> Synced: true, Seq ID: 1788896033838000000, Bids: 20, Asks: 20
[1788896038990] TUI Render Frame -> Synced: true, Seq ID: 1788896033838000000, Bids: 20, Asks: 20
[1788896039041] TUI Render Frame -> Synced: true, Seq ID: 1788896033838000000, Bids: 20, Asks: 20
[1788896039091] TUI Render Frame -> Synced: true, Seq ID: 1788896033838000000, Bids: 20, Asks: 20
[1788896039140] TUI Render Frame -> Synced: true, Seq ID: 1788896033838000000, Bids: 20, Asks: 20
[1788896039191] TUI Render Frame -> Synced: true, Seq ID: 1788896033838000000, Bids: 20, Asks: 20
[1788896039246] TUI Render Frame -> Synced: true, Seq ID: 1788896033838000000, Bids: 20, Asks: 20
[1788896039290] TUI Render Frame -> Synced: true, Seq ID: 1788896033838000000, Bids: 20, Asks: 20
[1788896039341] TUI Render Frame -> Synced: true, Seq ID: 1788896033838000000, Bids: 20, Asks: 20
[1788896039391] TUI Render Frame -> Synced: true, Seq ID: 1788896033838000000, Bids: 20, Asks: 20
[1788896039440] TUI Render Frame -> Synced: true, Seq ID: 1788896033838000000, Bids: 20, Asks: 20
[1788896039490] TUI Render Frame -> Synced: true, Seq ID: 1788896033838000000, Bids: 20, Asks: 20
[1788896039541] TUI Render Frame -> Synced: true, Seq ID: 1788896033838000000, Bids: 20, Asks: 20
[1788896039590] TUI Render Frame -> Synced: true, Seq ID: 1788896033838000000, Bids: 20, Asks: 20
[1788896039621] Msg #21: Depth received | Bids: 20, Asks: 20, Timestamp ID: 1788896039212000000
[1788896039621] Reconciler book exists: true
[1788896039621] ui_tx.send status: true, receiver count: 1
[1788896039641] TUI Render Frame -> Synced: true, Seq ID: 1788896039212000000, Bids: 20, Asks: 20
[1788896039690] TUI Render Frame -> Synced: true, Seq ID: 1788896039212000000, Bids: 20, Asks: 20
[1788896039740] TUI Render Frame -> Synced: true, Seq ID: 1788896039212000000, Bids: 20, Asks: 20
[1788896039790] TUI Render Frame -> Synced: true, Seq ID: 1788896039212000000, Bids: 20, Asks: 20
[1788896039840] TUI Render Frame -> Synced: true, Seq ID: 1788896039212000000, Bids: 20, Asks: 20
[1788896039890] TUI Render Frame -> Synced: true, Seq ID: 1788896039212000000, Bids: 20, Asks: 20
[1788896039940] TUI Render Frame -> Synced: true, Seq ID: 1788896039212000000, Bids: 20, Asks: 20
[1788896039990] TUI Render Frame -> Synced: true, Seq ID: 1788896039212000000, Bids: 20, Asks: 20
[1788896040041] TUI Render Frame -> Synced: true, Seq ID: 1788896039212000000, Bids: 20, Asks: 20
[1788896040091] TUI Render Frame -> Synced: true, Seq ID: 1788896039212000000, Bids: 20, Asks: 20
[1788896040140] TUI Render Frame -> Synced: true, Seq ID: 1788896039212000000, Bids: 20, Asks: 20
[1788896040190] TUI Render Frame -> Synced: true, Seq ID: 1788896039212000000, Bids: 20, Asks: 20
[1788896040241] TUI Render Frame -> Synced: true, Seq ID: 1788896039212000000, Bids: 20, Asks: 20
[1788896040291] TUI Render Frame -> Synced: true, Seq ID: 1788896039212000000, Bids: 20, Asks: 20
[1788896040341] TUI Render Frame -> Synced: true, Seq ID: 1788896039212000000, Bids: 20, Asks: 20
[1788896040391] TUI Render Frame -> Synced: true, Seq ID: 1788896039212000000, Bids: 20, Asks: 20
[1788896040439] TUI Render Frame -> Synced: true, Seq ID: 1788896039212000000, Bids: 20, Asks: 20
[1788896040491] TUI Render Frame -> Synced: true, Seq ID: 1788896039212000000, Bids: 20, Asks: 20
[1788896040541] TUI Render Frame -> Synced: true, Seq ID: 1788896039212000000, Bids: 20, Asks: 20
[1788896040590] TUI Render Frame -> Synced: true, Seq ID: 1788896039212000000, Bids: 20, Asks: 20
[1788896040641] TUI Render Frame -> Synced: true, Seq ID: 1788896039212000000, Bids: 20, Asks: 20
[1788896040690] TUI Render Frame -> Synced: true, Seq ID: 1788896039212000000, Bids: 20, Asks: 20
[1788896040741] TUI Render Frame -> Synced: true, Seq ID: 1788896039212000000, Bids: 20, Asks: 20
[1788896040790] TUI Render Frame -> Synced: true, Seq ID: 1788896039212000000, Bids: 20, Asks: 20
[1788896040841] TUI Render Frame -> Synced: true, Seq ID: 1788896039212000000, Bids: 20, Asks: 20
[1788896040890] TUI Render Frame -> Synced: true, Seq ID: 1788896039212000000, Bids: 20, Asks: 20
[1788896040940] TUI Render Frame -> Synced: true, Seq ID: 1788896039212000000, Bids: 20, Asks: 20
[1788896040990] TUI Render Frame -> Synced: true, Seq ID: 1788896039212000000, Bids: 20, Asks: 20
[1788896041041] TUI Render Frame -> Synced: true, Seq ID: 1788896039212000000, Bids: 20, Asks: 20
[1788896041090] TUI Render Frame -> Synced: true, Seq ID: 1788896039212000000, Bids: 20, Asks: 20
[1788896041140] TUI Render Frame -> Synced: true, Seq ID: 1788896039212000000, Bids: 20, Asks: 20
[1788896041190] TUI Render Frame -> Synced: true, Seq ID: 1788896039212000000, Bids: 20, Asks: 20
[1788896041241] TUI Render Frame -> Synced: true, Seq ID: 1788896039212000000, Bids: 20, Asks: 20
[1788896041291] TUI Render Frame -> Synced: true, Seq ID: 1788896039212000000, Bids: 20, Asks: 20
[1788896041340] TUI Render Frame -> Synced: true, Seq ID: 1788896039212000000, Bids: 20, Asks: 20
[1788896041390] TUI Render Frame -> Synced: true, Seq ID: 1788896039212000000, Bids: 20, Asks: 20
[1788896041441] TUI Render Frame -> Synced: true, Seq ID: 1788896039212000000, Bids: 20, Asks: 20
[1788896041491] TUI Render Frame -> Synced: true, Seq ID: 1788896039212000000, Bids: 20, Asks: 20
[1788896041540] TUI Render Frame -> Synced: true, Seq ID: 1788896039212000000, Bids: 20, Asks: 20
[1788896041590] TUI Render Frame -> Synced: true, Seq ID: 1788896039212000000, Bids: 20, Asks: 20
[1788896041640] TUI Render Frame -> Synced: true, Seq ID: 1788896039212000000, Bids: 20, Asks: 20
[1788896041690] TUI Render Frame -> Synced: true, Seq ID: 1788896039212000000, Bids: 20, Asks: 20
[1788896041741] TUI Render Frame -> Synced: true, Seq ID: 1788896039212000000, Bids: 20, Asks: 20
[1788896041791] TUI Render Frame -> Synced: true, Seq ID: 1788896039212000000, Bids: 20, Asks: 20
[1788896041841] TUI Render Frame -> Synced: true, Seq ID: 1788896039212000000, Bids: 20, Asks: 20
[1788896041891] TUI Render Frame -> Synced: true, Seq ID: 1788896039212000000, Bids: 20, Asks: 20
[1788896041941] TUI Render Frame -> Synced: true, Seq ID: 1788896039212000000, Bids: 20, Asks: 20
[1788896041990] TUI Render Frame -> Synced: true, Seq ID: 1788896039212000000, Bids: 20, Asks: 20
[1788896042040] TUI Render Frame -> Synced: true, Seq ID: 1788896039212000000, Bids: 20, Asks: 20
[1788896042090] TUI Render Frame -> Synced: true, Seq ID: 1788896039212000000, Bids: 20, Asks: 20
[1788896042140] TUI Render Frame -> Synced: true, Seq ID: 1788896039212000000, Bids: 20, Asks: 20
[1788896042191] TUI Render Frame -> Synced: true, Seq ID: 1788896039212000000, Bids: 20, Asks: 20
[1788896042241] TUI Render Frame -> Synced: true, Seq ID: 1788896039212000000, Bids: 20, Asks: 20
[1788896042291] TUI Render Frame -> Synced: true, Seq ID: 1788896039212000000, Bids: 20, Asks: 20
[1788896042341] TUI Render Frame -> Synced: true, Seq ID: 1788896039212000000, Bids: 20, Asks: 20
[1788896042390] TUI Render Frame -> Synced: true, Seq ID: 1788896039212000000, Bids: 20, Asks: 20
[1788896042441] TUI Render Frame -> Synced: true, Seq ID: 1788896039212000000, Bids: 20, Asks: 20
[1788896042490] TUI Render Frame -> Synced: true, Seq ID: 1788896039212000000, Bids: 20, Asks: 20
[1788896042541] TUI Render Frame -> Synced: true, Seq ID: 1788896039212000000, Bids: 20, Asks: 20
[1788896042590] TUI Render Frame -> Synced: true, Seq ID: 1788896039212000000, Bids: 20, Asks: 20
[1788896042641] TUI Render Frame -> Synced: true, Seq ID: 1788896039212000000, Bids: 20, Asks: 20
[1788896042691] TUI Render Frame -> Synced: true, Seq ID: 1788896039212000000, Bids: 20, Asks: 20
[1788896042741] TUI Render Frame -> Synced: true, Seq ID: 1788896039212000000, Bids: 20, Asks: 20
[1788896042791] TUI Render Frame -> Synced: true, Seq ID: 1788896039212000000, Bids: 20, Asks: 20
[1788896042840] TUI Render Frame -> Synced: true, Seq ID: 1788896039212000000, Bids: 20, Asks: 20
[1788896042891] TUI Render Frame -> Synced: true, Seq ID: 1788896039212000000, Bids: 20, Asks: 20
[1788896042940] TUI Render Frame -> Synced: true, Seq ID: 1788896039212000000, Bids: 20, Asks: 20
[1788896042991] TUI Render Frame -> Synced: true, Seq ID: 1788896039212000000, Bids: 20, Asks: 20
[1788896043041] TUI Render Frame -> Synced: true, Seq ID: 1788896039212000000, Bids: 20, Asks: 20
[1788896043091] TUI Render Frame -> Synced: true, Seq ID: 1788896039212000000, Bids: 20, Asks: 20
[1788896043140] TUI Render Frame -> Synced: true, Seq ID: 1788896039212000000, Bids: 20, Asks: 20
[1788896043190] TUI Render Frame -> Synced: true, Seq ID: 1788896039212000000, Bids: 20, Asks: 20
[1788896043241] TUI Render Frame -> Synced: true, Seq ID: 1788896039212000000, Bids: 20, Asks: 20
[1788896043290] TUI Render Frame -> Synced: true, Seq ID: 1788896039212000000, Bids: 20, Asks: 20
[1788896043340] TUI Render Frame -> Synced: true, Seq ID: 1788896039212000000, Bids: 20, Asks: 20
[1788896043390] TUI Render Frame -> Synced: true, Seq ID: 1788896039212000000, Bids: 20, Asks: 20
[1788896043440] TUI Render Frame -> Synced: true, Seq ID: 1788896039212000000, Bids: 20, Asks: 20
[1788896043490] TUI Render Frame -> Synced: true, Seq ID: 1788896039212000000, Bids: 20, Asks: 20
[1788896043541] TUI Render Frame -> Synced: true, Seq ID: 1788896039212000000, Bids: 20, Asks: 20
[1788896043591] TUI Render Frame -> Synced: true, Seq ID: 1788896039212000000, Bids: 20, Asks: 20
[1788896043640] TUI Render Frame -> Synced: true, Seq ID: 1788896039212000000, Bids: 20, Asks: 20
[1788896043690] TUI Render Frame -> Synced: true, Seq ID: 1788896039212000000, Bids: 20, Asks: 20
[1788896043741] TUI Render Frame -> Synced: true, Seq ID: 1788896039212000000, Bids: 20, Asks: 20
[1788896043791] TUI Render Frame -> Synced: true, Seq ID: 1788896039212000000, Bids: 20, Asks: 20
[1788896043841] TUI Render Frame -> Synced: true, Seq ID: 1788896039212000000, Bids: 20, Asks: 20
[1788896043890] TUI Render Frame -> Synced: true, Seq ID: 1788896039212000000, Bids: 20, Asks: 20
[1788896043941] TUI Render Frame -> Synced: true, Seq ID: 1788896039212000000, Bids: 20, Asks: 20
[1788896043991] TUI Render Frame -> Synced: true, Seq ID: 1788896039212000000, Bids: 20, Asks: 20
[1788896044040] TUI Render Frame -> Synced: true, Seq ID: 1788896039212000000, Bids: 20, Asks: 20
[1788896044090] TUI Render Frame -> Synced: true, Seq ID: 1788896039212000000, Bids: 20, Asks: 20
[1788896044141] TUI Render Frame -> Synced: true, Seq ID: 1788896039212000000, Bids: 20, Asks: 20
[1788896044190] TUI Render Frame -> Synced: true, Seq ID: 1788896039212000000, Bids: 20, Asks: 20
[1788896044240] TUI Render Frame -> Synced: true, Seq ID: 1788896039212000000, Bids: 20, Asks: 20
[1788896044291] TUI Render Frame -> Synced: true, Seq ID: 1788896039212000000, Bids: 20, Asks: 20
[1788896044340] TUI Render Frame -> Synced: true, Seq ID: 1788896039212000000, Bids: 20, Asks: 20
[1788896044390] TUI Render Frame -> Synced: true, Seq ID: 1788896039212000000, Bids: 20, Asks: 20
[1788896044440] TUI Render Frame -> Synced: true, Seq ID: 1788896039212000000, Bids: 20, Asks: 20
[1788896044490] TUI Render Frame -> Synced: true, Seq ID: 1788896039212000000, Bids: 20, Asks: 20
[1788896044540] TUI Render Frame -> Synced: true, Seq ID: 1788896039212000000, Bids: 20, Asks: 20
[1788896044590] TUI Render Frame -> Synced: true, Seq ID: 1788896039212000000, Bids: 20, Asks: 20
[1788896044641] TUI Render Frame -> Synced: true, Seq ID: 1788896039212000000, Bids: 20, Asks: 20
[1788896044690] TUI Render Frame -> Synced: true, Seq ID: 1788896039212000000, Bids: 20, Asks: 20
[1788896044740] TUI Render Frame -> Synced: true, Seq ID: 1788896039212000000, Bids: 20, Asks: 20
[1788896044789] TUI Render Frame -> Synced: true, Seq ID: 1788896039212000000, Bids: 20, Asks: 20
[1788896044840] TUI Render Frame -> Synced: true, Seq ID: 1788896039212000000, Bids: 20, Asks: 20
[1788896044891] TUI Render Frame -> Synced: true, Seq ID: 1788896039212000000, Bids: 20, Asks: 20
[1788896044940] TUI Render Frame -> Synced: true, Seq ID: 1788896039212000000, Bids: 20, Asks: 20
[1788896044990] TUI Render Frame -> Synced: true, Seq ID: 1788896039212000000, Bids: 20, Asks: 20
[1788896045041] TUI Render Frame -> Synced: true, Seq ID: 1788896039212000000, Bids: 20, Asks: 20
[1788896045058] Msg #22: Depth received | Bids: 20, Asks: 20, Timestamp ID: 1788896044591000000
[1788896045058] Reconciler book exists: true
[1788896045059] ui_tx.send status: true, receiver count: 1
[1788896045090] TUI Render Frame -> Synced: true, Seq ID: 1788896044591000000, Bids: 20, Asks: 20
[1788896045140] TUI Render Frame -> Synced: true, Seq ID: 1788896044591000000, Bids: 20, Asks: 20
[1788896045191] TUI Render Frame -> Synced: true, Seq ID: 1788896044591000000, Bids: 20, Asks: 20
[1788896045240] TUI Render Frame -> Synced: true, Seq ID: 1788896044591000000, Bids: 20, Asks: 20
[1788896045290] TUI Render Frame -> Synced: true, Seq ID: 1788896044591000000, Bids: 20, Asks: 20
[1788896045340] TUI Render Frame -> Synced: true, Seq ID: 1788896044591000000, Bids: 20, Asks: 20
[1788896045391] TUI Render Frame -> Synced: true, Seq ID: 1788896044591000000, Bids: 20, Asks: 20
[1788896045440] TUI Render Frame -> Synced: true, Seq ID: 1788896044591000000, Bids: 20, Asks: 20
[1788896045491] TUI Render Frame -> Synced: true, Seq ID: 1788896044591000000, Bids: 20, Asks: 20
[1788896045540] TUI Render Frame -> Synced: true, Seq ID: 1788896044591000000, Bids: 20, Asks: 20
[1788896045590] TUI Render Frame -> Synced: true, Seq ID: 1788896044591000000, Bids: 20, Asks: 20
[1788896045641] TUI Render Frame -> Synced: true, Seq ID: 1788896044591000000, Bids: 20, Asks: 20
[1788896045690] TUI Render Frame -> Synced: true, Seq ID: 1788896044591000000, Bids: 20, Asks: 20
[1788896045741] TUI Render Frame -> Synced: true, Seq ID: 1788896044591000000, Bids: 20, Asks: 20
[1788896045790] TUI Render Frame -> Synced: true, Seq ID: 1788896044591000000, Bids: 20, Asks: 20
[1788896045841] TUI Render Frame -> Synced: true, Seq ID: 1788896044591000000, Bids: 20, Asks: 20
[1788896045890] TUI Render Frame -> Synced: true, Seq ID: 1788896044591000000, Bids: 20, Asks: 20
[1788896045940] TUI Render Frame -> Synced: true, Seq ID: 1788896044591000000, Bids: 20, Asks: 20
[1788896045991] TUI Render Frame -> Synced: true, Seq ID: 1788896044591000000, Bids: 20, Asks: 20
[1788896046040] TUI Render Frame -> Synced: true, Seq ID: 1788896044591000000, Bids: 20, Asks: 20
[1788896046090] TUI Render Frame -> Synced: true, Seq ID: 1788896044591000000, Bids: 20, Asks: 20
[1788896046140] TUI Render Frame -> Synced: true, Seq ID: 1788896044591000000, Bids: 20, Asks: 20
[1788896046191] TUI Render Frame -> Synced: true, Seq ID: 1788896044591000000, Bids: 20, Asks: 20
[1788896046241] TUI Render Frame -> Synced: true, Seq ID: 1788896044591000000, Bids: 20, Asks: 20
[1788896046291] TUI Render Frame -> Synced: true, Seq ID: 1788896044591000000, Bids: 20, Asks: 20
[1788896046340] TUI Render Frame -> Synced: true, Seq ID: 1788896044591000000, Bids: 20, Asks: 20
[1788896046390] TUI Render Frame -> Synced: true, Seq ID: 1788896044591000000, Bids: 20, Asks: 20
[1788896046440] TUI Render Frame -> Synced: true, Seq ID: 1788896044591000000, Bids: 20, Asks: 20
[1788896046491] TUI Render Frame -> Synced: true, Seq ID: 1788896044591000000, Bids: 20, Asks: 20
[1788896046540] TUI Render Frame -> Synced: true, Seq ID: 1788896044591000000, Bids: 20, Asks: 20
[1788896046590] TUI Render Frame -> Synced: true, Seq ID: 1788896044591000000, Bids: 20, Asks: 20
[1788896046640] TUI Render Frame -> Synced: true, Seq ID: 1788896044591000000, Bids: 20, Asks: 20
[1788896046690] TUI Render Frame -> Synced: true, Seq ID: 1788896044591000000, Bids: 20, Asks: 20
[1788896046740] TUI Render Frame -> Synced: true, Seq ID: 1788896044591000000, Bids: 20, Asks: 20
[1788896046791] TUI Render Frame -> Synced: true, Seq ID: 1788896044591000000, Bids: 20, Asks: 20
[1788896046839] TUI Render Frame -> Synced: true, Seq ID: 1788896044591000000, Bids: 20, Asks: 20
[1788896046890] TUI Render Frame -> Synced: true, Seq ID: 1788896044591000000, Bids: 20, Asks: 20
[1788896046941] TUI Render Frame -> Synced: true, Seq ID: 1788896044591000000, Bids: 20, Asks: 20
[1788896046991] TUI Render Frame -> Synced: true, Seq ID: 1788896044591000000, Bids: 20, Asks: 20
[1788896047041] TUI Render Frame -> Synced: true, Seq ID: 1788896044591000000, Bids: 20, Asks: 20
[1788896047091] TUI Render Frame -> Synced: true, Seq ID: 1788896044591000000, Bids: 20, Asks: 20
[1788896047140] TUI Render Frame -> Synced: true, Seq ID: 1788896044591000000, Bids: 20, Asks: 20
[1788896047190] TUI Render Frame -> Synced: true, Seq ID: 1788896044591000000, Bids: 20, Asks: 20
[1788896047241] TUI Render Frame -> Synced: true, Seq ID: 1788896044591000000, Bids: 20, Asks: 20
[1788896047290] TUI Render Frame -> Synced: true, Seq ID: 1788896044591000000, Bids: 20, Asks: 20
[1788896047340] TUI Render Frame -> Synced: true, Seq ID: 1788896044591000000, Bids: 20, Asks: 20
[1788896047391] TUI Render Frame -> Synced: true, Seq ID: 1788896044591000000, Bids: 20, Asks: 20
[1788896047441] TUI Render Frame -> Synced: true, Seq ID: 1788896044591000000, Bids: 20, Asks: 20
[1788896047490] TUI Render Frame -> Synced: true, Seq ID: 1788896044591000000, Bids: 20, Asks: 20
[1788896047541] TUI Render Frame -> Synced: true, Seq ID: 1788896044591000000, Bids: 20, Asks: 20
[1788896047590] TUI Render Frame -> Synced: true, Seq ID: 1788896044591000000, Bids: 20, Asks: 20
[1788896047641] TUI Render Frame -> Synced: true, Seq ID: 1788896044591000000, Bids: 20, Asks: 20
[1788896047691] TUI Render Frame -> Synced: true, Seq ID: 1788896044591000000, Bids: 20, Asks: 20
[1788896047740] TUI Render Frame -> Synced: true, Seq ID: 1788896044591000000, Bids: 20, Asks: 20
[1788896047790] TUI Render Frame -> Synced: true, Seq ID: 1788896044591000000, Bids: 20, Asks: 20
[1788896047840] TUI Render Frame -> Synced: true, Seq ID: 1788896044591000000, Bids: 20, Asks: 20
[1788896047890] TUI Render Frame -> Synced: true, Seq ID: 1788896044591000000, Bids: 20, Asks: 20
[1788896047954] TUI Render Frame -> Synced: true, Seq ID: 1788896044591000000, Bids: 20, Asks: 20
[1788896047989] TUI Render Frame -> Synced: true, Seq ID: 1788896044591000000, Bids: 20, Asks: 20
[1788896048041] TUI Render Frame -> Synced: true, Seq ID: 1788896044591000000, Bids: 20, Asks: 20
[1788896048090] TUI Render Frame -> Synced: true, Seq ID: 1788896044591000000, Bids: 20, Asks: 20
[1788896048141] TUI Render Frame -> Synced: true, Seq ID: 1788896044591000000, Bids: 20, Asks: 20
[1788896048190] TUI Render Frame -> Synced: true, Seq ID: 1788896044591000000, Bids: 20, Asks: 20
[1788896048241] TUI Render Frame -> Synced: true, Seq ID: 1788896044591000000, Bids: 20, Asks: 20
[1788896048290] TUI Render Frame -> Synced: true, Seq ID: 1788896044591000000, Bids: 20, Asks: 20
[1788896048341] TUI Render Frame -> Synced: true, Seq ID: 1788896044591000000, Bids: 20, Asks: 20
[1788896048391] TUI Render Frame -> Synced: true, Seq ID: 1788896044591000000, Bids: 20, Asks: 20
[1788896048440] TUI Render Frame -> Synced: true, Seq ID: 1788896044591000000, Bids: 20, Asks: 20
[1788896048491] TUI Render Frame -> Synced: true, Seq ID: 1788896044591000000, Bids: 20, Asks: 20
[1788896048541] TUI Render Frame -> Synced: true, Seq ID: 1788896044591000000, Bids: 20, Asks: 20
[1788896048593] TUI Render Frame -> Synced: true, Seq ID: 1788896044591000000, Bids: 20, Asks: 20
[1788896048640] TUI Render Frame -> Synced: true, Seq ID: 1788896044591000000, Bids: 20, Asks: 20
[1788896048690] TUI Render Frame -> Synced: true, Seq ID: 1788896044591000000, Bids: 20, Asks: 20
[1788896048741] TUI Render Frame -> Synced: true, Seq ID: 1788896044591000000, Bids: 20, Asks: 20
[1788896048790] TUI Render Frame -> Synced: true, Seq ID: 1788896044591000000, Bids: 20, Asks: 20
[1788896048841] TUI Render Frame -> Synced: true, Seq ID: 1788896044591000000, Bids: 20, Asks: 20
[1788896048890] TUI Render Frame -> Synced: true, Seq ID: 1788896044591000000, Bids: 20, Asks: 20
[1788896048940] TUI Render Frame -> Synced: true, Seq ID: 1788896044591000000, Bids: 20, Asks: 20
[1788896048991] TUI Render Frame -> Synced: true, Seq ID: 1788896044591000000, Bids: 20, Asks: 20
[1788896049041] TUI Render Frame -> Synced: true, Seq ID: 1788896044591000000, Bids: 20, Asks: 20
[1788896049090] TUI Render Frame -> Synced: true, Seq ID: 1788896044591000000, Bids: 20, Asks: 20
[1788896049140] TUI Render Frame -> Synced: true, Seq ID: 1788896044591000000, Bids: 20, Asks: 20
[1788896049191] TUI Render Frame -> Synced: true, Seq ID: 1788896044591000000, Bids: 20, Asks: 20
[1788896049240] TUI Render Frame -> Synced: true, Seq ID: 1788896044591000000, Bids: 20, Asks: 20
[1788896049291] TUI Render Frame -> Synced: true, Seq ID: 1788896044591000000, Bids: 20, Asks: 20
[1788896049340] TUI Render Frame -> Synced: true, Seq ID: 1788896044591000000, Bids: 20, Asks: 20
[1788896049391] TUI Render Frame -> Synced: true, Seq ID: 1788896044591000000, Bids: 20, Asks: 20
[1788896049440] TUI Render Frame -> Synced: true, Seq ID: 1788896044591000000, Bids: 20, Asks: 20
[1788896049491] TUI Render Frame -> Synced: true, Seq ID: 1788896044591000000, Bids: 20, Asks: 20
[1788896049540] TUI Render Frame -> Synced: true, Seq ID: 1788896044591000000, Bids: 20, Asks: 20
[1788896049589] TUI Render Frame -> Synced: true, Seq ID: 1788896044591000000, Bids: 20, Asks: 20
[1788896049641] TUI Render Frame -> Synced: true, Seq ID: 1788896044591000000, Bids: 20, Asks: 20
[1788896049691] TUI Render Frame -> Synced: true, Seq ID: 1788896044591000000, Bids: 20, Asks: 20
[1788896049740] TUI Render Frame -> Synced: true, Seq ID: 1788896044591000000, Bids: 20, Asks: 20
[1788896049790] TUI Render Frame -> Synced: true, Seq ID: 1788896044591000000, Bids: 20, Asks: 20
[1788896049841] TUI Render Frame -> Synced: true, Seq ID: 1788896044591000000, Bids: 20, Asks: 20
[1788896049891] TUI Render Frame -> Synced: true, Seq ID: 1788896044591000000, Bids: 20, Asks: 20
[1788896049940] TUI Render Frame -> Synced: true, Seq ID: 1788896044591000000, Bids: 20, Asks: 20
[1788896049990] TUI Render Frame -> Synced: true, Seq ID: 1788896044591000000, Bids: 20, Asks: 20
[1788896050040] TUI Render Frame -> Synced: true, Seq ID: 1788896044591000000, Bids: 20, Asks: 20
[1788896050091] TUI Render Frame -> Synced: true, Seq ID: 1788896044591000000, Bids: 20, Asks: 20
[1788896050140] TUI Render Frame -> Synced: true, Seq ID: 1788896044591000000, Bids: 20, Asks: 20
[1788896050191] TUI Render Frame -> Synced: true, Seq ID: 1788896044591000000, Bids: 20, Asks: 20
[1788896050240] TUI Render Frame -> Synced: true, Seq ID: 1788896044591000000, Bids: 20, Asks: 20
[1788896050290] TUI Render Frame -> Synced: true, Seq ID: 1788896044591000000, Bids: 20, Asks: 20
[1788896050340] TUI Render Frame -> Synced: true, Seq ID: 1788896044591000000, Bids: 20, Asks: 20
[1788896050390] TUI Render Frame -> Synced: true, Seq ID: 1788896044591000000, Bids: 20, Asks: 20
[1788896050401] Msg #23: Depth received | Bids: 20, Asks: 20, Timestamp ID: 1788896049979000000
[1788896050402] Reconciler book exists: true
[1788896050402] ui_tx.send status: true, receiver count: 1
[1788896050441] TUI Render Frame -> Synced: true, Seq ID: 1788896049979000000, Bids: 20, Asks: 20
[1788896050490] TUI Render Frame -> Synced: true, Seq ID: 1788896049979000000, Bids: 20, Asks: 20
[1788896050541] TUI Render Frame -> Synced: true, Seq ID: 1788896049979000000, Bids: 20, Asks: 20
[1788896050590] TUI Render Frame -> Synced: true, Seq ID: 1788896049979000000, Bids: 20, Asks: 20
[1788896050640] TUI Render Frame -> Synced: true, Seq ID: 1788896049979000000, Bids: 20, Asks: 20
[1788896050690] TUI Render Frame -> Synced: true, Seq ID: 1788896049979000000, Bids: 20, Asks: 20
[1788896050740] TUI Render Frame -> Synced: true, Seq ID: 1788896049979000000, Bids: 20, Asks: 20
[1788896050791] TUI Render Frame -> Synced: true, Seq ID: 1788896049979000000, Bids: 20, Asks: 20
[1788896050840] TUI Render Frame -> Synced: true, Seq ID: 1788896049979000000, Bids: 20, Asks: 20
[1788896050890] TUI Render Frame -> Synced: true, Seq ID: 1788896049979000000, Bids: 20, Asks: 20
[1788896050940] TUI Render Frame -> Synced: true, Seq ID: 1788896049979000000, Bids: 20, Asks: 20
[1788896050991] TUI Render Frame -> Synced: true, Seq ID: 1788896049979000000, Bids: 20, Asks: 20
[1788896051040] TUI Render Frame -> Synced: true, Seq ID: 1788896049979000000, Bids: 20, Asks: 20
[1788896051090] TUI Render Frame -> Synced: true, Seq ID: 1788896049979000000, Bids: 20, Asks: 20
[1788896051140] TUI Render Frame -> Synced: true, Seq ID: 1788896049979000000, Bids: 20, Asks: 20
[1788896051189] TUI Render Frame -> Synced: true, Seq ID: 1788896049979000000, Bids: 20, Asks: 20
[1788896051241] TUI Render Frame -> Synced: true, Seq ID: 1788896049979000000, Bids: 20, Asks: 20
[1788896051290] TUI Render Frame -> Synced: true, Seq ID: 1788896049979000000, Bids: 20, Asks: 20
[1788896051340] TUI Render Frame -> Synced: true, Seq ID: 1788896049979000000, Bids: 20, Asks: 20
[1788896051391] TUI Render Frame -> Synced: true, Seq ID: 1788896049979000000, Bids: 20, Asks: 20
[1788896051440] TUI Render Frame -> Synced: true, Seq ID: 1788896049979000000, Bids: 20, Asks: 20
[1788896051491] TUI Render Frame -> Synced: true, Seq ID: 1788896049979000000, Bids: 20, Asks: 20
[1788896051541] TUI Render Frame -> Synced: true, Seq ID: 1788896049979000000, Bids: 20, Asks: 20
[1788896051590] TUI Render Frame -> Synced: true, Seq ID: 1788896049979000000, Bids: 20, Asks: 20
[1788896051640] TUI Render Frame -> Synced: true, Seq ID: 1788896049979000000, Bids: 20, Asks: 20
[1788896051690] TUI Render Frame -> Synced: true, Seq ID: 1788896049979000000, Bids: 20, Asks: 20
[1788896051741] TUI Render Frame -> Synced: true, Seq ID: 1788896049979000000, Bids: 20, Asks: 20
[1788896051790] TUI Render Frame -> Synced: true, Seq ID: 1788896049979000000, Bids: 20, Asks: 20
[1788896051841] TUI Render Frame -> Synced: true, Seq ID: 1788896049979000000, Bids: 20, Asks: 20
[1788896051891] TUI Render Frame -> Synced: true, Seq ID: 1788896049979000000, Bids: 20, Asks: 20
[1788896051940] TUI Render Frame -> Synced: true, Seq ID: 1788896049979000000, Bids: 20, Asks: 20
[1788896051990] TUI Render Frame -> Synced: true, Seq ID: 1788896049979000000, Bids: 20, Asks: 20
[1788896052041] TUI Render Frame -> Synced: true, Seq ID: 1788896049979000000, Bids: 20, Asks: 20
[1788896052090] TUI Render Frame -> Synced: true, Seq ID: 1788896049979000000, Bids: 20, Asks: 20
[1788896052141] TUI Render Frame -> Synced: true, Seq ID: 1788896049979000000, Bids: 20, Asks: 20
[1788896052190] TUI Render Frame -> Synced: true, Seq ID: 1788896049979000000, Bids: 20, Asks: 20
[1788896052240] TUI Render Frame -> Synced: true, Seq ID: 1788896049979000000, Bids: 20, Asks: 20
[1788896052290] TUI Render Frame -> Synced: true, Seq ID: 1788896049979000000, Bids: 20, Asks: 20
[1788896052340] TUI Render Frame -> Synced: true, Seq ID: 1788896049979000000, Bids: 20, Asks: 20
[1788896052391] TUI Render Frame -> Synced: true, Seq ID: 1788896049979000000, Bids: 20, Asks: 20
[1788896052440] TUI Render Frame -> Synced: true, Seq ID: 1788896049979000000, Bids: 20, Asks: 20
[1788896052490] TUI Render Frame -> Synced: true, Seq ID: 1788896049979000000, Bids: 20, Asks: 20
[1788896052540] TUI Render Frame -> Synced: true, Seq ID: 1788896049979000000, Bids: 20, Asks: 20
[1788896052591] TUI Render Frame -> Synced: true, Seq ID: 1788896049979000000, Bids: 20, Asks: 20
[1788896052641] TUI Render Frame -> Synced: true, Seq ID: 1788896049979000000, Bids: 20, Asks: 20
[1788896052690] TUI Render Frame -> Synced: true, Seq ID: 1788896049979000000, Bids: 20, Asks: 20
[1788896052741] TUI Render Frame -> Synced: true, Seq ID: 1788896049979000000, Bids: 20, Asks: 20
[1788896052790] TUI Render Frame -> Synced: true, Seq ID: 1788896049979000000, Bids: 20, Asks: 20
[1788896052841] TUI Render Frame -> Synced: true, Seq ID: 1788896049979000000, Bids: 20, Asks: 20
[1788896052890] TUI Render Frame -> Synced: true, Seq ID: 1788896049979000000, Bids: 20, Asks: 20
[1788896052941] TUI Render Frame -> Synced: true, Seq ID: 1788896049979000000, Bids: 20, Asks: 20
[1788896052990] TUI Render Frame -> Synced: true, Seq ID: 1788896049979000000, Bids: 20, Asks: 20
[1788896053040] TUI Render Frame -> Synced: true, Seq ID: 1788896049979000000, Bids: 20, Asks: 20
[1788896053091] TUI Render Frame -> Synced: true, Seq ID: 1788896049979000000, Bids: 20, Asks: 20
[1788896053141] TUI Render Frame -> Synced: true, Seq ID: 1788896049979000000, Bids: 20, Asks: 20
[1788896053191] TUI Render Frame -> Synced: true, Seq ID: 1788896049979000000, Bids: 20, Asks: 20
[1788896053240] TUI Render Frame -> Synced: true, Seq ID: 1788896049979000000, Bids: 20, Asks: 20
[1788896053291] TUI Render Frame -> Synced: true, Seq ID: 1788896049979000000, Bids: 20, Asks: 20
[1788896053341] TUI Render Frame -> Synced: true, Seq ID: 1788896049979000000, Bids: 20, Asks: 20
[1788896053390] TUI Render Frame -> Synced: true, Seq ID: 1788896049979000000, Bids: 20, Asks: 20
[1788896053440] TUI Render Frame -> Synced: true, Seq ID: 1788896049979000000, Bids: 20, Asks: 20
[1788896053491] TUI Render Frame -> Synced: true, Seq ID: 1788896049979000000, Bids: 20, Asks: 20
[1788896053541] TUI Render Frame -> Synced: true, Seq ID: 1788896049979000000, Bids: 20, Asks: 20
[1788896053591] TUI Render Frame -> Synced: true, Seq ID: 1788896049979000000, Bids: 20, Asks: 20
[1788896053641] TUI Render Frame -> Synced: true, Seq ID: 1788896049979000000, Bids: 20, Asks: 20
[1788896053690] TUI Render Frame -> Synced: true, Seq ID: 1788896049979000000, Bids: 20, Asks: 20
[1788896053741] TUI Render Frame -> Synced: true, Seq ID: 1788896049979000000, Bids: 20, Asks: 20
[1788896053791] TUI Render Frame -> Synced: true, Seq ID: 1788896049979000000, Bids: 20, Asks: 20
[1788896053840] TUI Render Frame -> Synced: true, Seq ID: 1788896049979000000, Bids: 20, Asks: 20
[1788896053890] TUI Render Frame -> Synced: true, Seq ID: 1788896049979000000, Bids: 20, Asks: 20
[1788896053940] TUI Render Frame -> Synced: true, Seq ID: 1788896049979000000, Bids: 20, Asks: 20
[1788896053990] TUI Render Frame -> Synced: true, Seq ID: 1788896049979000000, Bids: 20, Asks: 20
[1788896054041] TUI Render Frame -> Synced: true, Seq ID: 1788896049979000000, Bids: 20, Asks: 20
[1788896054091] TUI Render Frame -> Synced: true, Seq ID: 1788896049979000000, Bids: 20, Asks: 20
[1788896054140] TUI Render Frame -> Synced: true, Seq ID: 1788896049979000000, Bids: 20, Asks: 20
[1788896054191] TUI Render Frame -> Synced: true, Seq ID: 1788896049979000000, Bids: 20, Asks: 20
[1788896054241] TUI Render Frame -> Synced: true, Seq ID: 1788896049979000000, Bids: 20, Asks: 20
[1788896054291] TUI Render Frame -> Synced: true, Seq ID: 1788896049979000000, Bids: 20, Asks: 20
[1788896054341] TUI Render Frame -> Synced: true, Seq ID: 1788896049979000000, Bids: 20, Asks: 20
[1788896054390] TUI Render Frame -> Synced: true, Seq ID: 1788896049979000000, Bids: 20, Asks: 20
[1788896054441] TUI Render Frame -> Synced: true, Seq ID: 1788896049979000000, Bids: 20, Asks: 20
[1788896054491] TUI Render Frame -> Synced: true, Seq ID: 1788896049979000000, Bids: 20, Asks: 20
[1788896054541] TUI Render Frame -> Synced: true, Seq ID: 1788896049979000000, Bids: 20, Asks: 20
[1788896054591] TUI Render Frame -> Synced: true, Seq ID: 1788896049979000000, Bids: 20, Asks: 20
[1788896054640] TUI Render Frame -> Synced: true, Seq ID: 1788896049979000000, Bids: 20, Asks: 20
[1788896054690] TUI Render Frame -> Synced: true, Seq ID: 1788896049979000000, Bids: 20, Asks: 20
[1788896054741] TUI Render Frame -> Synced: true, Seq ID: 1788896049979000000, Bids: 20, Asks: 20
[1788896054791] TUI Render Frame -> Synced: true, Seq ID: 1788896049979000000, Bids: 20, Asks: 20
[1788896054840] TUI Render Frame -> Synced: true, Seq ID: 1788896049979000000, Bids: 20, Asks: 20
[1788896054890] TUI Render Frame -> Synced: true, Seq ID: 1788896049979000000, Bids: 20, Asks: 20
[1788896054940] TUI Render Frame -> Synced: true, Seq ID: 1788896049979000000, Bids: 20, Asks: 20
[1788896054991] TUI Render Frame -> Synced: true, Seq ID: 1788896049979000000, Bids: 20, Asks: 20
[1788896055041] TUI Render Frame -> Synced: true, Seq ID: 1788896049979000000, Bids: 20, Asks: 20
[1788896055091] TUI Render Frame -> Synced: true, Seq ID: 1788896049979000000, Bids: 20, Asks: 20
[1788896055141] TUI Render Frame -> Synced: true, Seq ID: 1788896049979000000, Bids: 20, Asks: 20
[1788896055191] TUI Render Frame -> Synced: true, Seq ID: 1788896049979000000, Bids: 20, Asks: 20
[1788896055241] TUI Render Frame -> Synced: true, Seq ID: 1788896049979000000, Bids: 20, Asks: 20
[1788896055291] TUI Render Frame -> Synced: true, Seq ID: 1788896049979000000, Bids: 20, Asks: 20
[1788896055340] TUI Render Frame -> Synced: true, Seq ID: 1788896049979000000, Bids: 20, Asks: 20
[1788896055390] TUI Render Frame -> Synced: true, Seq ID: 1788896049979000000, Bids: 20, Asks: 20
[1788896055441] TUI Render Frame -> Synced: true, Seq ID: 1788896049979000000, Bids: 20, Asks: 20
[1788896055490] TUI Render Frame -> Synced: true, Seq ID: 1788896049979000000, Bids: 20, Asks: 20
[1788896055541] TUI Render Frame -> Synced: true, Seq ID: 1788896049979000000, Bids: 20, Asks: 20
[1788896055590] TUI Render Frame -> Synced: true, Seq ID: 1788896049979000000, Bids: 20, Asks: 20
[1788896055640] TUI Render Frame -> Synced: true, Seq ID: 1788896049979000000, Bids: 20, Asks: 20
[1788896055691] TUI Render Frame -> Synced: true, Seq ID: 1788896049979000000, Bids: 20, Asks: 20
[1788896055740] TUI Render Frame -> Synced: true, Seq ID: 1788896049979000000, Bids: 20, Asks: 20
[1788896055791] TUI Render Frame -> Synced: true, Seq ID: 1788896049979000000, Bids: 20, Asks: 20
[1788896055841] TUI Render Frame -> Synced: true, Seq ID: 1788896049979000000, Bids: 20, Asks: 20
[1788896055891] TUI Render Frame -> Synced: true, Seq ID: 1788896049979000000, Bids: 20, Asks: 20
[1788896055912] Msg #24: Depth received | Bids: 20, Asks: 20, Timestamp ID: 1788896055487000000
[1788896055913] Reconciler book exists: true
[1788896055913] ui_tx.send status: true, receiver count: 1
[1788896055940] TUI Render Frame -> Synced: true, Seq ID: 1788896055487000000, Bids: 20, Asks: 20
[1788896055989] TUI Render Frame -> Synced: true, Seq ID: 1788896055487000000, Bids: 20, Asks: 20
[1788896056041] TUI Render Frame -> Synced: true, Seq ID: 1788896055487000000, Bids: 20, Asks: 20
[1788896056091] TUI Render Frame -> Synced: true, Seq ID: 1788896055487000000, Bids: 20, Asks: 20
[1788896056141] TUI Render Frame -> Synced: true, Seq ID: 1788896055487000000, Bids: 20, Asks: 20
[1788896056191] TUI Render Frame -> Synced: true, Seq ID: 1788896055487000000, Bids: 20, Asks: 20
[1788896056240] TUI Render Frame -> Synced: true, Seq ID: 1788896055487000000, Bids: 20, Asks: 20
[1788896056291] TUI Render Frame -> Synced: true, Seq ID: 1788896055487000000, Bids: 20, Asks: 20
[1788896056341] TUI Render Frame -> Synced: true, Seq ID: 1788896055487000000, Bids: 20, Asks: 20
[1788896056391] TUI Render Frame -> Synced: true, Seq ID: 1788896055487000000, Bids: 20, Asks: 20
[1788896056439] TUI Render Frame -> Synced: true, Seq ID: 1788896055487000000, Bids: 20, Asks: 20
[1788896056491] TUI Render Frame -> Synced: true, Seq ID: 1788896055487000000, Bids: 20, Asks: 20
[1788896056541] TUI Render Frame -> Synced: true, Seq ID: 1788896055487000000, Bids: 20, Asks: 20
[1788896056590] TUI Render Frame -> Synced: true, Seq ID: 1788896055487000000, Bids: 20, Asks: 20
[1788896056640] TUI Render Frame -> Synced: true, Seq ID: 1788896055487000000, Bids: 20, Asks: 20
[1788896056691] TUI Render Frame -> Synced: true, Seq ID: 1788896055487000000, Bids: 20, Asks: 20
[1788896056740] TUI Render Frame -> Synced: true, Seq ID: 1788896055487000000, Bids: 20, Asks: 20
[1788896056790] TUI Render Frame -> Synced: true, Seq ID: 1788896055487000000, Bids: 20, Asks: 20
[1788896056841] TUI Render Frame -> Synced: true, Seq ID: 1788896055487000000, Bids: 20, Asks: 20
[1788896056890] TUI Render Frame -> Synced: true, Seq ID: 1788896055487000000, Bids: 20, Asks: 20
[1788896056940] TUI Render Frame -> Synced: true, Seq ID: 1788896055487000000, Bids: 20, Asks: 20
[1788896056990] TUI Render Frame -> Synced: true, Seq ID: 1788896055487000000, Bids: 20, Asks: 20
[1788896057041] TUI Render Frame -> Synced: true, Seq ID: 1788896055487000000, Bids: 20, Asks: 20
[1788896057090] TUI Render Frame -> Synced: true, Seq ID: 1788896055487000000, Bids: 20, Asks: 20
[1788896057140] TUI Render Frame -> Synced: true, Seq ID: 1788896055487000000, Bids: 20, Asks: 20
[1788896057190] TUI Render Frame -> Synced: true, Seq ID: 1788896055487000000, Bids: 20, Asks: 20
[1788896057240] TUI Render Frame -> Synced: true, Seq ID: 1788896055487000000, Bids: 20, Asks: 20
[1788896057290] TUI Render Frame -> Synced: true, Seq ID: 1788896055487000000, Bids: 20, Asks: 20
[1788896057339] TUI Render Frame -> Synced: true, Seq ID: 1788896055487000000, Bids: 20, Asks: 20
[1788896057391] TUI Render Frame -> Synced: true, Seq ID: 1788896055487000000, Bids: 20, Asks: 20
[1788896057440] TUI Render Frame -> Synced: true, Seq ID: 1788896055487000000, Bids: 20, Asks: 20
[1788896057489] TUI Render Frame -> Synced: true, Seq ID: 1788896055487000000, Bids: 20, Asks: 20
[1788896057540] TUI Render Frame -> Synced: true, Seq ID: 1788896055487000000, Bids: 20, Asks: 20
[1788896057589] TUI Render Frame -> Synced: true, Seq ID: 1788896055487000000, Bids: 20, Asks: 20
[1788896057641] TUI Render Frame -> Synced: true, Seq ID: 1788896055487000000, Bids: 20, Asks: 20
[1788896057690] TUI Render Frame -> Synced: true, Seq ID: 1788896055487000000, Bids: 20, Asks: 20
[1788896057741] TUI Render Frame -> Synced: true, Seq ID: 1788896055487000000, Bids: 20, Asks: 20
[1788896057791] TUI Render Frame -> Synced: true, Seq ID: 1788896055487000000, Bids: 20, Asks: 20
[1788896057841] TUI Render Frame -> Synced: true, Seq ID: 1788896055487000000, Bids: 20, Asks: 20
[1788896057893] TUI Render Frame -> Synced: true, Seq ID: 1788896055487000000, Bids: 20, Asks: 20
[1788896057941] TUI Render Frame -> Synced: true, Seq ID: 1788896055487000000, Bids: 20, Asks: 20
[1788896057991] TUI Render Frame -> Synced: true, Seq ID: 1788896055487000000, Bids: 20, Asks: 20
[1788896058039] TUI Render Frame -> Synced: true, Seq ID: 1788896055487000000, Bids: 20, Asks: 20
[1788896058091] TUI Render Frame -> Synced: true, Seq ID: 1788896055487000000, Bids: 20, Asks: 20
[1788896058141] TUI Render Frame -> Synced: true, Seq ID: 1788896055487000000, Bids: 20, Asks: 20
[1788896058191] TUI Render Frame -> Synced: true, Seq ID: 1788896055487000000, Bids: 20, Asks: 20
[1788896058241] TUI Render Frame -> Synced: true, Seq ID: 1788896055487000000, Bids: 20, Asks: 20
[1788896058291] TUI Render Frame -> Synced: true, Seq ID: 1788896055487000000, Bids: 20, Asks: 20
[1788896058340] TUI Render Frame -> Synced: true, Seq ID: 1788896055487000000, Bids: 20, Asks: 20
[1788896058390] TUI Render Frame -> Synced: true, Seq ID: 1788896055487000000, Bids: 20, Asks: 20
[1788896058440] TUI Render Frame -> Synced: true, Seq ID: 1788896055487000000, Bids: 20, Asks: 20
[1788896058490] TUI Render Frame -> Synced: true, Seq ID: 1788896055487000000, Bids: 20, Asks: 20
[1788896058540] TUI Render Frame -> Synced: true, Seq ID: 1788896055487000000, Bids: 20, Asks: 20
[1788896058590] TUI Render Frame -> Synced: true, Seq ID: 1788896055487000000, Bids: 20, Asks: 20
[1788896058640] TUI Render Frame -> Synced: true, Seq ID: 1788896055487000000, Bids: 20, Asks: 20
[1788896058690] TUI Render Frame -> Synced: true, Seq ID: 1788896055487000000, Bids: 20, Asks: 20
[1788896058741] TUI Render Frame -> Synced: true, Seq ID: 1788896055487000000, Bids: 20, Asks: 20
[1788896058790] TUI Render Frame -> Synced: true, Seq ID: 1788896055487000000, Bids: 20, Asks: 20
[1788896058840] TUI Render Frame -> Synced: true, Seq ID: 1788896055487000000, Bids: 20, Asks: 20
[1788896058891] TUI Render Frame -> Synced: true, Seq ID: 1788896055487000000, Bids: 20, Asks: 20
[1788896058939] TUI Render Frame -> Synced: true, Seq ID: 1788896055487000000, Bids: 20, Asks: 20
[1788896058991] TUI Render Frame -> Synced: true, Seq ID: 1788896055487000000, Bids: 20, Asks: 20
[1788896059041] TUI Render Frame -> Synced: true, Seq ID: 1788896055487000000, Bids: 20, Asks: 20
[1788896059091] TUI Render Frame -> Synced: true, Seq ID: 1788896055487000000, Bids: 20, Asks: 20
[1788896059140] TUI Render Frame -> Synced: true, Seq ID: 1788896055487000000, Bids: 20, Asks: 20
[1788896059190] TUI Render Frame -> Synced: true, Seq ID: 1788896055487000000, Bids: 20, Asks: 20
[1788896059240] TUI Render Frame -> Synced: true, Seq ID: 1788896055487000000, Bids: 20, Asks: 20
[1788896059291] TUI Render Frame -> Synced: true, Seq ID: 1788896055487000000, Bids: 20, Asks: 20
[1788896059341] TUI Render Frame -> Synced: true, Seq ID: 1788896055487000000, Bids: 20, Asks: 20
[1788896059390] TUI Render Frame -> Synced: true, Seq ID: 1788896055487000000, Bids: 20, Asks: 20
[1788896059440] TUI Render Frame -> Synced: true, Seq ID: 1788896055487000000, Bids: 20, Asks: 20
[1788896059491] TUI Render Frame -> Synced: true, Seq ID: 1788896055487000000, Bids: 20, Asks: 20
[1788896059540] TUI Render Frame -> Synced: true, Seq ID: 1788896055487000000, Bids: 20, Asks: 20
[1788896059591] TUI Render Frame -> Synced: true, Seq ID: 1788896055487000000, Bids: 20, Asks: 20
[1788896059640] TUI Render Frame -> Synced: true, Seq ID: 1788896055487000000, Bids: 20, Asks: 20
[1788896059691] TUI Render Frame -> Synced: true, Seq ID: 1788896055487000000, Bids: 20, Asks: 20
[1788896059741] TUI Render Frame -> Synced: true, Seq ID: 1788896055487000000, Bids: 20, Asks: 20
[1788896059790] TUI Render Frame -> Synced: true, Seq ID: 1788896055487000000, Bids: 20, Asks: 20
[1788896059841] TUI Render Frame -> Synced: true, Seq ID: 1788896055487000000, Bids: 20, Asks: 20
[1788896059891] TUI Render Frame -> Synced: true, Seq ID: 1788896055487000000, Bids: 20, Asks: 20
[1788896059941] TUI Render Frame -> Synced: true, Seq ID: 1788896055487000000, Bids: 20, Asks: 20
[1788896059991] TUI Render Frame -> Synced: true, Seq ID: 1788896055487000000, Bids: 20, Asks: 20
[1788896060040] TUI Render Frame -> Synced: true, Seq ID: 1788896055487000000, Bids: 20, Asks: 20
[1788896060090] TUI Render Frame -> Synced: true, Seq ID: 1788896055487000000, Bids: 20, Asks: 20
[1788896060141] TUI Render Frame -> Synced: true, Seq ID: 1788896055487000000, Bids: 20, Asks: 20
[1788896060191] TUI Render Frame -> Synced: true, Seq ID: 1788896055487000000, Bids: 20, Asks: 20
[1788896060240] TUI Render Frame -> Synced: true, Seq ID: 1788896055487000000, Bids: 20, Asks: 20
[1788896060291] TUI Render Frame -> Synced: true, Seq ID: 1788896055487000000, Bids: 20, Asks: 20
[1788896060341] TUI Render Frame -> Synced: true, Seq ID: 1788896055487000000, Bids: 20, Asks: 20
[1788896060391] TUI Render Frame -> Synced: true, Seq ID: 1788896055487000000, Bids: 20, Asks: 20
[1788896060441] TUI Render Frame -> Synced: true, Seq ID: 1788896055487000000, Bids: 20, Asks: 20
[1788896060491] TUI Render Frame -> Synced: true, Seq ID: 1788896055487000000, Bids: 20, Asks: 20
[1788896060541] TUI Render Frame -> Synced: true, Seq ID: 1788896055487000000, Bids: 20, Asks: 20
[1788896060591] TUI Render Frame -> Synced: true, Seq ID: 1788896055487000000, Bids: 20, Asks: 20
[1788896060647] TUI Render Frame -> Synced: true, Seq ID: 1788896055487000000, Bids: 20, Asks: 20
[1788896060691] TUI Render Frame -> Synced: true, Seq ID: 1788896055487000000, Bids: 20, Asks: 20
[1788896060740] TUI Render Frame -> Synced: true, Seq ID: 1788896055487000000, Bids: 20, Asks: 20
[1788896060789] TUI Render Frame -> Synced: true, Seq ID: 1788896055487000000, Bids: 20, Asks: 20
[1788896060840] TUI Render Frame -> Synced: true, Seq ID: 1788896055487000000, Bids: 20, Asks: 20
[1788896060890] TUI Render Frame -> Synced: true, Seq ID: 1788896055487000000, Bids: 20, Asks: 20
[1788896060940] TUI Render Frame -> Synced: true, Seq ID: 1788896055487000000, Bids: 20, Asks: 20
[1788896060990] TUI Render Frame -> Synced: true, Seq ID: 1788896055487000000, Bids: 20, Asks: 20
[1788896061040] TUI Render Frame -> Synced: true, Seq ID: 1788896055487000000, Bids: 20, Asks: 20
[1788896061091] TUI Render Frame -> Synced: true, Seq ID: 1788896055487000000, Bids: 20, Asks: 20
[1788896061140] TUI Render Frame -> Synced: true, Seq ID: 1788896055487000000, Bids: 20, Asks: 20
[1788896061191] TUI Render Frame -> Synced: true, Seq ID: 1788896055487000000, Bids: 20, Asks: 20
[1788896061240] TUI Render Frame -> Synced: true, Seq ID: 1788896055487000000, Bids: 20, Asks: 20
[1788896061290] TUI Render Frame -> Synced: true, Seq ID: 1788896055487000000, Bids: 20, Asks: 20
[1788896061340] TUI Render Frame -> Synced: true, Seq ID: 1788896055487000000, Bids: 20, Asks: 20
[1788896061348] Msg #25: Depth received | Bids: 20, Asks: 20, Timestamp ID: 1788896060993000000
[1788896061348] Reconciler book exists: true
[1788896061349] ui_tx.send status: true, receiver count: 1
[1788896061391] TUI Render Frame -> Synced: true, Seq ID: 1788896060993000000, Bids: 20, Asks: 20
[1788896061440] TUI Render Frame -> Synced: true, Seq ID: 1788896060993000000, Bids: 20, Asks: 20
[1788896061490] TUI Render Frame -> Synced: true, Seq ID: 1788896060993000000, Bids: 20, Asks: 20
[1788896061540] TUI Render Frame -> Synced: true, Seq ID: 1788896060993000000, Bids: 20, Asks: 20
[1788896061591] TUI Render Frame -> Synced: true, Seq ID: 1788896060993000000, Bids: 20, Asks: 20
[1788896061641] TUI Render Frame -> Synced: true, Seq ID: 1788896060993000000, Bids: 20, Asks: 20
[1788896061690] TUI Render Frame -> Synced: true, Seq ID: 1788896060993000000, Bids: 20, Asks: 20
[1788896061741] TUI Render Frame -> Synced: true, Seq ID: 1788896060993000000, Bids: 20, Asks: 20
[1788896061790] TUI Render Frame -> Synced: true, Seq ID: 1788896060993000000, Bids: 20, Asks: 20
[1788896061840] TUI Render Frame -> Synced: true, Seq ID: 1788896060993000000, Bids: 20, Asks: 20
[1788896061891] TUI Render Frame -> Synced: true, Seq ID: 1788896060993000000, Bids: 20, Asks: 20
[1788896061939] TUI Render Frame -> Synced: true, Seq ID: 1788896060993000000, Bids: 20, Asks: 20
[1788896061991] TUI Render Frame -> Synced: true, Seq ID: 1788896060993000000, Bids: 20, Asks: 20
[1788896062041] TUI Render Frame -> Synced: true, Seq ID: 1788896060993000000, Bids: 20, Asks: 20
[1788896062090] TUI Render Frame -> Synced: true, Seq ID: 1788896060993000000, Bids: 20, Asks: 20
[1788896062140] TUI Render Frame -> Synced: true, Seq ID: 1788896060993000000, Bids: 20, Asks: 20
[1788896062191] TUI Render Frame -> Synced: true, Seq ID: 1788896060993000000, Bids: 20, Asks: 20
[1788896062240] TUI Render Frame -> Synced: true, Seq ID: 1788896060993000000, Bids: 20, Asks: 20
[1788896062291] TUI Render Frame -> Synced: true, Seq ID: 1788896060993000000, Bids: 20, Asks: 20
[1788896062340] TUI Render Frame -> Synced: true, Seq ID: 1788896060993000000, Bids: 20, Asks: 20
[1788896062390] TUI Render Frame -> Synced: true, Seq ID: 1788896060993000000, Bids: 20, Asks: 20
[1788896062441] TUI Render Frame -> Synced: true, Seq ID: 1788896060993000000, Bids: 20, Asks: 20
[1788896062490] TUI Render Frame -> Synced: true, Seq ID: 1788896060993000000, Bids: 20, Asks: 20
[1788896062539] TUI Render Frame -> Synced: true, Seq ID: 1788896060993000000, Bids: 20, Asks: 20
[1788896062590] TUI Render Frame -> Synced: true, Seq ID: 1788896060993000000, Bids: 20, Asks: 20
[1788896062641] TUI Render Frame -> Synced: true, Seq ID: 1788896060993000000, Bids: 20, Asks: 20
[1788896062691] TUI Render Frame -> Synced: true, Seq ID: 1788896060993000000, Bids: 20, Asks: 20
[1788896062741] TUI Render Frame -> Synced: true, Seq ID: 1788896060993000000, Bids: 20, Asks: 20
[1788896062791] TUI Render Frame -> Synced: true, Seq ID: 1788896060993000000, Bids: 20, Asks: 20
[1788896062841] TUI Render Frame -> Synced: true, Seq ID: 1788896060993000000, Bids: 20, Asks: 20
[1788896062891] TUI Render Frame -> Synced: true, Seq ID: 1788896060993000000, Bids: 20, Asks: 20
[1788896062940] TUI Render Frame -> Synced: true, Seq ID: 1788896060993000000, Bids: 20, Asks: 20
[1788896062991] TUI Render Frame -> Synced: true, Seq ID: 1788896060993000000, Bids: 20, Asks: 20
[1788896063040] TUI Render Frame -> Synced: true, Seq ID: 1788896060993000000, Bids: 20, Asks: 20
[1788896063091] TUI Render Frame -> Synced: true, Seq ID: 1788896060993000000, Bids: 20, Asks: 20
[1788896063140] TUI Render Frame -> Synced: true, Seq ID: 1788896060993000000, Bids: 20, Asks: 20
[1788896063190] TUI Render Frame -> Synced: true, Seq ID: 1788896060993000000, Bids: 20, Asks: 20
[1788896063241] TUI Render Frame -> Synced: true, Seq ID: 1788896060993000000, Bids: 20, Asks: 20
[1788896063290] TUI Render Frame -> Synced: true, Seq ID: 1788896060993000000, Bids: 20, Asks: 20
[1788896063340] TUI Render Frame -> Synced: true, Seq ID: 1788896060993000000, Bids: 20, Asks: 20
[1788896063391] TUI Render Frame -> Synced: true, Seq ID: 1788896060993000000, Bids: 20, Asks: 20
[1788896063440] TUI Render Frame -> Synced: true, Seq ID: 1788896060993000000, Bids: 20, Asks: 20
[1788896063491] TUI Render Frame -> Synced: true, Seq ID: 1788896060993000000, Bids: 20, Asks: 20
[1788896063541] TUI Render Frame -> Synced: true, Seq ID: 1788896060993000000, Bids: 20, Asks: 20
[1788896063590] TUI Render Frame -> Synced: true, Seq ID: 1788896060993000000, Bids: 20, Asks: 20
[1788896063641] TUI Render Frame -> Synced: true, Seq ID: 1788896060993000000, Bids: 20, Asks: 20
[1788896063690] TUI Render Frame -> Synced: true, Seq ID: 1788896060993000000, Bids: 20, Asks: 20
[1788896063740] TUI Render Frame -> Synced: true, Seq ID: 1788896060993000000, Bids: 20, Asks: 20
[1788896063791] TUI Render Frame -> Synced: true, Seq ID: 1788896060993000000, Bids: 20, Asks: 20
[1788896063841] TUI Render Frame -> Synced: true, Seq ID: 1788896060993000000, Bids: 20, Asks: 20
[1788896063891] TUI Render Frame -> Synced: true, Seq ID: 1788896060993000000, Bids: 20, Asks: 20
[1788896063941] TUI Render Frame -> Synced: true, Seq ID: 1788896060993000000, Bids: 20, Asks: 20
[1788896063989] TUI Render Frame -> Synced: true, Seq ID: 1788896060993000000, Bids: 20, Asks: 20
[1788896064040] TUI Render Frame -> Synced: true, Seq ID: 1788896060993000000, Bids: 20, Asks: 20
[1788896064091] TUI Render Frame -> Synced: true, Seq ID: 1788896060993000000, Bids: 20, Asks: 20
[1788896064141] TUI Render Frame -> Synced: true, Seq ID: 1788896060993000000, Bids: 20, Asks: 20
[1788896064191] TUI Render Frame -> Synced: true, Seq ID: 1788896060993000000, Bids: 20, Asks: 20
[1788896064240] TUI Render Frame -> Synced: true, Seq ID: 1788896060993000000, Bids: 20, Asks: 20
[1788896064291] TUI Render Frame -> Synced: true, Seq ID: 1788896060993000000, Bids: 20, Asks: 20
[1788896064341] TUI Render Frame -> Synced: true, Seq ID: 1788896060993000000, Bids: 20, Asks: 20
[1788896064390] TUI Render Frame -> Synced: true, Seq ID: 1788896060993000000, Bids: 20, Asks: 20
[1788896064440] TUI Render Frame -> Synced: true, Seq ID: 1788896060993000000, Bids: 20, Asks: 20
[1788896064491] TUI Render Frame -> Synced: true, Seq ID: 1788896060993000000, Bids: 20, Asks: 20
[1788896064540] TUI Render Frame -> Synced: true, Seq ID: 1788896060993000000, Bids: 20, Asks: 20
[1788896064591] TUI Render Frame -> Synced: true, Seq ID: 1788896060993000000, Bids: 20, Asks: 20
[1788896064640] TUI Render Frame -> Synced: true, Seq ID: 1788896060993000000, Bids: 20, Asks: 20
[1788896064690] TUI Render Frame -> Synced: true, Seq ID: 1788896060993000000, Bids: 20, Asks: 20
[1788896064740] TUI Render Frame -> Synced: true, Seq ID: 1788896060993000000, Bids: 20, Asks: 20
[1788896064791] TUI Render Frame -> Synced: true, Seq ID: 1788896060993000000, Bids: 20, Asks: 20
[1788896064841] TUI Render Frame -> Synced: true, Seq ID: 1788896060993000000, Bids: 20, Asks: 20
[1788896064890] TUI Render Frame -> Synced: true, Seq ID: 1788896060993000000, Bids: 20, Asks: 20
[1788896064940] TUI Render Frame -> Synced: true, Seq ID: 1788896060993000000, Bids: 20, Asks: 20
[1788896064995] TUI Render Frame -> Synced: true, Seq ID: 1788896060993000000, Bids: 20, Asks: 20
[1788896065040] TUI Render Frame -> Synced: true, Seq ID: 1788896060993000000, Bids: 20, Asks: 20
[1788896065091] TUI Render Frame -> Synced: true, Seq ID: 1788896060993000000, Bids: 20, Asks: 20
[1788896065140] TUI Render Frame -> Synced: true, Seq ID: 1788896060993000000, Bids: 20, Asks: 20
[1788896065190] TUI Render Frame -> Synced: true, Seq ID: 1788896060993000000, Bids: 20, Asks: 20
[1788896065241] TUI Render Frame -> Synced: true, Seq ID: 1788896060993000000, Bids: 20, Asks: 20
[1788896065291] TUI Render Frame -> Synced: true, Seq ID: 1788896060993000000, Bids: 20, Asks: 20
[1788896065341] TUI Render Frame -> Synced: true, Seq ID: 1788896060993000000, Bids: 20, Asks: 20
[1788896065391] TUI Render Frame -> Synced: true, Seq ID: 1788896060993000000, Bids: 20, Asks: 20
[1788896065440] TUI Render Frame -> Synced: true, Seq ID: 1788896060993000000, Bids: 20, Asks: 20
[1788896065490] TUI Render Frame -> Synced: true, Seq ID: 1788896060993000000, Bids: 20, Asks: 20
[1788896065541] TUI Render Frame -> Synced: true, Seq ID: 1788896060993000000, Bids: 20, Asks: 20
[1788896065590] TUI Render Frame -> Synced: true, Seq ID: 1788896060993000000, Bids: 20, Asks: 20
[1788896065641] TUI Render Frame -> Synced: true, Seq ID: 1788896060993000000, Bids: 20, Asks: 20
[1788896065691] TUI Render Frame -> Synced: true, Seq ID: 1788896060993000000, Bids: 20, Asks: 20
[1788896065741] TUI Render Frame -> Synced: true, Seq ID: 1788896060993000000, Bids: 20, Asks: 20
[1788896065791] TUI Render Frame -> Synced: true, Seq ID: 1788896060993000000, Bids: 20, Asks: 20
[1788896065841] TUI Render Frame -> Synced: true, Seq ID: 1788896060993000000, Bids: 20, Asks: 20
[1788896065890] TUI Render Frame -> Synced: true, Seq ID: 1788896060993000000, Bids: 20, Asks: 20
[1788896065941] TUI Render Frame -> Synced: true, Seq ID: 1788896060993000000, Bids: 20, Asks: 20
[1788896065990] TUI Render Frame -> Synced: true, Seq ID: 1788896060993000000, Bids: 20, Asks: 20
[1788896066040] TUI Render Frame -> Synced: true, Seq ID: 1788896060993000000, Bids: 20, Asks: 20
[1788896066090] TUI Render Frame -> Synced: true, Seq ID: 1788896060993000000, Bids: 20, Asks: 20
[1788896066141] TUI Render Frame -> Synced: true, Seq ID: 1788896060993000000, Bids: 20, Asks: 20
[1788896066190] TUI Render Frame -> Synced: true, Seq ID: 1788896060993000000, Bids: 20, Asks: 20
[1788896066241] TUI Render Frame -> Synced: true, Seq ID: 1788896060993000000, Bids: 20, Asks: 20
[1788896066291] TUI Render Frame -> Synced: true, Seq ID: 1788896060993000000, Bids: 20, Asks: 20
[1788896066341] TUI Render Frame -> Synced: true, Seq ID: 1788896060993000000, Bids: 20, Asks: 20
[1788896066390] TUI Render Frame -> Synced: true, Seq ID: 1788896060993000000, Bids: 20, Asks: 20
[1788896066440] TUI Render Frame -> Synced: true, Seq ID: 1788896060993000000, Bids: 20, Asks: 20
[1788896066490] TUI Render Frame -> Synced: true, Seq ID: 1788896060993000000, Bids: 20, Asks: 20
[1788896066540] TUI Render Frame -> Synced: true, Seq ID: 1788896060993000000, Bids: 20, Asks: 20
[1788896066590] TUI Render Frame -> Synced: true, Seq ID: 1788896060993000000, Bids: 20, Asks: 20
[1788896066641] TUI Render Frame -> Synced: true, Seq ID: 1788896060993000000, Bids: 20, Asks: 20
[1788896066691] TUI Render Frame -> Synced: true, Seq ID: 1788896060993000000, Bids: 20, Asks: 20
[1788896066741] TUI Render Frame -> Synced: true, Seq ID: 1788896060993000000, Bids: 20, Asks: 20
[1788896066791] TUI Render Frame -> Synced: true, Seq ID: 1788896060993000000, Bids: 20, Asks: 20
[1788896066841] TUI Render Frame -> Synced: true, Seq ID: 1788896060993000000, Bids: 20, Asks: 20
[1788896066890] TUI Render Frame -> Synced: true, Seq ID: 1788896060993000000, Bids: 20, Asks: 20
[1788896066922] Msg #26: Depth received | Bids: 20, Asks: 20, Timestamp ID: 1788896066529000000
[1788896066922] Reconciler book exists: true
[1788896066922] ui_tx.send status: true, receiver count: 1
[1788896066940] TUI Render Frame -> Synced: true, Seq ID: 1788896066529000000, Bids: 20, Asks: 20
[1788896066995] TUI Render Frame -> Synced: true, Seq ID: 1788896066529000000, Bids: 20, Asks: 20
[1788896067040] TUI Render Frame -> Synced: true, Seq ID: 1788896066529000000, Bids: 20, Asks: 20
[1788896067090] TUI Render Frame -> Synced: true, Seq ID: 1788896066529000000, Bids: 20, Asks: 20
[1788896067140] TUI Render Frame -> Synced: true, Seq ID: 1788896066529000000, Bids: 20, Asks: 20
[1788896067189] TUI Render Frame -> Synced: true, Seq ID: 1788896066529000000, Bids: 20, Asks: 20
[1788896067240] TUI Render Frame -> Synced: true, Seq ID: 1788896066529000000, Bids: 20, Asks: 20
[1788896067290] TUI Render Frame -> Synced: true, Seq ID: 1788896066529000000, Bids: 20, Asks: 20
[1788896067341] TUI Render Frame -> Synced: true, Seq ID: 1788896066529000000, Bids: 20, Asks: 20
[1788896067391] TUI Render Frame -> Synced: true, Seq ID: 1788896066529000000, Bids: 20, Asks: 20
[1788896067441] TUI Render Frame -> Synced: true, Seq ID: 1788896066529000000, Bids: 20, Asks: 20
[1788896067491] TUI Render Frame -> Synced: true, Seq ID: 1788896066529000000, Bids: 20, Asks: 20
[1788896067540] TUI Render Frame -> Synced: true, Seq ID: 1788896066529000000, Bids: 20, Asks: 20
[1788896067590] TUI Render Frame -> Synced: true, Seq ID: 1788896066529000000, Bids: 20, Asks: 20
[1788896067639] TUI Render Frame -> Synced: true, Seq ID: 1788896066529000000, Bids: 20, Asks: 20
[1788896067691] TUI Render Frame -> Synced: true, Seq ID: 1788896066529000000, Bids: 20, Asks: 20
[1788896067741] TUI Render Frame -> Synced: true, Seq ID: 1788896066529000000, Bids: 20, Asks: 20
[1788896067791] TUI Render Frame -> Synced: true, Seq ID: 1788896066529000000, Bids: 20, Asks: 20
[1788896067840] TUI Render Frame -> Synced: true, Seq ID: 1788896066529000000, Bids: 20, Asks: 20
[1788896067891] TUI Render Frame -> Synced: true, Seq ID: 1788896066529000000, Bids: 20, Asks: 20
[1788896067941] TUI Render Frame -> Synced: true, Seq ID: 1788896066529000000, Bids: 20, Asks: 20
[1788896067991] TUI Render Frame -> Synced: true, Seq ID: 1788896066529000000, Bids: 20, Asks: 20
[1788896068041] TUI Render Frame -> Synced: true, Seq ID: 1788896066529000000, Bids: 20, Asks: 20
[1788896068095] TUI Render Frame -> Synced: true, Seq ID: 1788896066529000000, Bids: 20, Asks: 20
[1788896068140] TUI Render Frame -> Synced: true, Seq ID: 1788896066529000000, Bids: 20, Asks: 20
[1788896068190] TUI Render Frame -> Synced: true, Seq ID: 1788896066529000000, Bids: 20, Asks: 20
[1788896068241] TUI Render Frame -> Synced: true, Seq ID: 1788896066529000000, Bids: 20, Asks: 20
[1788896068290] TUI Render Frame -> Synced: true, Seq ID: 1788896066529000000, Bids: 20, Asks: 20
[1788896068341] TUI Render Frame -> Synced: true, Seq ID: 1788896066529000000, Bids: 20, Asks: 20
[1788896068391] TUI Render Frame -> Synced: true, Seq ID: 1788896066529000000, Bids: 20, Asks: 20
[1788896068440] TUI Render Frame -> Synced: true, Seq ID: 1788896066529000000, Bids: 20, Asks: 20
[1788896068490] TUI Render Frame -> Synced: true, Seq ID: 1788896066529000000, Bids: 20, Asks: 20
[1788896068541] TUI Render Frame -> Synced: true, Seq ID: 1788896066529000000, Bids: 20, Asks: 20
[1788896068590] TUI Render Frame -> Synced: true, Seq ID: 1788896066529000000, Bids: 20, Asks: 20
[1788896068641] TUI Render Frame -> Synced: true, Seq ID: 1788896066529000000, Bids: 20, Asks: 20
[1788896068691] TUI Render Frame -> Synced: true, Seq ID: 1788896066529000000, Bids: 20, Asks: 20
[1788896068741] TUI Render Frame -> Synced: true, Seq ID: 1788896066529000000, Bids: 20, Asks: 20
[1788896068790] TUI Render Frame -> Synced: true, Seq ID: 1788896066529000000, Bids: 20, Asks: 20
[1788896068841] TUI Render Frame -> Synced: true, Seq ID: 1788896066529000000, Bids: 20, Asks: 20
[1788896068891] TUI Render Frame -> Synced: true, Seq ID: 1788896066529000000, Bids: 20, Asks: 20
[1788896068941] TUI Render Frame -> Synced: true, Seq ID: 1788896066529000000, Bids: 20, Asks: 20
[1788896068990] TUI Render Frame -> Synced: true, Seq ID: 1788896066529000000, Bids: 20, Asks: 20
[1788896069040] TUI Render Frame -> Synced: true, Seq ID: 1788896066529000000, Bids: 20, Asks: 20
[1788896069090] TUI Render Frame -> Synced: true, Seq ID: 1788896066529000000, Bids: 20, Asks: 20
[1788896069140] TUI Render Frame -> Synced: true, Seq ID: 1788896066529000000, Bids: 20, Asks: 20
[1788896069191] TUI Render Frame -> Synced: true, Seq ID: 1788896066529000000, Bids: 20, Asks: 20
[1788896069240] TUI Render Frame -> Synced: true, Seq ID: 1788896066529000000, Bids: 20, Asks: 20
[1788896069290] TUI Render Frame -> Synced: true, Seq ID: 1788896066529000000, Bids: 20, Asks: 20
[1788896069340] TUI Render Frame -> Synced: true, Seq ID: 1788896066529000000, Bids: 20, Asks: 20
[1788896069391] TUI Render Frame -> Synced: true, Seq ID: 1788896066529000000, Bids: 20, Asks: 20
[1788896069440] TUI Render Frame -> Synced: true, Seq ID: 1788896066529000000, Bids: 20, Asks: 20
[1788896069490] TUI Render Frame -> Synced: true, Seq ID: 1788896066529000000, Bids: 20, Asks: 20
[1788896069541] TUI Render Frame -> Synced: true, Seq ID: 1788896066529000000, Bids: 20, Asks: 20
[1788896069591] TUI Render Frame -> Synced: true, Seq ID: 1788896066529000000, Bids: 20, Asks: 20
[1788896069641] TUI Render Frame -> Synced: true, Seq ID: 1788896066529000000, Bids: 20, Asks: 20
[1788896069690] TUI Render Frame -> Synced: true, Seq ID: 1788896066529000000, Bids: 20, Asks: 20
[1788896069740] TUI Render Frame -> Synced: true, Seq ID: 1788896066529000000, Bids: 20, Asks: 20
[1788896069791] TUI Render Frame -> Synced: true, Seq ID: 1788896066529000000, Bids: 20, Asks: 20
[1788896069841] TUI Render Frame -> Synced: true, Seq ID: 1788896066529000000, Bids: 20, Asks: 20
[1788896069891] TUI Render Frame -> Synced: true, Seq ID: 1788896066529000000, Bids: 20, Asks: 20
[1788896069941] TUI Render Frame -> Synced: true, Seq ID: 1788896066529000000, Bids: 20, Asks: 20
[1788896069991] TUI Render Frame -> Synced: true, Seq ID: 1788896066529000000, Bids: 20, Asks: 20
[1788896070040] TUI Render Frame -> Synced: true, Seq ID: 1788896066529000000, Bids: 20, Asks: 20
[1788896070090] TUI Render Frame -> Synced: true, Seq ID: 1788896066529000000, Bids: 20, Asks: 20
[1788896070140] TUI Render Frame -> Synced: true, Seq ID: 1788896066529000000, Bids: 20, Asks: 20
[1788896070191] TUI Render Frame -> Synced: true, Seq ID: 1788896066529000000, Bids: 20, Asks: 20
[1788896070240] TUI Render Frame -> Synced: true, Seq ID: 1788896066529000000, Bids: 20, Asks: 20
[1788896070291] TUI Render Frame -> Synced: true, Seq ID: 1788896066529000000, Bids: 20, Asks: 20
[1788896070340] TUI Render Frame -> Synced: true, Seq ID: 1788896066529000000, Bids: 20, Asks: 20
[1788896070390] TUI Render Frame -> Synced: true, Seq ID: 1788896066529000000, Bids: 20, Asks: 20
[1788896070441] TUI Render Frame -> Synced: true, Seq ID: 1788896066529000000, Bids: 20, Asks: 20
[1788896070491] TUI Render Frame -> Synced: true, Seq ID: 1788896066529000000, Bids: 20, Asks: 20
[1788896070540] TUI Render Frame -> Synced: true, Seq ID: 1788896066529000000, Bids: 20, Asks: 20
[1788896070590] TUI Render Frame -> Synced: true, Seq ID: 1788896066529000000, Bids: 20, Asks: 20
[1788896070641] TUI Render Frame -> Synced: true, Seq ID: 1788896066529000000, Bids: 20, Asks: 20
[1788896070690] TUI Render Frame -> Synced: true, Seq ID: 1788896066529000000, Bids: 20, Asks: 20
[1788896070741] TUI Render Frame -> Synced: true, Seq ID: 1788896066529000000, Bids: 20, Asks: 20
[1788896070791] TUI Render Frame -> Synced: true, Seq ID: 1788896066529000000, Bids: 20, Asks: 20
[1788896070840] TUI Render Frame -> Synced: true, Seq ID: 1788896066529000000, Bids: 20, Asks: 20
[1788896070890] TUI Render Frame -> Synced: true, Seq ID: 1788896066529000000, Bids: 20, Asks: 20
[1788896070941] TUI Render Frame -> Synced: true, Seq ID: 1788896066529000000, Bids: 20, Asks: 20
[1788896070991] TUI Render Frame -> Synced: true, Seq ID: 1788896066529000000, Bids: 20, Asks: 20
[1788896071041] TUI Render Frame -> Synced: true, Seq ID: 1788896066529000000, Bids: 20, Asks: 20
[1788896071091] TUI Render Frame -> Synced: true, Seq ID: 1788896066529000000, Bids: 20, Asks: 20
[1788896071141] TUI Render Frame -> Synced: true, Seq ID: 1788896066529000000, Bids: 20, Asks: 20
[1788896071190] TUI Render Frame -> Synced: true, Seq ID: 1788896066529000000, Bids: 20, Asks: 20
[1788896071240] TUI Render Frame -> Synced: true, Seq ID: 1788896066529000000, Bids: 20, Asks: 20
[1788896071290] TUI Render Frame -> Synced: true, Seq ID: 1788896066529000000, Bids: 20, Asks: 20
[1788896071340] TUI Render Frame -> Synced: true, Seq ID: 1788896066529000000, Bids: 20, Asks: 20
[1788896071391] TUI Render Frame -> Synced: true, Seq ID: 1788896066529000000, Bids: 20, Asks: 20
[1788896071440] TUI Render Frame -> Synced: true, Seq ID: 1788896066529000000, Bids: 20, Asks: 20
[1788896071490] TUI Render Frame -> Synced: true, Seq ID: 1788896066529000000, Bids: 20, Asks: 20
[1788896071541] TUI Render Frame -> Synced: true, Seq ID: 1788896066529000000, Bids: 20, Asks: 20
[1788896071591] TUI Render Frame -> Synced: true, Seq ID: 1788896066529000000, Bids: 20, Asks: 20
[1788896071641] TUI Render Frame -> Synced: true, Seq ID: 1788896066529000000, Bids: 20, Asks: 20
[1788896071691] TUI Render Frame -> Synced: true, Seq ID: 1788896066529000000, Bids: 20, Asks: 20
[1788896071740] TUI Render Frame -> Synced: true, Seq ID: 1788896066529000000, Bids: 20, Asks: 20
[1788896071790] TUI Render Frame -> Synced: true, Seq ID: 1788896066529000000, Bids: 20, Asks: 20
[1788896071841] TUI Render Frame -> Synced: true, Seq ID: 1788896066529000000, Bids: 20, Asks: 20
[1788896071890] TUI Render Frame -> Synced: true, Seq ID: 1788896066529000000, Bids: 20, Asks: 20
[1788896071940] TUI Render Frame -> Synced: true, Seq ID: 1788896066529000000, Bids: 20, Asks: 20
[1788896071987] Msg #27: Depth received | Bids: 20, Asks: 20, Timestamp ID: 1788896071579000000
[1788896071987] Reconciler book exists: true
[1788896071988] ui_tx.send status: true, receiver count: 1
[1788896071989] TUI Render Frame -> Synced: true, Seq ID: 1788896071579000000, Bids: 20, Asks: 20
[1788896072041] TUI Render Frame -> Synced: true, Seq ID: 1788896071579000000, Bids: 20, Asks: 20
[1788896072091] TUI Render Frame -> Synced: true, Seq ID: 1788896071579000000, Bids: 20, Asks: 20
[1788896072141] TUI Render Frame -> Synced: true, Seq ID: 1788896071579000000, Bids: 20, Asks: 20
[1788896072190] TUI Render Frame -> Synced: true, Seq ID: 1788896071579000000, Bids: 20, Asks: 20
[1788896072240] TUI Render Frame -> Synced: true, Seq ID: 1788896071579000000, Bids: 20, Asks: 20
[1788896072291] TUI Render Frame -> Synced: true, Seq ID: 1788896071579000000, Bids: 20, Asks: 20
[1788896072341] TUI Render Frame -> Synced: true, Seq ID: 1788896071579000000, Bids: 20, Asks: 20
[1788896072391] TUI Render Frame -> Synced: true, Seq ID: 1788896071579000000, Bids: 20, Asks: 20
[1788896072440] TUI Render Frame -> Synced: true, Seq ID: 1788896071579000000, Bids: 20, Asks: 20
[1788896072502] TUI Render Frame -> Synced: true, Seq ID: 1788896071579000000, Bids: 20, Asks: 20
[1788896072541] TUI Render Frame -> Synced: true, Seq ID: 1788896071579000000, Bids: 20, Asks: 20
[1788896072591] TUI Render Frame -> Synced: true, Seq ID: 1788896071579000000, Bids: 20, Asks: 20
[1788896072640] TUI Render Frame -> Synced: true, Seq ID: 1788896071579000000, Bids: 20, Asks: 20
[1788896072691] TUI Render Frame -> Synced: true, Seq ID: 1788896071579000000, Bids: 20, Asks: 20
[1788896072740] TUI Render Frame -> Synced: true, Seq ID: 1788896071579000000, Bids: 20, Asks: 20
[1788896072792] TUI Render Frame -> Synced: true, Seq ID: 1788896071579000000, Bids: 20, Asks: 20
[1788896072840] TUI Render Frame -> Synced: true, Seq ID: 1788896071579000000, Bids: 20, Asks: 20
[1788896072891] TUI Render Frame -> Synced: true, Seq ID: 1788896071579000000, Bids: 20, Asks: 20
[1788896072940] TUI Render Frame -> Synced: true, Seq ID: 1788896071579000000, Bids: 20, Asks: 20
[1788896072991] TUI Render Frame -> Synced: true, Seq ID: 1788896071579000000, Bids: 20, Asks: 20
[1788896073040] TUI Render Frame -> Synced: true, Seq ID: 1788896071579000000, Bids: 20, Asks: 20
[1788896073090] TUI Render Frame -> Synced: true, Seq ID: 1788896071579000000, Bids: 20, Asks: 20
[1788896073141] TUI Render Frame -> Synced: true, Seq ID: 1788896071579000000, Bids: 20, Asks: 20
[1788896073191] TUI Render Frame -> Synced: true, Seq ID: 1788896071579000000, Bids: 20, Asks: 20
[1788896073241] TUI Render Frame -> Synced: true, Seq ID: 1788896071579000000, Bids: 20, Asks: 20
[1788896073291] TUI Render Frame -> Synced: true, Seq ID: 1788896071579000000, Bids: 20, Asks: 20
[1788896073341] TUI Render Frame -> Synced: true, Seq ID: 1788896071579000000, Bids: 20, Asks: 20
[1788896073391] TUI Render Frame -> Synced: true, Seq ID: 1788896071579000000, Bids: 20, Asks: 20
[1788896073441] TUI Render Frame -> Synced: true, Seq ID: 1788896071579000000, Bids: 20, Asks: 20
[1788896073491] TUI Render Frame -> Synced: true, Seq ID: 1788896071579000000, Bids: 20, Asks: 20
[1788896073541] TUI Render Frame -> Synced: true, Seq ID: 1788896071579000000, Bids: 20, Asks: 20
[1788896073589] TUI Render Frame -> Synced: true, Seq ID: 1788896071579000000, Bids: 20, Asks: 20
[1788896073641] TUI Render Frame -> Synced: true, Seq ID: 1788896071579000000, Bids: 20, Asks: 20
[1788896073691] TUI Render Frame -> Synced: true, Seq ID: 1788896071579000000, Bids: 20, Asks: 20
[1788896073740] TUI Render Frame -> Synced: true, Seq ID: 1788896071579000000, Bids: 20, Asks: 20
[1788896073790] TUI Render Frame -> Synced: true, Seq ID: 1788896071579000000, Bids: 20, Asks: 20
[1788896073841] TUI Render Frame -> Synced: true, Seq ID: 1788896071579000000, Bids: 20, Asks: 20
[1788896073891] TUI Render Frame -> Synced: true, Seq ID: 1788896071579000000, Bids: 20, Asks: 20
[1788896073941] TUI Render Frame -> Synced: true, Seq ID: 1788896071579000000, Bids: 20, Asks: 20
[1788896073990] TUI Render Frame -> Synced: true, Seq ID: 1788896071579000000, Bids: 20, Asks: 20
[1788896074040] TUI Render Frame -> Synced: true, Seq ID: 1788896071579000000, Bids: 20, Asks: 20
[1788896074091] TUI Render Frame -> Synced: true, Seq ID: 1788896071579000000, Bids: 20, Asks: 20
[1788896074141] TUI Render Frame -> Synced: true, Seq ID: 1788896071579000000, Bids: 20, Asks: 20
[1788896074191] TUI Render Frame -> Synced: true, Seq ID: 1788896071579000000, Bids: 20, Asks: 20
[1788896074240] TUI Render Frame -> Synced: true, Seq ID: 1788896071579000000, Bids: 20, Asks: 20
[1788896074291] TUI Render Frame -> Synced: true, Seq ID: 1788896071579000000, Bids: 20, Asks: 20
[1788896074340] TUI Render Frame -> Synced: true, Seq ID: 1788896071579000000, Bids: 20, Asks: 20
[1788896074391] TUI Render Frame -> Synced: true, Seq ID: 1788896071579000000, Bids: 20, Asks: 20
[1788896074441] TUI Render Frame -> Synced: true, Seq ID: 1788896071579000000, Bids: 20, Asks: 20
[1788896074490] TUI Render Frame -> Synced: true, Seq ID: 1788896071579000000, Bids: 20, Asks: 20
[1788896074541] TUI Render Frame -> Synced: true, Seq ID: 1788896071579000000, Bids: 20, Asks: 20
[1788896074589] TUI Render Frame -> Synced: true, Seq ID: 1788896071579000000, Bids: 20, Asks: 20
[1788896074640] TUI Render Frame -> Synced: true, Seq ID: 1788896071579000000, Bids: 20, Asks: 20
[1788896074691] TUI Render Frame -> Synced: true, Seq ID: 1788896071579000000, Bids: 20, Asks: 20
[1788896074744] TUI Render Frame -> Synced: true, Seq ID: 1788896071579000000, Bids: 20, Asks: 20
[1788896074790] TUI Render Frame -> Synced: true, Seq ID: 1788896071579000000, Bids: 20, Asks: 20
[1788896074841] TUI Render Frame -> Synced: true, Seq ID: 1788896071579000000, Bids: 20, Asks: 20
[1788896074890] TUI Render Frame -> Synced: true, Seq ID: 1788896071579000000, Bids: 20, Asks: 20
[1788896074941] TUI Render Frame -> Synced: true, Seq ID: 1788896071579000000, Bids: 20, Asks: 20
[1788896074990] TUI Render Frame -> Synced: true, Seq ID: 1788896071579000000, Bids: 20, Asks: 20
[1788896075040] TUI Render Frame -> Synced: true, Seq ID: 1788896071579000000, Bids: 20, Asks: 20
[1788896075091] TUI Render Frame -> Synced: true, Seq ID: 1788896071579000000, Bids: 20, Asks: 20
[1788896075140] TUI Render Frame -> Synced: true, Seq ID: 1788896071579000000, Bids: 20, Asks: 20
[1788896075190] TUI Render Frame -> Synced: true, Seq ID: 1788896071579000000, Bids: 20, Asks: 20
[1788896075241] TUI Render Frame -> Synced: true, Seq ID: 1788896071579000000, Bids: 20, Asks: 20
[1788896075291] TUI Render Frame -> Synced: true, Seq ID: 1788896071579000000, Bids: 20, Asks: 20
[1788896075340] TUI Render Frame -> Synced: true, Seq ID: 1788896071579000000, Bids: 20, Asks: 20
[1788896075390] TUI Render Frame -> Synced: true, Seq ID: 1788896071579000000, Bids: 20, Asks: 20
[1788896075441] TUI Render Frame -> Synced: true, Seq ID: 1788896071579000000, Bids: 20, Asks: 20
[1788896075491] TUI Render Frame -> Synced: true, Seq ID: 1788896071579000000, Bids: 20, Asks: 20
[1788896075541] TUI Render Frame -> Synced: true, Seq ID: 1788896071579000000, Bids: 20, Asks: 20
[1788896075591] TUI Render Frame -> Synced: true, Seq ID: 1788896071579000000, Bids: 20, Asks: 20
[1788896075641] TUI Render Frame -> Synced: true, Seq ID: 1788896071579000000, Bids: 20, Asks: 20
[1788896075691] TUI Render Frame -> Synced: true, Seq ID: 1788896071579000000, Bids: 20, Asks: 20
[1788896075741] TUI Render Frame -> Synced: true, Seq ID: 1788896071579000000, Bids: 20, Asks: 20
[1788896075791] TUI Render Frame -> Synced: true, Seq ID: 1788896071579000000, Bids: 20, Asks: 20
[1788896075841] TUI Render Frame -> Synced: true, Seq ID: 1788896071579000000, Bids: 20, Asks: 20
[1788896075891] TUI Render Frame -> Synced: true, Seq ID: 1788896071579000000, Bids: 20, Asks: 20
[1788896075941] TUI Render Frame -> Synced: true, Seq ID: 1788896071579000000, Bids: 20, Asks: 20
[1788896075990] TUI Render Frame -> Synced: true, Seq ID: 1788896071579000000, Bids: 20, Asks: 20
[1788896076040] TUI Render Frame -> Synced: true, Seq ID: 1788896071579000000, Bids: 20, Asks: 20
[1788896076090] TUI Render Frame -> Synced: true, Seq ID: 1788896071579000000, Bids: 20, Asks: 20
[1788896076141] TUI Render Frame -> Synced: true, Seq ID: 1788896071579000000, Bids: 20, Asks: 20
[1788896076190] TUI Render Frame -> Synced: true, Seq ID: 1788896071579000000, Bids: 20, Asks: 20
[1788896076241] TUI Render Frame -> Synced: true, Seq ID: 1788896071579000000, Bids: 20, Asks: 20
[1788896076290] TUI Render Frame -> Synced: true, Seq ID: 1788896071579000000, Bids: 20, Asks: 20
[1788896076341] TUI Render Frame -> Synced: true, Seq ID: 1788896071579000000, Bids: 20, Asks: 20
[1788896076391] TUI Render Frame -> Synced: true, Seq ID: 1788896071579000000, Bids: 20, Asks: 20
[1788896076440] TUI Render Frame -> Synced: true, Seq ID: 1788896071579000000, Bids: 20, Asks: 20
[1788896076490] TUI Render Frame -> Synced: true, Seq ID: 1788896071579000000, Bids: 20, Asks: 20
[1788896076540] TUI Render Frame -> Synced: true, Seq ID: 1788896071579000000, Bids: 20, Asks: 20
[1788896076591] TUI Render Frame -> Synced: true, Seq ID: 1788896071579000000, Bids: 20, Asks: 20
[1788896076641] TUI Render Frame -> Synced: true, Seq ID: 1788896071579000000, Bids: 20, Asks: 20
[1788896076691] TUI Render Frame -> Synced: true, Seq ID: 1788896071579000000, Bids: 20, Asks: 20
[1788896076741] TUI Render Frame -> Synced: true, Seq ID: 1788896071579000000, Bids: 20, Asks: 20
[1788896076790] TUI Render Frame -> Synced: true, Seq ID: 1788896071579000000, Bids: 20, Asks: 20
[1788896076841] TUI Render Frame -> Synced: true, Seq ID: 1788896071579000000, Bids: 20, Asks: 20
[1788896076890] TUI Render Frame -> Synced: true, Seq ID: 1788896071579000000, Bids: 20, Asks: 20
[1788896076941] TUI Render Frame -> Synced: true, Seq ID: 1788896071579000000, Bids: 20, Asks: 20
[1788896076991] TUI Render Frame -> Synced: true, Seq ID: 1788896071579000000, Bids: 20, Asks: 20
[1788896077031] Msg #28: Depth received | Bids: 20, Asks: 20, Timestamp ID: 1788896076622000000
[1788896077031] Reconciler book exists: true
[1788896077031] ui_tx.send status: true, receiver count: 1
[1788896077041] TUI Render Frame -> Synced: true, Seq ID: 1788896076622000000, Bids: 20, Asks: 20
[1788896077090] TUI Render Frame -> Synced: true, Seq ID: 1788896076622000000, Bids: 20, Asks: 20
[1788896077141] TUI Render Frame -> Synced: true, Seq ID: 1788896076622000000, Bids: 20, Asks: 20
[1788896077190] TUI Render Frame -> Synced: true, Seq ID: 1788896076622000000, Bids: 20, Asks: 20
[1788896077240] TUI Render Frame -> Synced: true, Seq ID: 1788896076622000000, Bids: 20, Asks: 20
[1788896077291] TUI Render Frame -> Synced: true, Seq ID: 1788896076622000000, Bids: 20, Asks: 20
[1788896077340] TUI Render Frame -> Synced: true, Seq ID: 1788896076622000000, Bids: 20, Asks: 20
[1788896077391] TUI Render Frame -> Synced: true, Seq ID: 1788896076622000000, Bids: 20, Asks: 20
[1788896077440] TUI Render Frame -> Synced: true, Seq ID: 1788896076622000000, Bids: 20, Asks: 20
[1788896077491] TUI Render Frame -> Synced: true, Seq ID: 1788896076622000000, Bids: 20, Asks: 20
[1788896077541] TUI Render Frame -> Synced: true, Seq ID: 1788896076622000000, Bids: 20, Asks: 20
[1788896077591] TUI Render Frame -> Synced: true, Seq ID: 1788896076622000000, Bids: 20, Asks: 20
[1788896077641] TUI Render Frame -> Synced: true, Seq ID: 1788896076622000000, Bids: 20, Asks: 20
[1788896077691] TUI Render Frame -> Synced: true, Seq ID: 1788896076622000000, Bids: 20, Asks: 20
[1788896077741] TUI Render Frame -> Synced: true, Seq ID: 1788896076622000000, Bids: 20, Asks: 20
[1788896077790] TUI Render Frame -> Synced: true, Seq ID: 1788896076622000000, Bids: 20, Asks: 20
[1788896077840] TUI Render Frame -> Synced: true, Seq ID: 1788896076622000000, Bids: 20, Asks: 20
[1788896077891] TUI Render Frame -> Synced: true, Seq ID: 1788896076622000000, Bids: 20, Asks: 20
[1788896077941] TUI Render Frame -> Synced: true, Seq ID: 1788896076622000000, Bids: 20, Asks: 20
[1788896077991] TUI Render Frame -> Synced: true, Seq ID: 1788896076622000000, Bids: 20, Asks: 20
[1788896078040] TUI Render Frame -> Synced: true, Seq ID: 1788896076622000000, Bids: 20, Asks: 20
[1788896078090] TUI Render Frame -> Synced: true, Seq ID: 1788896076622000000, Bids: 20, Asks: 20
[1788896078141] TUI Render Frame -> Synced: true, Seq ID: 1788896076622000000, Bids: 20, Asks: 20
[1788896078191] TUI Render Frame -> Synced: true, Seq ID: 1788896076622000000, Bids: 20, Asks: 20
[1788896078243] TUI Render Frame -> Synced: true, Seq ID: 1788896076622000000, Bids: 20, Asks: 20
[1788896078291] TUI Render Frame -> Synced: true, Seq ID: 1788896076622000000, Bids: 20, Asks: 20
[1788896078341] TUI Render Frame -> Synced: true, Seq ID: 1788896076622000000, Bids: 20, Asks: 20
[1788896078390] TUI Render Frame -> Synced: true, Seq ID: 1788896076622000000, Bids: 20, Asks: 20
[1788896078441] TUI Render Frame -> Synced: true, Seq ID: 1788896076622000000, Bids: 20, Asks: 20
[1788896078490] TUI Render Frame -> Synced: true, Seq ID: 1788896076622000000, Bids: 20, Asks: 20
[1788896078540] TUI Render Frame -> Synced: true, Seq ID: 1788896076622000000, Bids: 20, Asks: 20
[1788896078591] TUI Render Frame -> Synced: true, Seq ID: 1788896076622000000, Bids: 20, Asks: 20
[1788896078641] TUI Render Frame -> Synced: true, Seq ID: 1788896076622000000, Bids: 20, Asks: 20
[1788896078691] TUI Render Frame -> Synced: true, Seq ID: 1788896076622000000, Bids: 20, Asks: 20
[1788896078740] TUI Render Frame -> Synced: true, Seq ID: 1788896076622000000, Bids: 20, Asks: 20
[1788896078790] TUI Render Frame -> Synced: true, Seq ID: 1788896076622000000, Bids: 20, Asks: 20
[1788896078840] TUI Render Frame -> Synced: true, Seq ID: 1788896076622000000, Bids: 20, Asks: 20
[1788896078891] TUI Render Frame -> Synced: true, Seq ID: 1788896076622000000, Bids: 20, Asks: 20
[1788896078940] TUI Render Frame -> Synced: true, Seq ID: 1788896076622000000, Bids: 20, Asks: 20
[1788896078991] TUI Render Frame -> Synced: true, Seq ID: 1788896076622000000, Bids: 20, Asks: 20
[1788896079041] TUI Render Frame -> Synced: true, Seq ID: 1788896076622000000, Bids: 20, Asks: 20
[1788896079090] TUI Render Frame -> Synced: true, Seq ID: 1788896076622000000, Bids: 20, Asks: 20
[1788896079141] TUI Render Frame -> Synced: true, Seq ID: 1788896076622000000, Bids: 20, Asks: 20
[1788896079191] TUI Render Frame -> Synced: true, Seq ID: 1788896076622000000, Bids: 20, Asks: 20
[1788896079241] TUI Render Frame -> Synced: true, Seq ID: 1788896076622000000, Bids: 20, Asks: 20
[1788896079290] TUI Render Frame -> Synced: true, Seq ID: 1788896076622000000, Bids: 20, Asks: 20
[1788896079341] TUI Render Frame -> Synced: true, Seq ID: 1788896076622000000, Bids: 20, Asks: 20
[1788896079391] TUI Render Frame -> Synced: true, Seq ID: 1788896076622000000, Bids: 20, Asks: 20
[1788896079441] TUI Render Frame -> Synced: true, Seq ID: 1788896076622000000, Bids: 20, Asks: 20
[1788896079491] TUI Render Frame -> Synced: true, Seq ID: 1788896076622000000, Bids: 20, Asks: 20
[1788896079541] TUI Render Frame -> Synced: true, Seq ID: 1788896076622000000, Bids: 20, Asks: 20
[1788896079591] TUI Render Frame -> Synced: true, Seq ID: 1788896076622000000, Bids: 20, Asks: 20
[1788896079641] TUI Render Frame -> Synced: true, Seq ID: 1788896076622000000, Bids: 20, Asks: 20
[1788896079691] TUI Render Frame -> Synced: true, Seq ID: 1788896076622000000, Bids: 20, Asks: 20
[1788896079740] TUI Render Frame -> Synced: true, Seq ID: 1788896076622000000, Bids: 20, Asks: 20
[1788896079791] TUI Render Frame -> Synced: true, Seq ID: 1788896076622000000, Bids: 20, Asks: 20
[1788896079841] TUI Render Frame -> Synced: true, Seq ID: 1788896076622000000, Bids: 20, Asks: 20
[1788896079891] TUI Render Frame -> Synced: true, Seq ID: 1788896076622000000, Bids: 20, Asks: 20
[1788896079941] TUI Render Frame -> Synced: true, Seq ID: 1788896076622000000, Bids: 20, Asks: 20
[1788896079989] TUI Render Frame -> Synced: true, Seq ID: 1788896076622000000, Bids: 20, Asks: 20
[1788896080041] TUI Render Frame -> Synced: true, Seq ID: 1788896076622000000, Bids: 20, Asks: 20
[1788896080090] TUI Render Frame -> Synced: true, Seq ID: 1788896076622000000, Bids: 20, Asks: 20
[1788896080141] TUI Render Frame -> Synced: true, Seq ID: 1788896076622000000, Bids: 20, Asks: 20
[1788896080191] TUI Render Frame -> Synced: true, Seq ID: 1788896076622000000, Bids: 20, Asks: 20
[1788896080241] TUI Render Frame -> Synced: true, Seq ID: 1788896076622000000, Bids: 20, Asks: 20
[1788896080290] TUI Render Frame -> Synced: true, Seq ID: 1788896076622000000, Bids: 20, Asks: 20
[1788896080341] TUI Render Frame -> Synced: true, Seq ID: 1788896076622000000, Bids: 20, Asks: 20
[1788896080390] TUI Render Frame -> Synced: true, Seq ID: 1788896076622000000, Bids: 20, Asks: 20
[1788896080440] TUI Render Frame -> Synced: true, Seq ID: 1788896076622000000, Bids: 20, Asks: 20
[1788896080491] TUI Render Frame -> Synced: true, Seq ID: 1788896076622000000, Bids: 20, Asks: 20
[1788896080541] TUI Render Frame -> Synced: true, Seq ID: 1788896076622000000, Bids: 20, Asks: 20
[1788896080590] TUI Render Frame -> Synced: true, Seq ID: 1788896076622000000, Bids: 20, Asks: 20
[1788896080640] TUI Render Frame -> Synced: true, Seq ID: 1788896076622000000, Bids: 20, Asks: 20
[1788896080691] TUI Render Frame -> Synced: true, Seq ID: 1788896076622000000, Bids: 20, Asks: 20
[1788896080740] TUI Render Frame -> Synced: true, Seq ID: 1788896076622000000, Bids: 20, Asks: 20
[1788896080791] TUI Render Frame -> Synced: true, Seq ID: 1788896076622000000, Bids: 20, Asks: 20
[1788896080841] TUI Render Frame -> Synced: true, Seq ID: 1788896076622000000, Bids: 20, Asks: 20
[1788896080890] TUI Render Frame -> Synced: true, Seq ID: 1788896076622000000, Bids: 20, Asks: 20
[1788896080941] TUI Render Frame -> Synced: true, Seq ID: 1788896076622000000, Bids: 20, Asks: 20
[1788896080990] TUI Render Frame -> Synced: true, Seq ID: 1788896076622000000, Bids: 20, Asks: 20
[1788896081040] TUI Render Frame -> Synced: true, Seq ID: 1788896076622000000, Bids: 20, Asks: 20
[1788896081091] TUI Render Frame -> Synced: true, Seq ID: 1788896076622000000, Bids: 20, Asks: 20
[1788896081140] TUI Render Frame -> Synced: true, Seq ID: 1788896076622000000, Bids: 20, Asks: 20
[1788896081191] TUI Render Frame -> Synced: true, Seq ID: 1788896076622000000, Bids: 20, Asks: 20
[1788896081241] TUI Render Frame -> Synced: true, Seq ID: 1788896076622000000, Bids: 20, Asks: 20
[1788896081290] TUI Render Frame -> Synced: true, Seq ID: 1788896076622000000, Bids: 20, Asks: 20
[1788896081341] TUI Render Frame -> Synced: true, Seq ID: 1788896076622000000, Bids: 20, Asks: 20
[1788896081390] TUI Render Frame -> Synced: true, Seq ID: 1788896076622000000, Bids: 20, Asks: 20
[1788896081441] TUI Render Frame -> Synced: true, Seq ID: 1788896076622000000, Bids: 20, Asks: 20
[1788896081491] TUI Render Frame -> Synced: true, Seq ID: 1788896076622000000, Bids: 20, Asks: 20
[1788896081541] TUI Render Frame -> Synced: true, Seq ID: 1788896076622000000, Bids: 20, Asks: 20
[1788896081589] TUI Render Frame -> Synced: true, Seq ID: 1788896076622000000, Bids: 20, Asks: 20
[1788896081641] TUI Render Frame -> Synced: true, Seq ID: 1788896076622000000, Bids: 20, Asks: 20
[1788896081690] TUI Render Frame -> Synced: true, Seq ID: 1788896076622000000, Bids: 20, Asks: 20
[1788896081741] TUI Render Frame -> Synced: true, Seq ID: 1788896076622000000, Bids: 20, Asks: 20
[1788896081790] TUI Render Frame -> Synced: true, Seq ID: 1788896076622000000, Bids: 20, Asks: 20
[1788896081841] TUI Render Frame -> Synced: true, Seq ID: 1788896076622000000, Bids: 20, Asks: 20
[1788896081891] TUI Render Frame -> Synced: true, Seq ID: 1788896076622000000, Bids: 20, Asks: 20
[1788896081941] TUI Render Frame -> Synced: true, Seq ID: 1788896076622000000, Bids: 20, Asks: 20
[1788896081990] TUI Render Frame -> Synced: true, Seq ID: 1788896076622000000, Bids: 20, Asks: 20
[1788896082040] TUI Render Frame -> Synced: true, Seq ID: 1788896076622000000, Bids: 20, Asks: 20
[1788896082091] TUI Render Frame -> Synced: true, Seq ID: 1788896076622000000, Bids: 20, Asks: 20
[1788896082158] TUI Render Frame -> Synced: true, Seq ID: 1788896076622000000, Bids: 20, Asks: 20
[1788896082159] Msg #29: Depth received | Bids: 20, Asks: 20, Timestamp ID: 1788896081725000000
[1788896082159] Reconciler book exists: true
[1788896082160] ui_tx.send status: true, receiver count: 1
[1788896082190] TUI Render Frame -> Synced: true, Seq ID: 1788896081725000000, Bids: 20, Asks: 20
[1788896082241] TUI Render Frame -> Synced: true, Seq ID: 1788896081725000000, Bids: 20, Asks: 20
[1788896082291] TUI Render Frame -> Synced: true, Seq ID: 1788896081725000000, Bids: 20, Asks: 20
[1788896082340] TUI Render Frame -> Synced: true, Seq ID: 1788896081725000000, Bids: 20, Asks: 20
[1788896082391] TUI Render Frame -> Synced: true, Seq ID: 1788896081725000000, Bids: 20, Asks: 20
[1788896082440] TUI Render Frame -> Synced: true, Seq ID: 1788896081725000000, Bids: 20, Asks: 20
[1788896082490] TUI Render Frame -> Synced: true, Seq ID: 1788896081725000000, Bids: 20, Asks: 20
[1788896082541] TUI Render Frame -> Synced: true, Seq ID: 1788896081725000000, Bids: 20, Asks: 20
[1788896082590] TUI Render Frame -> Synced: true, Seq ID: 1788896081725000000, Bids: 20, Asks: 20
[1788896082641] TUI Render Frame -> Synced: true, Seq ID: 1788896081725000000, Bids: 20, Asks: 20
[1788896082691] TUI Render Frame -> Synced: true, Seq ID: 1788896081725000000, Bids: 20, Asks: 20
[1788896082741] TUI Render Frame -> Synced: true, Seq ID: 1788896081725000000, Bids: 20, Asks: 20
[1788896082791] TUI Render Frame -> Synced: true, Seq ID: 1788896081725000000, Bids: 20, Asks: 20
[1788896082841] TUI Render Frame -> Synced: true, Seq ID: 1788896081725000000, Bids: 20, Asks: 20
[1788896082891] TUI Render Frame -> Synced: true, Seq ID: 1788896081725000000, Bids: 20, Asks: 20
[1788896082941] TUI Render Frame -> Synced: true, Seq ID: 1788896081725000000, Bids: 20, Asks: 20
[1788896082990] TUI Render Frame -> Synced: true, Seq ID: 1788896081725000000, Bids: 20, Asks: 20
[1788896083040] TUI Render Frame -> Synced: true, Seq ID: 1788896081725000000, Bids: 20, Asks: 20
[1788896083090] TUI Render Frame -> Synced: true, Seq ID: 1788896081725000000, Bids: 20, Asks: 20
[1788896083141] TUI Render Frame -> Synced: true, Seq ID: 1788896081725000000, Bids: 20, Asks: 20
[1788896083190] TUI Render Frame -> Synced: true, Seq ID: 1788896081725000000, Bids: 20, Asks: 20
[1788896083240] TUI Render Frame -> Synced: true, Seq ID: 1788896081725000000, Bids: 20, Asks: 20
[1788896083291] TUI Render Frame -> Synced: true, Seq ID: 1788896081725000000, Bids: 20, Asks: 20
[1788896083341] TUI Render Frame -> Synced: true, Seq ID: 1788896081725000000, Bids: 20, Asks: 20
[1788896083390] TUI Render Frame -> Synced: true, Seq ID: 1788896081725000000, Bids: 20, Asks: 20
[1788896083441] TUI Render Frame -> Synced: true, Seq ID: 1788896081725000000, Bids: 20, Asks: 20
[1788896083490] TUI Render Frame -> Synced: true, Seq ID: 1788896081725000000, Bids: 20, Asks: 20
[1788896083540] TUI Render Frame -> Synced: true, Seq ID: 1788896081725000000, Bids: 20, Asks: 20
[1788896083591] TUI Render Frame -> Synced: true, Seq ID: 1788896081725000000, Bids: 20, Asks: 20
[1788896083641] TUI Render Frame -> Synced: true, Seq ID: 1788896081725000000, Bids: 20, Asks: 20
[1788896083691] TUI Render Frame -> Synced: true, Seq ID: 1788896081725000000, Bids: 20, Asks: 20
[1788896083740] TUI Render Frame -> Synced: true, Seq ID: 1788896081725000000, Bids: 20, Asks: 20
[1788896083790] TUI Render Frame -> Synced: true, Seq ID: 1788896081725000000, Bids: 20, Asks: 20
[1788896083841] TUI Render Frame -> Synced: true, Seq ID: 1788896081725000000, Bids: 20, Asks: 20
[1788896083891] TUI Render Frame -> Synced: true, Seq ID: 1788896081725000000, Bids: 20, Asks: 20
[1788896083940] TUI Render Frame -> Synced: true, Seq ID: 1788896081725000000, Bids: 20, Asks: 20
[1788896083990] TUI Render Frame -> Synced: true, Seq ID: 1788896081725000000, Bids: 20, Asks: 20
[1788896084041] TUI Render Frame -> Synced: true, Seq ID: 1788896081725000000, Bids: 20, Asks: 20
[1788896084091] TUI Render Frame -> Synced: true, Seq ID: 1788896081725000000, Bids: 20, Asks: 20
[1788896084141] TUI Render Frame -> Synced: true, Seq ID: 1788896081725000000, Bids: 20, Asks: 20
[1788896084191] TUI Render Frame -> Synced: true, Seq ID: 1788896081725000000, Bids: 20, Asks: 20
[1788896084241] TUI Render Frame -> Synced: true, Seq ID: 1788896081725000000, Bids: 20, Asks: 20
[1788896084291] TUI Render Frame -> Synced: true, Seq ID: 1788896081725000000, Bids: 20, Asks: 20
[1788896084340] TUI Render Frame -> Synced: true, Seq ID: 1788896081725000000, Bids: 20, Asks: 20
[1788896084391] TUI Render Frame -> Synced: true, Seq ID: 1788896081725000000, Bids: 20, Asks: 20
[1788896084441] TUI Render Frame -> Synced: true, Seq ID: 1788896081725000000, Bids: 20, Asks: 20
[1788896084491] TUI Render Frame -> Synced: true, Seq ID: 1788896081725000000, Bids: 20, Asks: 20
[1788896084540] TUI Render Frame -> Synced: true, Seq ID: 1788896081725000000, Bids: 20, Asks: 20
[1788896084591] TUI Render Frame -> Synced: true, Seq ID: 1788896081725000000, Bids: 20, Asks: 20
[1788896084641] TUI Render Frame -> Synced: true, Seq ID: 1788896081725000000, Bids: 20, Asks: 20
[1788896084691] TUI Render Frame -> Synced: true, Seq ID: 1788896081725000000, Bids: 20, Asks: 20
[1788896084741] TUI Render Frame -> Synced: true, Seq ID: 1788896081725000000, Bids: 20, Asks: 20
[1788896084790] TUI Render Frame -> Synced: true, Seq ID: 1788896081725000000, Bids: 20, Asks: 20
[1788896084840] TUI Render Frame -> Synced: true, Seq ID: 1788896081725000000, Bids: 20, Asks: 20
[1788896084891] TUI Render Frame -> Synced: true, Seq ID: 1788896081725000000, Bids: 20, Asks: 20
[1788896084940] TUI Render Frame -> Synced: true, Seq ID: 1788896081725000000, Bids: 20, Asks: 20
[1788896084990] TUI Render Frame -> Synced: true, Seq ID: 1788896081725000000, Bids: 20, Asks: 20
[1788896085041] TUI Render Frame -> Synced: true, Seq ID: 1788896081725000000, Bids: 20, Asks: 20
[1788896085091] TUI Render Frame -> Synced: true, Seq ID: 1788896081725000000, Bids: 20, Asks: 20
[1788896085141] TUI Render Frame -> Synced: true, Seq ID: 1788896081725000000, Bids: 20, Asks: 20
[1788896085190] TUI Render Frame -> Synced: true, Seq ID: 1788896081725000000, Bids: 20, Asks: 20
[1788896085240] TUI Render Frame -> Synced: true, Seq ID: 1788896081725000000, Bids: 20, Asks: 20
[1788896085290] TUI Render Frame -> Synced: true, Seq ID: 1788896081725000000, Bids: 20, Asks: 20
[1788896085341] TUI Render Frame -> Synced: true, Seq ID: 1788896081725000000, Bids: 20, Asks: 20
[1788896085391] TUI Render Frame -> Synced: true, Seq ID: 1788896081725000000, Bids: 20, Asks: 20
[1788896085440] TUI Render Frame -> Synced: true, Seq ID: 1788896081725000000, Bids: 20, Asks: 20
[1788896085491] TUI Render Frame -> Synced: true, Seq ID: 1788896081725000000, Bids: 20, Asks: 20
[1788896085541] TUI Render Frame -> Synced: true, Seq ID: 1788896081725000000, Bids: 20, Asks: 20
[1788896085590] TUI Render Frame -> Synced: true, Seq ID: 1788896081725000000, Bids: 20, Asks: 20
[1788896085641] TUI Render Frame -> Synced: true, Seq ID: 1788896081725000000, Bids: 20, Asks: 20
[1788896085690] TUI Render Frame -> Synced: true, Seq ID: 1788896081725000000, Bids: 20, Asks: 20
[1788896085741] TUI Render Frame -> Synced: true, Seq ID: 1788896081725000000, Bids: 20, Asks: 20
[1788896085791] TUI Render Frame -> Synced: true, Seq ID: 1788896081725000000, Bids: 20, Asks: 20
[1788896085840] TUI Render Frame -> Synced: true, Seq ID: 1788896081725000000, Bids: 20, Asks: 20
[1788896085890] TUI Render Frame -> Synced: true, Seq ID: 1788896081725000000, Bids: 20, Asks: 20
[1788896085941] TUI Render Frame -> Synced: true, Seq ID: 1788896081725000000, Bids: 20, Asks: 20
[1788896085991] TUI Render Frame -> Synced: true, Seq ID: 1788896081725000000, Bids: 20, Asks: 20
[1788896086040] TUI Render Frame -> Synced: true, Seq ID: 1788896081725000000, Bids: 20, Asks: 20
[1788896086090] TUI Render Frame -> Synced: true, Seq ID: 1788896081725000000, Bids: 20, Asks: 20
[1788896086140] TUI Render Frame -> Synced: true, Seq ID: 1788896081725000000, Bids: 20, Asks: 20
[1788896086190] TUI Render Frame -> Synced: true, Seq ID: 1788896081725000000, Bids: 20, Asks: 20
[1788896086240] TUI Render Frame -> Synced: true, Seq ID: 1788896081725000000, Bids: 20, Asks: 20
[1788896086291] TUI Render Frame -> Synced: true, Seq ID: 1788896081725000000, Bids: 20, Asks: 20
[1788896086340] TUI Render Frame -> Synced: true, Seq ID: 1788896081725000000, Bids: 20, Asks: 20
[1788896086390] TUI Render Frame -> Synced: true, Seq ID: 1788896081725000000, Bids: 20, Asks: 20
[1788896086440] TUI Render Frame -> Synced: true, Seq ID: 1788896081725000000, Bids: 20, Asks: 20
[1788896086491] TUI Render Frame -> Synced: true, Seq ID: 1788896081725000000, Bids: 20, Asks: 20
[1788896086541] TUI Render Frame -> Synced: true, Seq ID: 1788896081725000000, Bids: 20, Asks: 20
[1788896086591] TUI Render Frame -> Synced: true, Seq ID: 1788896081725000000, Bids: 20, Asks: 20
[1788896086640] TUI Render Frame -> Synced: true, Seq ID: 1788896081725000000, Bids: 20, Asks: 20
[1788896086691] TUI Render Frame -> Synced: true, Seq ID: 1788896081725000000, Bids: 20, Asks: 20
[1788896086740] TUI Render Frame -> Synced: true, Seq ID: 1788896081725000000, Bids: 20, Asks: 20
[1788896086791] TUI Render Frame -> Synced: true, Seq ID: 1788896081725000000, Bids: 20, Asks: 20
[1788896086840] TUI Render Frame -> Synced: true, Seq ID: 1788896081725000000, Bids: 20, Asks: 20
[1788896086890] TUI Render Frame -> Synced: true, Seq ID: 1788896081725000000, Bids: 20, Asks: 20
[1788896086940] TUI Render Frame -> Synced: true, Seq ID: 1788896081725000000, Bids: 20, Asks: 20
[1788896086991] TUI Render Frame -> Synced: true, Seq ID: 1788896081725000000, Bids: 20, Asks: 20
[1788896087040] TUI Render Frame -> Synced: true, Seq ID: 1788896081725000000, Bids: 20, Asks: 20
[1788896087090] TUI Render Frame -> Synced: true, Seq ID: 1788896081725000000, Bids: 20, Asks: 20
[1788896087141] TUI Render Frame -> Synced: true, Seq ID: 1788896081725000000, Bids: 20, Asks: 20
[1788896087191] TUI Render Frame -> Synced: true, Seq ID: 1788896081725000000, Bids: 20, Asks: 20
[1788896087240] TUI Render Frame -> Synced: true, Seq ID: 1788896081725000000, Bids: 20, Asks: 20
[1788896087290] TUI Render Frame -> Synced: true, Seq ID: 1788896081725000000, Bids: 20, Asks: 20
[1788896087340] TUI Render Frame -> Synced: true, Seq ID: 1788896081725000000, Bids: 20, Asks: 20
[1788896087390] TUI Render Frame -> Synced: true, Seq ID: 1788896081725000000, Bids: 20, Asks: 20
[1788896087441] TUI Render Frame -> Synced: true, Seq ID: 1788896081725000000, Bids: 20, Asks: 20
[1788896087491] TUI Render Frame -> Synced: true, Seq ID: 1788896081725000000, Bids: 20, Asks: 20
[1788896087540] TUI Render Frame -> Synced: true, Seq ID: 1788896081725000000, Bids: 20, Asks: 20
[1788896087589] TUI Render Frame -> Synced: true, Seq ID: 1788896081725000000, Bids: 20, Asks: 20
[1788896087641] TUI Render Frame -> Synced: true, Seq ID: 1788896081725000000, Bids: 20, Asks: 20
[1788896087705] TUI Render Frame -> Synced: true, Seq ID: 1788896081725000000, Bids: 20, Asks: 20
[1788896087740] TUI Render Frame -> Synced: true, Seq ID: 1788896081725000000, Bids: 20, Asks: 20
[1788896087791] TUI Render Frame -> Synced: true, Seq ID: 1788896081725000000, Bids: 20, Asks: 20
[1788896087841] TUI Render Frame -> Synced: true, Seq ID: 1788896081725000000, Bids: 20, Asks: 20
[1788896087890] TUI Render Frame -> Synced: true, Seq ID: 1788896081725000000, Bids: 20, Asks: 20
[1788896087941] TUI Render Frame -> Synced: true, Seq ID: 1788896081725000000, Bids: 20, Asks: 20
[1788896087990] TUI Render Frame -> Synced: true, Seq ID: 1788896081725000000, Bids: 20, Asks: 20
[1788896088034] Msg #30: Depth received | Bids: 20, Asks: 20, Timestamp ID: 1788896087214000000
[1788896088034] Reconciler book exists: true
[1788896088034] ui_tx.send status: true, receiver count: 1
[1788896088040] TUI Render Frame -> Synced: true, Seq ID: 1788896087214000000, Bids: 20, Asks: 20
[1788896088090] TUI Render Frame -> Synced: true, Seq ID: 1788896087214000000, Bids: 20, Asks: 20
[1788896088141] TUI Render Frame -> Synced: true, Seq ID: 1788896087214000000, Bids: 20, Asks: 20
[1788896088191] TUI Render Frame -> Synced: true, Seq ID: 1788896087214000000, Bids: 20, Asks: 20
[1788896088241] TUI Render Frame -> Synced: true, Seq ID: 1788896087214000000, Bids: 20, Asks: 20
[1788896088290] TUI Render Frame -> Synced: true, Seq ID: 1788896087214000000, Bids: 20, Asks: 20
[1788896088340] TUI Render Frame -> Synced: true, Seq ID: 1788896087214000000, Bids: 20, Asks: 20
[1788896088391] TUI Render Frame -> Synced: true, Seq ID: 1788896087214000000, Bids: 20, Asks: 20
[1788896088440] TUI Render Frame -> Synced: true, Seq ID: 1788896087214000000, Bids: 20, Asks: 20
[1788896088491] TUI Render Frame -> Synced: true, Seq ID: 1788896087214000000, Bids: 20, Asks: 20
[1788896088541] TUI Render Frame -> Synced: true, Seq ID: 1788896087214000000, Bids: 20, Asks: 20
[1788896088591] TUI Render Frame -> Synced: true, Seq ID: 1788896087214000000, Bids: 20, Asks: 20
[1788896088659] TUI Render Frame -> Synced: true, Seq ID: 1788896087214000000, Bids: 20, Asks: 20
[1788896088690] TUI Render Frame -> Synced: true, Seq ID: 1788896087214000000, Bids: 20, Asks: 20
[1788896088740] TUI Render Frame -> Synced: true, Seq ID: 1788896087214000000, Bids: 20, Asks: 20
[1788896088790] TUI Render Frame -> Synced: true, Seq ID: 1788896087214000000, Bids: 20, Asks: 20
[1788896088841] TUI Render Frame -> Synced: true, Seq ID: 1788896087214000000, Bids: 20, Asks: 20
[1788896088891] TUI Render Frame -> Synced: true, Seq ID: 1788896087214000000, Bids: 20, Asks: 20
[1788896088940] TUI Render Frame -> Synced: true, Seq ID: 1788896087214000000, Bids: 20, Asks: 20
[1788896088991] TUI Render Frame -> Synced: true, Seq ID: 1788896087214000000, Bids: 20, Asks: 20
[1788896089041] TUI Render Frame -> Synced: true, Seq ID: 1788896087214000000, Bids: 20, Asks: 20
[1788896089091] TUI Render Frame -> Synced: true, Seq ID: 1788896087214000000, Bids: 20, Asks: 20
[1788896089141] TUI Render Frame -> Synced: true, Seq ID: 1788896087214000000, Bids: 20, Asks: 20
[1788896089191] TUI Render Frame -> Synced: true, Seq ID: 1788896087214000000, Bids: 20, Asks: 20
[1788896089241] TUI Render Frame -> Synced: true, Seq ID: 1788896087214000000, Bids: 20, Asks: 20
[1788896089290] TUI Render Frame -> Synced: true, Seq ID: 1788896087214000000, Bids: 20, Asks: 20
[1788896089341] TUI Render Frame -> Synced: true, Seq ID: 1788896087214000000, Bids: 20, Asks: 20
[1788896089391] TUI Render Frame -> Synced: true, Seq ID: 1788896087214000000, Bids: 20, Asks: 20
[1788896089441] TUI Render Frame -> Synced: true, Seq ID: 1788896087214000000, Bids: 20, Asks: 20
[1788896089491] TUI Render Frame -> Synced: true, Seq ID: 1788896087214000000, Bids: 20, Asks: 20
[1788896089541] TUI Render Frame -> Synced: true, Seq ID: 1788896087214000000, Bids: 20, Asks: 20
[1788896089590] TUI Render Frame -> Synced: true, Seq ID: 1788896087214000000, Bids: 20, Asks: 20
[1788896089641] TUI Render Frame -> Synced: true, Seq ID: 1788896087214000000, Bids: 20, Asks: 20
[1788896089690] TUI Render Frame -> Synced: true, Seq ID: 1788896087214000000, Bids: 20, Asks: 20
[1788896089741] TUI Render Frame -> Synced: true, Seq ID: 1788896087214000000, Bids: 20, Asks: 20
[1788896089791] TUI Render Frame -> Synced: true, Seq ID: 1788896087214000000, Bids: 20, Asks: 20
[1788896089841] TUI Render Frame -> Synced: true, Seq ID: 1788896087214000000, Bids: 20, Asks: 20
[1788896089891] TUI Render Frame -> Synced: true, Seq ID: 1788896087214000000, Bids: 20, Asks: 20
[1788896089941] TUI Render Frame -> Synced: true, Seq ID: 1788896087214000000, Bids: 20, Asks: 20
[1788896089991] TUI Render Frame -> Synced: true, Seq ID: 1788896087214000000, Bids: 20, Asks: 20
[1788896090039] TUI Render Frame -> Synced: true, Seq ID: 1788896087214000000, Bids: 20, Asks: 20
[1788896090091] TUI Render Frame -> Synced: true, Seq ID: 1788896087214000000, Bids: 20, Asks: 20
[1788896090141] TUI Render Frame -> Synced: true, Seq ID: 1788896087214000000, Bids: 20, Asks: 20
[1788896090190] TUI Render Frame -> Synced: true, Seq ID: 1788896087214000000, Bids: 20, Asks: 20
[1788896090241] TUI Render Frame -> Synced: true, Seq ID: 1788896087214000000, Bids: 20, Asks: 20
[1788896090291] TUI Render Frame -> Synced: true, Seq ID: 1788896087214000000, Bids: 20, Asks: 20
[1788896090340] TUI Render Frame -> Synced: true, Seq ID: 1788896087214000000, Bids: 20, Asks: 20
[1788896090391] TUI Render Frame -> Synced: true, Seq ID: 1788896087214000000, Bids: 20, Asks: 20
[1788896090441] TUI Render Frame -> Synced: true, Seq ID: 1788896087214000000, Bids: 20, Asks: 20
[1788896090490] TUI Render Frame -> Synced: true, Seq ID: 1788896087214000000, Bids: 20, Asks: 20
[1788896090541] TUI Render Frame -> Synced: true, Seq ID: 1788896087214000000, Bids: 20, Asks: 20
[1788896090591] TUI Render Frame -> Synced: true, Seq ID: 1788896087214000000, Bids: 20, Asks: 20
[1788896090641] TUI Render Frame -> Synced: true, Seq ID: 1788896087214000000, Bids: 20, Asks: 20
[1788896090691] TUI Render Frame -> Synced: true, Seq ID: 1788896087214000000, Bids: 20, Asks: 20
[1788896090741] TUI Render Frame -> Synced: true, Seq ID: 1788896087214000000, Bids: 20, Asks: 20
[1788896090791] TUI Render Frame -> Synced: true, Seq ID: 1788896087214000000, Bids: 20, Asks: 20
[1788896090841] TUI Render Frame -> Synced: true, Seq ID: 1788896087214000000, Bids: 20, Asks: 20
[1788896090892] TUI Render Frame -> Synced: true, Seq ID: 1788896087214000000, Bids: 20, Asks: 20
[1788896090940] TUI Render Frame -> Synced: true, Seq ID: 1788896087214000000, Bids: 20, Asks: 20
[1788896090991] TUI Render Frame -> Synced: true, Seq ID: 1788896087214000000, Bids: 20, Asks: 20
[1788896091041] TUI Render Frame -> Synced: true, Seq ID: 1788896087214000000, Bids: 20, Asks: 20
[1788896091090] TUI Render Frame -> Synced: true, Seq ID: 1788896087214000000, Bids: 20, Asks: 20
[1788896091141] TUI Render Frame -> Synced: true, Seq ID: 1788896087214000000, Bids: 20, Asks: 20
[1788896091190] TUI Render Frame -> Synced: true, Seq ID: 1788896087214000000, Bids: 20, Asks: 20
[1788896091241] TUI Render Frame -> Synced: true, Seq ID: 1788896087214000000, Bids: 20, Asks: 20
[1788896091291] TUI Render Frame -> Synced: true, Seq ID: 1788896087214000000, Bids: 20, Asks: 20
[1788896091340] TUI Render Frame -> Synced: true, Seq ID: 1788896087214000000, Bids: 20, Asks: 20
[1788896091391] TUI Render Frame -> Synced: true, Seq ID: 1788896087214000000, Bids: 20, Asks: 20
[1788896091441] TUI Render Frame -> Synced: true, Seq ID: 1788896087214000000, Bids: 20, Asks: 20
[1788896091491] TUI Render Frame -> Synced: true, Seq ID: 1788896087214000000, Bids: 20, Asks: 20
[1788896091541] TUI Render Frame -> Synced: true, Seq ID: 1788896087214000000, Bids: 20, Asks: 20
[1788896091591] TUI Render Frame -> Synced: true, Seq ID: 1788896087214000000, Bids: 20, Asks: 20
[1788896091640] TUI Render Frame -> Synced: true, Seq ID: 1788896087214000000, Bids: 20, Asks: 20
[1788896091691] TUI Render Frame -> Synced: true, Seq ID: 1788896087214000000, Bids: 20, Asks: 20
[1788896091741] TUI Render Frame -> Synced: true, Seq ID: 1788896087214000000, Bids: 20, Asks: 20
[1788896091791] TUI Render Frame -> Synced: true, Seq ID: 1788896087214000000, Bids: 20, Asks: 20
[1788896091841] TUI Render Frame -> Synced: true, Seq ID: 1788896087214000000, Bids: 20, Asks: 20
[1788896091891] TUI Render Frame -> Synced: true, Seq ID: 1788896087214000000, Bids: 20, Asks: 20
[1788896091940] TUI Render Frame -> Synced: true, Seq ID: 1788896087214000000, Bids: 20, Asks: 20
[1788896091990] TUI Render Frame -> Synced: true, Seq ID: 1788896087214000000, Bids: 20, Asks: 20
[1788896092041] TUI Render Frame -> Synced: true, Seq ID: 1788896087214000000, Bids: 20, Asks: 20
[1788896092090] TUI Render Frame -> Synced: true, Seq ID: 1788896087214000000, Bids: 20, Asks: 20
[1788896092140] TUI Render Frame -> Synced: true, Seq ID: 1788896087214000000, Bids: 20, Asks: 20
[1788896092191] TUI Render Frame -> Synced: true, Seq ID: 1788896087214000000, Bids: 20, Asks: 20
[1788896092241] TUI Render Frame -> Synced: true, Seq ID: 1788896087214000000, Bids: 20, Asks: 20
[1788896092290] TUI Render Frame -> Synced: true, Seq ID: 1788896087214000000, Bids: 20, Asks: 20
[1788896092341] TUI Render Frame -> Synced: true, Seq ID: 1788896087214000000, Bids: 20, Asks: 20
[1788896092391] TUI Render Frame -> Synced: true, Seq ID: 1788896087214000000, Bids: 20, Asks: 20
[1788896092441] TUI Render Frame -> Synced: true, Seq ID: 1788896087214000000, Bids: 20, Asks: 20
[1788896092491] TUI Render Frame -> Synced: true, Seq ID: 1788896087214000000, Bids: 20, Asks: 20
[1788896092541] TUI Render Frame -> Synced: true, Seq ID: 1788896087214000000, Bids: 20, Asks: 20
[1788896092590] TUI Render Frame -> Synced: true, Seq ID: 1788896087214000000, Bids: 20, Asks: 20
[1788896092641] TUI Render Frame -> Synced: true, Seq ID: 1788896087214000000, Bids: 20, Asks: 20
[1788896092691] TUI Render Frame -> Synced: true, Seq ID: 1788896087214000000, Bids: 20, Asks: 20
[1788896092741] TUI Render Frame -> Synced: true, Seq ID: 1788896087214000000, Bids: 20, Asks: 20
[1788896092789] TUI Render Frame -> Synced: true, Seq ID: 1788896087214000000, Bids: 20, Asks: 20
[1788896092841] TUI Render Frame -> Synced: true, Seq ID: 1788896087214000000, Bids: 20, Asks: 20
[1788896092890] TUI Render Frame -> Synced: true, Seq ID: 1788896087214000000, Bids: 20, Asks: 20
[1788896092941] TUI Render Frame -> Synced: true, Seq ID: 1788896087214000000, Bids: 20, Asks: 20
[1788896092991] TUI Render Frame -> Synced: true, Seq ID: 1788896087214000000, Bids: 20, Asks: 20
[1788896093018] Msg #31: Depth received | Bids: 20, Asks: 20, Timestamp ID: 1788896092641000000
[1788896093018] Reconciler book exists: true
[1788896093018] ui_tx.send status: true, receiver count: 1
[1788896093041] TUI Render Frame -> Synced: true, Seq ID: 1788896092641000000, Bids: 20, Asks: 20
[1788896093090] TUI Render Frame -> Synced: true, Seq ID: 1788896092641000000, Bids: 20, Asks: 20
[1788896093140] TUI Render Frame -> Synced: true, Seq ID: 1788896092641000000, Bids: 20, Asks: 20
[1788896093190] TUI Render Frame -> Synced: true, Seq ID: 1788896092641000000, Bids: 20, Asks: 20
[1788896093240] TUI Render Frame -> Synced: true, Seq ID: 1788896092641000000, Bids: 20, Asks: 20
[1788896093290] TUI Render Frame -> Synced: true, Seq ID: 1788896092641000000, Bids: 20, Asks: 20
[1788896093340] TUI Render Frame -> Synced: true, Seq ID: 1788896092641000000, Bids: 20, Asks: 20
[1788896093390] TUI Render Frame -> Synced: true, Seq ID: 1788896092641000000, Bids: 20, Asks: 20
[1788896093441] TUI Render Frame -> Synced: true, Seq ID: 1788896092641000000, Bids: 20, Asks: 20
[1788896093491] TUI Render Frame -> Synced: true, Seq ID: 1788896092641000000, Bids: 20, Asks: 20
[1788896093541] TUI Render Frame -> Synced: true, Seq ID: 1788896092641000000, Bids: 20, Asks: 20
[1788896093591] TUI Render Frame -> Synced: true, Seq ID: 1788896092641000000, Bids: 20, Asks: 20
[1788896093641] TUI Render Frame -> Synced: true, Seq ID: 1788896092641000000, Bids: 20, Asks: 20
[1788896093690] TUI Render Frame -> Synced: true, Seq ID: 1788896092641000000, Bids: 20, Asks: 20
[1788896093741] TUI Render Frame -> Synced: true, Seq ID: 1788896092641000000, Bids: 20, Asks: 20
[1788896093791] TUI Render Frame -> Synced: true, Seq ID: 1788896092641000000, Bids: 20, Asks: 20
[1788896093840] TUI Render Frame -> Synced: true, Seq ID: 1788896092641000000, Bids: 20, Asks: 20
[1788896093891] TUI Render Frame -> Synced: true, Seq ID: 1788896092641000000, Bids: 20, Asks: 20
[1788896093941] TUI Render Frame -> Synced: true, Seq ID: 1788896092641000000, Bids: 20, Asks: 20
[1788896093991] TUI Render Frame -> Synced: true, Seq ID: 1788896092641000000, Bids: 20, Asks: 20
[1788896094041] TUI Render Frame -> Synced: true, Seq ID: 1788896092641000000, Bids: 20, Asks: 20
[1788896094091] TUI Render Frame -> Synced: true, Seq ID: 1788896092641000000, Bids: 20, Asks: 20
[1788896094140] TUI Render Frame -> Synced: true, Seq ID: 1788896092641000000, Bids: 20, Asks: 20
[1788896094191] TUI Render Frame -> Synced: true, Seq ID: 1788896092641000000, Bids: 20, Asks: 20
[1788896094241] TUI Render Frame -> Synced: true, Seq ID: 1788896092641000000, Bids: 20, Asks: 20
[1788896094291] TUI Render Frame -> Synced: true, Seq ID: 1788896092641000000, Bids: 20, Asks: 20
[1788896094340] TUI Render Frame -> Synced: true, Seq ID: 1788896092641000000, Bids: 20, Asks: 20
[1788896094390] TUI Render Frame -> Synced: true, Seq ID: 1788896092641000000, Bids: 20, Asks: 20
[1788896094441] TUI Render Frame -> Synced: true, Seq ID: 1788896092641000000, Bids: 20, Asks: 20
[1788896094491] TUI Render Frame -> Synced: true, Seq ID: 1788896092641000000, Bids: 20, Asks: 20
[1788896094540] TUI Render Frame -> Synced: true, Seq ID: 1788896092641000000, Bids: 20, Asks: 20
[1788896094590] TUI Render Frame -> Synced: true, Seq ID: 1788896092641000000, Bids: 20, Asks: 20
[1788896094641] TUI Render Frame -> Synced: true, Seq ID: 1788896092641000000, Bids: 20, Asks: 20
[1788896094690] TUI Render Frame -> Synced: true, Seq ID: 1788896092641000000, Bids: 20, Asks: 20
[1788896094741] TUI Render Frame -> Synced: true, Seq ID: 1788896092641000000, Bids: 20, Asks: 20
[1788896094791] TUI Render Frame -> Synced: true, Seq ID: 1788896092641000000, Bids: 20, Asks: 20
[1788896094841] TUI Render Frame -> Synced: true, Seq ID: 1788896092641000000, Bids: 20, Asks: 20
[1788896094891] TUI Render Frame -> Synced: true, Seq ID: 1788896092641000000, Bids: 20, Asks: 20
[1788896094940] TUI Render Frame -> Synced: true, Seq ID: 1788896092641000000, Bids: 20, Asks: 20
[1788896094991] TUI Render Frame -> Synced: true, Seq ID: 1788896092641000000, Bids: 20, Asks: 20
[1788896095055] TUI Render Frame -> Synced: true, Seq ID: 1788896092641000000, Bids: 20, Asks: 20
[1788896095091] TUI Render Frame -> Synced: true, Seq ID: 1788896092641000000, Bids: 20, Asks: 20
[1788896095141] TUI Render Frame -> Synced: true, Seq ID: 1788896092641000000, Bids: 20, Asks: 20
[1788896095191] TUI Render Frame -> Synced: true, Seq ID: 1788896092641000000, Bids: 20, Asks: 20
[1788896095241] TUI Render Frame -> Synced: true, Seq ID: 1788896092641000000, Bids: 20, Asks: 20
[1788896095290] TUI Render Frame -> Synced: true, Seq ID: 1788896092641000000, Bids: 20, Asks: 20
[1788896095341] TUI Render Frame -> Synced: true, Seq ID: 1788896092641000000, Bids: 20, Asks: 20
[1788896095391] TUI Render Frame -> Synced: true, Seq ID: 1788896092641000000, Bids: 20, Asks: 20
[1788896095440] TUI Render Frame -> Synced: true, Seq ID: 1788896092641000000, Bids: 20, Asks: 20
[1788896095491] TUI Render Frame -> Synced: true, Seq ID: 1788896092641000000, Bids: 20, Asks: 20
[1788896095541] TUI Render Frame -> Synced: true, Seq ID: 1788896092641000000, Bids: 20, Asks: 20
[1788896095592] TUI Render Frame -> Synced: true, Seq ID: 1788896092641000000, Bids: 20, Asks: 20
[1788896095640] TUI Render Frame -> Synced: true, Seq ID: 1788896092641000000, Bids: 20, Asks: 20
[1788896095691] TUI Render Frame -> Synced: true, Seq ID: 1788896092641000000, Bids: 20, Asks: 20
[1788896095740] TUI Render Frame -> Synced: true, Seq ID: 1788896092641000000, Bids: 20, Asks: 20
[1788896095791] TUI Render Frame -> Synced: true, Seq ID: 1788896092641000000, Bids: 20, Asks: 20
[1788896095841] TUI Render Frame -> Synced: true, Seq ID: 1788896092641000000, Bids: 20, Asks: 20
[1788896095891] TUI Render Frame -> Synced: true, Seq ID: 1788896092641000000, Bids: 20, Asks: 20
[1788896095940] TUI Render Frame -> Synced: true, Seq ID: 1788896092641000000, Bids: 20, Asks: 20
[1788896095989] TUI Render Frame -> Synced: true, Seq ID: 1788896092641000000, Bids: 20, Asks: 20
[1788896096041] TUI Render Frame -> Synced: true, Seq ID: 1788896092641000000, Bids: 20, Asks: 20
[1788896096090] TUI Render Frame -> Synced: true, Seq ID: 1788896092641000000, Bids: 20, Asks: 20
[1788896096141] TUI Render Frame -> Synced: true, Seq ID: 1788896092641000000, Bids: 20, Asks: 20
[1788896096191] TUI Render Frame -> Synced: true, Seq ID: 1788896092641000000, Bids: 20, Asks: 20
[1788896096241] TUI Render Frame -> Synced: true, Seq ID: 1788896092641000000, Bids: 20, Asks: 20
[1788896096291] TUI Render Frame -> Synced: true, Seq ID: 1788896092641000000, Bids: 20, Asks: 20
[1788896096340] TUI Render Frame -> Synced: true, Seq ID: 1788896092641000000, Bids: 20, Asks: 20
[1788896096391] TUI Render Frame -> Synced: true, Seq ID: 1788896092641000000, Bids: 20, Asks: 20
[1788896096440] TUI Render Frame -> Synced: true, Seq ID: 1788896092641000000, Bids: 20, Asks: 20
[1788896096491] TUI Render Frame -> Synced: true, Seq ID: 1788896092641000000, Bids: 20, Asks: 20
[1788896096540] TUI Render Frame -> Synced: true, Seq ID: 1788896092641000000, Bids: 20, Asks: 20
[1788896096591] TUI Render Frame -> Synced: true, Seq ID: 1788896092641000000, Bids: 20, Asks: 20
[1788896096641] TUI Render Frame -> Synced: true, Seq ID: 1788896092641000000, Bids: 20, Asks: 20
[1788896096691] TUI Render Frame -> Synced: true, Seq ID: 1788896092641000000, Bids: 20, Asks: 20
[1788896096741] TUI Render Frame -> Synced: true, Seq ID: 1788896092641000000, Bids: 20, Asks: 20
[1788896096791] TUI Render Frame -> Synced: true, Seq ID: 1788896092641000000, Bids: 20, Asks: 20
[1788896096841] TUI Render Frame -> Synced: true, Seq ID: 1788896092641000000, Bids: 20, Asks: 20
[1788896096891] TUI Render Frame -> Synced: true, Seq ID: 1788896092641000000, Bids: 20, Asks: 20
[1788896096941] TUI Render Frame -> Synced: true, Seq ID: 1788896092641000000, Bids: 20, Asks: 20
[1788896096991] TUI Render Frame -> Synced: true, Seq ID: 1788896092641000000, Bids: 20, Asks: 20
[1788896097040] TUI Render Frame -> Synced: true, Seq ID: 1788896092641000000, Bids: 20, Asks: 20
[1788896097091] TUI Render Frame -> Synced: true, Seq ID: 1788896092641000000, Bids: 20, Asks: 20
[1788896097140] TUI Render Frame -> Synced: true, Seq ID: 1788896092641000000, Bids: 20, Asks: 20
[1788896097190] TUI Render Frame -> Synced: true, Seq ID: 1788896092641000000, Bids: 20, Asks: 20
[1788896097240] TUI Render Frame -> Synced: true, Seq ID: 1788896092641000000, Bids: 20, Asks: 20
[1788896097290] TUI Render Frame -> Synced: true, Seq ID: 1788896092641000000, Bids: 20, Asks: 20
[1788896097340] TUI Render Frame -> Synced: true, Seq ID: 1788896092641000000, Bids: 20, Asks: 20
[1788896097391] TUI Render Frame -> Synced: true, Seq ID: 1788896092641000000, Bids: 20, Asks: 20
[1788896097441] TUI Render Frame -> Synced: true, Seq ID: 1788896092641000000, Bids: 20, Asks: 20
[1788896097490] TUI Render Frame -> Synced: true, Seq ID: 1788896092641000000, Bids: 20, Asks: 20
[1788896097541] TUI Render Frame -> Synced: true, Seq ID: 1788896092641000000, Bids: 20, Asks: 20
[1788896097590] TUI Render Frame -> Synced: true, Seq ID: 1788896092641000000, Bids: 20, Asks: 20
[1788896097641] TUI Render Frame -> Synced: true, Seq ID: 1788896092641000000, Bids: 20, Asks: 20
[1788896097691] TUI Render Frame -> Synced: true, Seq ID: 1788896092641000000, Bids: 20, Asks: 20
[1788896097741] TUI Render Frame -> Synced: true, Seq ID: 1788896092641000000, Bids: 20, Asks: 20
[1788896097791] TUI Render Frame -> Synced: true, Seq ID: 1788896092641000000, Bids: 20, Asks: 20
[1788896097841] TUI Render Frame -> Synced: true, Seq ID: 1788896092641000000, Bids: 20, Asks: 20
[1788896097891] TUI Render Frame -> Synced: true, Seq ID: 1788896092641000000, Bids: 20, Asks: 20
[1788896097940] TUI Render Frame -> Synced: true, Seq ID: 1788896092641000000, Bids: 20, Asks: 20
[1788896097990] TUI Render Frame -> Synced: true, Seq ID: 1788896092641000000, Bids: 20, Asks: 20
[1788896098040] TUI Render Frame -> Synced: true, Seq ID: 1788896092641000000, Bids: 20, Asks: 20
[1788896098090] TUI Render Frame -> Synced: true, Seq ID: 1788896092641000000, Bids: 20, Asks: 20
[1788896098141] TUI Render Frame -> Synced: true, Seq ID: 1788896092641000000, Bids: 20, Asks: 20
[1788896098190] TUI Render Frame -> Synced: true, Seq ID: 1788896092641000000, Bids: 20, Asks: 20
[1788896098240] TUI Render Frame -> Synced: true, Seq ID: 1788896092641000000, Bids: 20, Asks: 20
[1788896098291] TUI Render Frame -> Synced: true, Seq ID: 1788896092641000000, Bids: 20, Asks: 20
[1788896098341] TUI Render Frame -> Synced: true, Seq ID: 1788896092641000000, Bids: 20, Asks: 20
[1788896098391] TUI Render Frame -> Synced: true, Seq ID: 1788896092641000000, Bids: 20, Asks: 20
[1788896098441] TUI Render Frame -> Synced: true, Seq ID: 1788896092641000000, Bids: 20, Asks: 20
[1788896098491] TUI Render Frame -> Synced: true, Seq ID: 1788896092641000000, Bids: 20, Asks: 20
[1788896098510] Msg #32: Depth received | Bids: 20, Asks: 20, Timestamp ID: 1788896098061000000
[1788896098511] Reconciler book exists: true
[1788896098511] ui_tx.send status: true, receiver count: 1
[1788896098540] TUI Render Frame -> Synced: true, Seq ID: 1788896098061000000, Bids: 20, Asks: 20
[1788896098591] TUI Render Frame -> Synced: true, Seq ID: 1788896098061000000, Bids: 20, Asks: 20
[1788896098641] TUI Render Frame -> Synced: true, Seq ID: 1788896098061000000, Bids: 20, Asks: 20
[1788896098691] TUI Render Frame -> Synced: true, Seq ID: 1788896098061000000, Bids: 20, Asks: 20
[1788896098741] TUI Render Frame -> Synced: true, Seq ID: 1788896098061000000, Bids: 20, Asks: 20
[1788896098791] TUI Render Frame -> Synced: true, Seq ID: 1788896098061000000, Bids: 20, Asks: 20
[1788896098841] TUI Render Frame -> Synced: true, Seq ID: 1788896098061000000, Bids: 20, Asks: 20
[1788896098891] TUI Render Frame -> Synced: true, Seq ID: 1788896098061000000, Bids: 20, Asks: 20
[1788896098941] TUI Render Frame -> Synced: true, Seq ID: 1788896098061000000, Bids: 20, Asks: 20
[1788896098991] TUI Render Frame -> Synced: true, Seq ID: 1788896098061000000, Bids: 20, Asks: 20
[1788896099041] TUI Render Frame -> Synced: true, Seq ID: 1788896098061000000, Bids: 20, Asks: 20
[1788896099091] TUI Render Frame -> Synced: true, Seq ID: 1788896098061000000, Bids: 20, Asks: 20
[1788896099140] TUI Render Frame -> Synced: true, Seq ID: 1788896098061000000, Bids: 20, Asks: 20
[1788896099189] TUI Render Frame -> Synced: true, Seq ID: 1788896098061000000, Bids: 20, Asks: 20
[1788896099241] TUI Render Frame -> Synced: true, Seq ID: 1788896098061000000, Bids: 20, Asks: 20
[1788896099290] TUI Render Frame -> Synced: true, Seq ID: 1788896098061000000, Bids: 20, Asks: 20
[1788896099341] TUI Render Frame -> Synced: true, Seq ID: 1788896098061000000, Bids: 20, Asks: 20
[1788896099391] TUI Render Frame -> Synced: true, Seq ID: 1788896098061000000, Bids: 20, Asks: 20
[1788896099440] TUI Render Frame -> Synced: true, Seq ID: 1788896098061000000, Bids: 20, Asks: 20
[1788896099491] TUI Render Frame -> Synced: true, Seq ID: 1788896098061000000, Bids: 20, Asks: 20
[1788896099540] TUI Render Frame -> Synced: true, Seq ID: 1788896098061000000, Bids: 20, Asks: 20
[1788896099591] TUI Render Frame -> Synced: true, Seq ID: 1788896098061000000, Bids: 20, Asks: 20
[1788896099640] TUI Render Frame -> Synced: true, Seq ID: 1788896098061000000, Bids: 20, Asks: 20
[1788896099691] TUI Render Frame -> Synced: true, Seq ID: 1788896098061000000, Bids: 20, Asks: 20
[1788896099741] TUI Render Frame -> Synced: true, Seq ID: 1788896098061000000, Bids: 20, Asks: 20
[1788896099791] TUI Render Frame -> Synced: true, Seq ID: 1788896098061000000, Bids: 20, Asks: 20
[1788896099841] TUI Render Frame -> Synced: true, Seq ID: 1788896098061000000, Bids: 20, Asks: 20
[1788896099891] TUI Render Frame -> Synced: true, Seq ID: 1788896098061000000, Bids: 20, Asks: 20
[1788896099941] TUI Render Frame -> Synced: true, Seq ID: 1788896098061000000, Bids: 20, Asks: 20
[1788896099991] TUI Render Frame -> Synced: true, Seq ID: 1788896098061000000, Bids: 20, Asks: 20
[1788896100041] TUI Render Frame -> Synced: true, Seq ID: 1788896098061000000, Bids: 20, Asks: 20
[1788896100090] TUI Render Frame -> Synced: true, Seq ID: 1788896098061000000, Bids: 20, Asks: 20
[1788896100141] TUI Render Frame -> Synced: true, Seq ID: 1788896098061000000, Bids: 20, Asks: 20
[1788896100190] TUI Render Frame -> Synced: true, Seq ID: 1788896098061000000, Bids: 20, Asks: 20
[1788896100241] TUI Render Frame -> Synced: true, Seq ID: 1788896098061000000, Bids: 20, Asks: 20
[1788896100291] TUI Render Frame -> Synced: true, Seq ID: 1788896098061000000, Bids: 20, Asks: 20
[1788896100341] TUI Render Frame -> Synced: true, Seq ID: 1788896098061000000, Bids: 20, Asks: 20
[1788896100391] TUI Render Frame -> Synced: true, Seq ID: 1788896098061000000, Bids: 20, Asks: 20
[1788896100441] TUI Render Frame -> Synced: true, Seq ID: 1788896098061000000, Bids: 20, Asks: 20
[1788896100491] TUI Render Frame -> Synced: true, Seq ID: 1788896098061000000, Bids: 20, Asks: 20
[1788896100540] TUI Render Frame -> Synced: true, Seq ID: 1788896098061000000, Bids: 20, Asks: 20
[1788896100591] TUI Render Frame -> Synced: true, Seq ID: 1788896098061000000, Bids: 20, Asks: 20
[1788896100641] TUI Render Frame -> Synced: true, Seq ID: 1788896098061000000, Bids: 20, Asks: 20
[1788896100690] TUI Render Frame -> Synced: true, Seq ID: 1788896098061000000, Bids: 20, Asks: 20
[1788896100741] TUI Render Frame -> Synced: true, Seq ID: 1788896098061000000, Bids: 20, Asks: 20
[1788896100789] TUI Render Frame -> Synced: true, Seq ID: 1788896098061000000, Bids: 20, Asks: 20
[1788896100841] TUI Render Frame -> Synced: true, Seq ID: 1788896098061000000, Bids: 20, Asks: 20
[1788896100890] TUI Render Frame -> Synced: true, Seq ID: 1788896098061000000, Bids: 20, Asks: 20
[1788896100941] TUI Render Frame -> Synced: true, Seq ID: 1788896098061000000, Bids: 20, Asks: 20
[1788896100991] TUI Render Frame -> Synced: true, Seq ID: 1788896098061000000, Bids: 20, Asks: 20
[1788896101041] TUI Render Frame -> Synced: true, Seq ID: 1788896098061000000, Bids: 20, Asks: 20
[1788896101091] TUI Render Frame -> Synced: true, Seq ID: 1788896098061000000, Bids: 20, Asks: 20
[1788896101141] TUI Render Frame -> Synced: true, Seq ID: 1788896098061000000, Bids: 20, Asks: 20
[1788896101191] TUI Render Frame -> Synced: true, Seq ID: 1788896098061000000, Bids: 20, Asks: 20
[1788896101240] TUI Render Frame -> Synced: true, Seq ID: 1788896098061000000, Bids: 20, Asks: 20
[1788896101291] TUI Render Frame -> Synced: true, Seq ID: 1788896098061000000, Bids: 20, Asks: 20
[1788896101340] TUI Render Frame -> Synced: true, Seq ID: 1788896098061000000, Bids: 20, Asks: 20
[1788896101391] TUI Render Frame -> Synced: true, Seq ID: 1788896098061000000, Bids: 20, Asks: 20
[1788896101440] TUI Render Frame -> Synced: true, Seq ID: 1788896098061000000, Bids: 20, Asks: 20
[1788896101490] TUI Render Frame -> Synced: true, Seq ID: 1788896098061000000, Bids: 20, Asks: 20
[1788896101540] TUI Render Frame -> Synced: true, Seq ID: 1788896098061000000, Bids: 20, Asks: 20
[1788896101591] TUI Render Frame -> Synced: true, Seq ID: 1788896098061000000, Bids: 20, Asks: 20
[1788896101645] TUI Render Frame -> Synced: true, Seq ID: 1788896098061000000, Bids: 20, Asks: 20
[1788896101690] TUI Render Frame -> Synced: true, Seq ID: 1788896098061000000, Bids: 20, Asks: 20
[1788896101741] TUI Render Frame -> Synced: true, Seq ID: 1788896098061000000, Bids: 20, Asks: 20
[1788896101791] TUI Render Frame -> Synced: true, Seq ID: 1788896098061000000, Bids: 20, Asks: 20
[1788896101840] TUI Render Frame -> Synced: true, Seq ID: 1788896098061000000, Bids: 20, Asks: 20
[1788896101890] TUI Render Frame -> Synced: true, Seq ID: 1788896098061000000, Bids: 20, Asks: 20
[1788896101941] TUI Render Frame -> Synced: true, Seq ID: 1788896098061000000, Bids: 20, Asks: 20
[1788896101991] TUI Render Frame -> Synced: true, Seq ID: 1788896098061000000, Bids: 20, Asks: 20
[1788896102040] TUI Render Frame -> Synced: true, Seq ID: 1788896098061000000, Bids: 20, Asks: 20
[1788896102091] TUI Render Frame -> Synced: true, Seq ID: 1788896098061000000, Bids: 20, Asks: 20
[1788896102140] TUI Render Frame -> Synced: true, Seq ID: 1788896098061000000, Bids: 20, Asks: 20
[1788896102191] TUI Render Frame -> Synced: true, Seq ID: 1788896098061000000, Bids: 20, Asks: 20
[1788896102241] TUI Render Frame -> Synced: true, Seq ID: 1788896098061000000, Bids: 20, Asks: 20
[1788896102290] TUI Render Frame -> Synced: true, Seq ID: 1788896098061000000, Bids: 20, Asks: 20
[1788896102341] TUI Render Frame -> Synced: true, Seq ID: 1788896098061000000, Bids: 20, Asks: 20
[1788896102390] TUI Render Frame -> Synced: true, Seq ID: 1788896098061000000, Bids: 20, Asks: 20
[1788896102441] TUI Render Frame -> Synced: true, Seq ID: 1788896098061000000, Bids: 20, Asks: 20
[1788896102491] TUI Render Frame -> Synced: true, Seq ID: 1788896098061000000, Bids: 20, Asks: 20
[1788896102541] TUI Render Frame -> Synced: true, Seq ID: 1788896098061000000, Bids: 20, Asks: 20
[1788896102591] TUI Render Frame -> Synced: true, Seq ID: 1788896098061000000, Bids: 20, Asks: 20
[1788896102641] TUI Render Frame -> Synced: true, Seq ID: 1788896098061000000, Bids: 20, Asks: 20
[1788896102691] TUI Render Frame -> Synced: true, Seq ID: 1788896098061000000, Bids: 20, Asks: 20
[1788896102741] TUI Render Frame -> Synced: true, Seq ID: 1788896098061000000, Bids: 20, Asks: 20
[1788896102791] TUI Render Frame -> Synced: true, Seq ID: 1788896098061000000, Bids: 20, Asks: 20
[1788896102841] TUI Render Frame -> Synced: true, Seq ID: 1788896098061000000, Bids: 20, Asks: 20
[1788896102891] TUI Render Frame -> Synced: true, Seq ID: 1788896098061000000, Bids: 20, Asks: 20
[1788896102941] TUI Render Frame -> Synced: true, Seq ID: 1788896098061000000, Bids: 20, Asks: 20
[1788896102990] TUI Render Frame -> Synced: true, Seq ID: 1788896098061000000, Bids: 20, Asks: 20
[1788896103041] TUI Render Frame -> Synced: true, Seq ID: 1788896098061000000, Bids: 20, Asks: 20
[1788896103091] TUI Render Frame -> Synced: true, Seq ID: 1788896098061000000, Bids: 20, Asks: 20
[1788896103141] TUI Render Frame -> Synced: true, Seq ID: 1788896098061000000, Bids: 20, Asks: 20
[1788896103191] TUI Render Frame -> Synced: true, Seq ID: 1788896098061000000, Bids: 20, Asks: 20
[1788896103241] TUI Render Frame -> Synced: true, Seq ID: 1788896098061000000, Bids: 20, Asks: 20
[1788896103290] TUI Render Frame -> Synced: true, Seq ID: 1788896098061000000, Bids: 20, Asks: 20
[1788896103341] TUI Render Frame -> Synced: true, Seq ID: 1788896098061000000, Bids: 20, Asks: 20
[1788896103391] TUI Render Frame -> Synced: true, Seq ID: 1788896098061000000, Bids: 20, Asks: 20
[1788896103441] TUI Render Frame -> Synced: true, Seq ID: 1788896098061000000, Bids: 20, Asks: 20
[1788896103491] TUI Render Frame -> Synced: true, Seq ID: 1788896098061000000, Bids: 20, Asks: 20
[1788896103540] TUI Render Frame -> Synced: true, Seq ID: 1788896098061000000, Bids: 20, Asks: 20
[1788896103591] TUI Render Frame -> Synced: true, Seq ID: 1788896098061000000, Bids: 20, Asks: 20
[1788896103646] TUI Render Frame -> Synced: true, Seq ID: 1788896098061000000, Bids: 20, Asks: 20
[1788896103691] TUI Render Frame -> Synced: true, Seq ID: 1788896098061000000, Bids: 20, Asks: 20
[1788896103741] TUI Render Frame -> Synced: true, Seq ID: 1788896098061000000, Bids: 20, Asks: 20
[1788896103791] TUI Render Frame -> Synced: true, Seq ID: 1788896098061000000, Bids: 20, Asks: 20
[1788896103840] TUI Render Frame -> Synced: true, Seq ID: 1788896098061000000, Bids: 20, Asks: 20
[1788896103891] TUI Render Frame -> Synced: true, Seq ID: 1788896098061000000, Bids: 20, Asks: 20
[1788896103941] TUI Render Frame -> Synced: true, Seq ID: 1788896098061000000, Bids: 20, Asks: 20
[1788896103966] Msg #33: Depth received | Bids: 20, Asks: 20, Timestamp ID: 1788896103540000000
[1788896103967] Reconciler book exists: true
[1788896103967] ui_tx.send status: true, receiver count: 1
[1788896103990] TUI Render Frame -> Synced: true, Seq ID: 1788896103540000000, Bids: 20, Asks: 20
[1788896104041] TUI Render Frame -> Synced: true, Seq ID: 1788896103540000000, Bids: 20, Asks: 20
[1788896104091] TUI Render Frame -> Synced: true, Seq ID: 1788896103540000000, Bids: 20, Asks: 20
[1788896104141] TUI Render Frame -> Synced: true, Seq ID: 1788896103540000000, Bids: 20, Asks: 20
[1788896104191] TUI Render Frame -> Synced: true, Seq ID: 1788896103540000000, Bids: 20, Asks: 20
[1788896104241] TUI Render Frame -> Synced: true, Seq ID: 1788896103540000000, Bids: 20, Asks: 20
[1788896104290] TUI Render Frame -> Synced: true, Seq ID: 1788896103540000000, Bids: 20, Asks: 20
[1788896104341] TUI Render Frame -> Synced: true, Seq ID: 1788896103540000000, Bids: 20, Asks: 20
[1788896104391] TUI Render Frame -> Synced: true, Seq ID: 1788896103540000000, Bids: 20, Asks: 20
[1788896104440] TUI Render Frame -> Synced: true, Seq ID: 1788896103540000000, Bids: 20, Asks: 20
[1788896104490] TUI Render Frame -> Synced: true, Seq ID: 1788896103540000000, Bids: 20, Asks: 20
[1788896104541] TUI Render Frame -> Synced: true, Seq ID: 1788896103540000000, Bids: 20, Asks: 20
[1788896104590] TUI Render Frame -> Synced: true, Seq ID: 1788896103540000000, Bids: 20, Asks: 20
[1788896104641] TUI Render Frame -> Synced: true, Seq ID: 1788896103540000000, Bids: 20, Asks: 20
[1788896104691] TUI Render Frame -> Synced: true, Seq ID: 1788896103540000000, Bids: 20, Asks: 20
[1788896104741] TUI Render Frame -> Synced: true, Seq ID: 1788896103540000000, Bids: 20, Asks: 20
[1788896104791] TUI Render Frame -> Synced: true, Seq ID: 1788896103540000000, Bids: 20, Asks: 20
[1788896104841] TUI Render Frame -> Synced: true, Seq ID: 1788896103540000000, Bids: 20, Asks: 20
[1788896104890] TUI Render Frame -> Synced: true, Seq ID: 1788896103540000000, Bids: 20, Asks: 20
[1788896104941] TUI Render Frame -> Synced: true, Seq ID: 1788896103540000000, Bids: 20, Asks: 20
[1788896104991] TUI Render Frame -> Synced: true, Seq ID: 1788896103540000000, Bids: 20, Asks: 20
[1788896105041] TUI Render Frame -> Synced: true, Seq ID: 1788896103540000000, Bids: 20, Asks: 20
[1788896105091] TUI Render Frame -> Synced: true, Seq ID: 1788896103540000000, Bids: 20, Asks: 20
[1788896105141] TUI Render Frame -> Synced: true, Seq ID: 1788896103540000000, Bids: 20, Asks: 20
[1788896105191] TUI Render Frame -> Synced: true, Seq ID: 1788896103540000000, Bids: 20, Asks: 20
[1788896105241] TUI Render Frame -> Synced: true, Seq ID: 1788896103540000000, Bids: 20, Asks: 20
[1788896105291] TUI Render Frame -> Synced: true, Seq ID: 1788896103540000000, Bids: 20, Asks: 20
[1788896105340] TUI Render Frame -> Synced: true, Seq ID: 1788896103540000000, Bids: 20, Asks: 20
[1788896105390] TUI Render Frame -> Synced: true, Seq ID: 1788896103540000000, Bids: 20, Asks: 20
[1788896105441] TUI Render Frame -> Synced: true, Seq ID: 1788896103540000000, Bids: 20, Asks: 20
[1788896105491] TUI Render Frame -> Synced: true, Seq ID: 1788896103540000000, Bids: 20, Asks: 20
[1788896105541] TUI Render Frame -> Synced: true, Seq ID: 1788896103540000000, Bids: 20, Asks: 20
[1788896105590] TUI Render Frame -> Synced: true, Seq ID: 1788896103540000000, Bids: 20, Asks: 20
[1788896105640] TUI Render Frame -> Synced: true, Seq ID: 1788896103540000000, Bids: 20, Asks: 20
[1788896105691] TUI Render Frame -> Synced: true, Seq ID: 1788896103540000000, Bids: 20, Asks: 20
[1788896105741] TUI Render Frame -> Synced: true, Seq ID: 1788896103540000000, Bids: 20, Asks: 20
[1788896105791] TUI Render Frame -> Synced: true, Seq ID: 1788896103540000000, Bids: 20, Asks: 20
[1788896105841] TUI Render Frame -> Synced: true, Seq ID: 1788896103540000000, Bids: 20, Asks: 20
[1788896105891] TUI Render Frame -> Synced: true, Seq ID: 1788896103540000000, Bids: 20, Asks: 20
[1788896105941] TUI Render Frame -> Synced: true, Seq ID: 1788896103540000000, Bids: 20, Asks: 20
[1788896105990] TUI Render Frame -> Synced: true, Seq ID: 1788896103540000000, Bids: 20, Asks: 20
[1788896106040] TUI Render Frame -> Synced: true, Seq ID: 1788896103540000000, Bids: 20, Asks: 20
[1788896106091] TUI Render Frame -> Synced: true, Seq ID: 1788896103540000000, Bids: 20, Asks: 20
[1788896106141] TUI Render Frame -> Synced: true, Seq ID: 1788896103540000000, Bids: 20, Asks: 20
[1788896106191] TUI Render Frame -> Synced: true, Seq ID: 1788896103540000000, Bids: 20, Asks: 20
[1788896106241] TUI Render Frame -> Synced: true, Seq ID: 1788896103540000000, Bids: 20, Asks: 20
[1788896106291] TUI Render Frame -> Synced: true, Seq ID: 1788896103540000000, Bids: 20, Asks: 20
[1788896106341] TUI Render Frame -> Synced: true, Seq ID: 1788896103540000000, Bids: 20, Asks: 20
[1788896106391] TUI Render Frame -> Synced: true, Seq ID: 1788896103540000000, Bids: 20, Asks: 20
[1788896106440] TUI Render Frame -> Synced: true, Seq ID: 1788896103540000000, Bids: 20, Asks: 20
[1788896106490] TUI Render Frame -> Synced: true, Seq ID: 1788896103540000000, Bids: 20, Asks: 20
[1788896106540] TUI Render Frame -> Synced: true, Seq ID: 1788896103540000000, Bids: 20, Asks: 20
[1788896106591] TUI Render Frame -> Synced: true, Seq ID: 1788896103540000000, Bids: 20, Asks: 20
[1788896106641] TUI Render Frame -> Synced: true, Seq ID: 1788896103540000000, Bids: 20, Asks: 20
[1788896106691] TUI Render Frame -> Synced: true, Seq ID: 1788896103540000000, Bids: 20, Asks: 20
[1788896106741] TUI Render Frame -> Synced: true, Seq ID: 1788896103540000000, Bids: 20, Asks: 20
[1788896106791] TUI Render Frame -> Synced: true, Seq ID: 1788896103540000000, Bids: 20, Asks: 20
[1788896106841] TUI Render Frame -> Synced: true, Seq ID: 1788896103540000000, Bids: 20, Asks: 20
[1788896106890] TUI Render Frame -> Synced: true, Seq ID: 1788896103540000000, Bids: 20, Asks: 20
[1788896106940] TUI Render Frame -> Synced: true, Seq ID: 1788896103540000000, Bids: 20, Asks: 20
[1788896106991] TUI Render Frame -> Synced: true, Seq ID: 1788896103540000000, Bids: 20, Asks: 20
[1788896107041] TUI Render Frame -> Synced: true, Seq ID: 1788896103540000000, Bids: 20, Asks: 20
[1788896107090] TUI Render Frame -> Synced: true, Seq ID: 1788896103540000000, Bids: 20, Asks: 20
[1788896107140] TUI Render Frame -> Synced: true, Seq ID: 1788896103540000000, Bids: 20, Asks: 20
[1788896107190] TUI Render Frame -> Synced: true, Seq ID: 1788896103540000000, Bids: 20, Asks: 20
[1788896107240] TUI Render Frame -> Synced: true, Seq ID: 1788896103540000000, Bids: 20, Asks: 20
[1788896107290] TUI Render Frame -> Synced: true, Seq ID: 1788896103540000000, Bids: 20, Asks: 20
[1788896107340] TUI Render Frame -> Synced: true, Seq ID: 1788896103540000000, Bids: 20, Asks: 20
[1788896107390] TUI Render Frame -> Synced: true, Seq ID: 1788896103540000000, Bids: 20, Asks: 20
[1788896107441] TUI Render Frame -> Synced: true, Seq ID: 1788896103540000000, Bids: 20, Asks: 20
[1788896107490] TUI Render Frame -> Synced: true, Seq ID: 1788896103540000000, Bids: 20, Asks: 20
[1788896107541] TUI Render Frame -> Synced: true, Seq ID: 1788896103540000000, Bids: 20, Asks: 20
[1788896107591] TUI Render Frame -> Synced: true, Seq ID: 1788896103540000000, Bids: 20, Asks: 20
[1788896107640] TUI Render Frame -> Synced: true, Seq ID: 1788896103540000000, Bids: 20, Asks: 20
[1788896107690] TUI Render Frame -> Synced: true, Seq ID: 1788896103540000000, Bids: 20, Asks: 20
[1788896107741] TUI Render Frame -> Synced: true, Seq ID: 1788896103540000000, Bids: 20, Asks: 20
[1788896107791] TUI Render Frame -> Synced: true, Seq ID: 1788896103540000000, Bids: 20, Asks: 20
[1788896107841] TUI Render Frame -> Synced: true, Seq ID: 1788896103540000000, Bids: 20, Asks: 20
[1788896107891] TUI Render Frame -> Synced: true, Seq ID: 1788896103540000000, Bids: 20, Asks: 20
[1788896107940] TUI Render Frame -> Synced: true, Seq ID: 1788896103540000000, Bids: 20, Asks: 20
[1788896107991] TUI Render Frame -> Synced: true, Seq ID: 1788896103540000000, Bids: 20, Asks: 20
[1788896108040] TUI Render Frame -> Synced: true, Seq ID: 1788896103540000000, Bids: 20, Asks: 20
[1788896108097] TUI Render Frame -> Synced: true, Seq ID: 1788896103540000000, Bids: 20, Asks: 20
[1788896108140] TUI Render Frame -> Synced: true, Seq ID: 1788896103540000000, Bids: 20, Asks: 20
[1788896108190] TUI Render Frame -> Synced: true, Seq ID: 1788896103540000000, Bids: 20, Asks: 20
[1788896108241] TUI Render Frame -> Synced: true, Seq ID: 1788896103540000000, Bids: 20, Asks: 20
[1788896108290] TUI Render Frame -> Synced: true, Seq ID: 1788896103540000000, Bids: 20, Asks: 20
[1788896108341] TUI Render Frame -> Synced: true, Seq ID: 1788896103540000000, Bids: 20, Asks: 20
[1788896108390] TUI Render Frame -> Synced: true, Seq ID: 1788896103540000000, Bids: 20, Asks: 20
[1788896108441] TUI Render Frame -> Synced: true, Seq ID: 1788896103540000000, Bids: 20, Asks: 20
[1788896108491] TUI Render Frame -> Synced: true, Seq ID: 1788896103540000000, Bids: 20, Asks: 20
[1788896108541] TUI Render Frame -> Synced: true, Seq ID: 1788896103540000000, Bids: 20, Asks: 20
[1788896108591] TUI Render Frame -> Synced: true, Seq ID: 1788896103540000000, Bids: 20, Asks: 20
[1788896108641] TUI Render Frame -> Synced: true, Seq ID: 1788896103540000000, Bids: 20, Asks: 20
[1788896108691] TUI Render Frame -> Synced: true, Seq ID: 1788896103540000000, Bids: 20, Asks: 20
[1788896108740] TUI Render Frame -> Synced: true, Seq ID: 1788896103540000000, Bids: 20, Asks: 20
[1788896108790] TUI Render Frame -> Synced: true, Seq ID: 1788896103540000000, Bids: 20, Asks: 20
[1788896108840] TUI Render Frame -> Synced: true, Seq ID: 1788896103540000000, Bids: 20, Asks: 20
[1788896108891] TUI Render Frame -> Synced: true, Seq ID: 1788896103540000000, Bids: 20, Asks: 20
[1788896108940] TUI Render Frame -> Synced: true, Seq ID: 1788896103540000000, Bids: 20, Asks: 20
[1788896108990] TUI Render Frame -> Synced: true, Seq ID: 1788896103540000000, Bids: 20, Asks: 20
[1788896109041] TUI Render Frame -> Synced: true, Seq ID: 1788896103540000000, Bids: 20, Asks: 20
[1788896109091] TUI Render Frame -> Synced: true, Seq ID: 1788896103540000000, Bids: 20, Asks: 20
[1788896109141] TUI Render Frame -> Synced: true, Seq ID: 1788896103540000000, Bids: 20, Asks: 20
[1788896109191] TUI Render Frame -> Synced: true, Seq ID: 1788896103540000000, Bids: 20, Asks: 20
[1788896109240] TUI Render Frame -> Synced: true, Seq ID: 1788896103540000000, Bids: 20, Asks: 20
[1788896109290] TUI Render Frame -> Synced: true, Seq ID: 1788896103540000000, Bids: 20, Asks: 20
[1788896109332] Msg #34: Depth received | Bids: 20, Asks: 20, Timestamp ID: 1788896108969000000
[1788896109333] Reconciler book exists: true
[1788896109333] ui_tx.send status: true, receiver count: 1
[1788896109341] TUI Render Frame -> Synced: true, Seq ID: 1788896108969000000, Bids: 20, Asks: 20
[1788896109391] TUI Render Frame -> Synced: true, Seq ID: 1788896108969000000, Bids: 20, Asks: 20
[1788896109441] TUI Render Frame -> Synced: true, Seq ID: 1788896108969000000, Bids: 20, Asks: 20
[1788896109491] TUI Render Frame -> Synced: true, Seq ID: 1788896108969000000, Bids: 20, Asks: 20
[1788896109540] TUI Render Frame -> Synced: true, Seq ID: 1788896108969000000, Bids: 20, Asks: 20
[1788896109591] TUI Render Frame -> Synced: true, Seq ID: 1788896108969000000, Bids: 20, Asks: 20
[1788896109640] TUI Render Frame -> Synced: true, Seq ID: 1788896108969000000, Bids: 20, Asks: 20
[1788896109691] TUI Render Frame -> Synced: true, Seq ID: 1788896108969000000, Bids: 20, Asks: 20
[1788896109741] TUI Render Frame -> Synced: true, Seq ID: 1788896108969000000, Bids: 20, Asks: 20
[1788896109790] TUI Render Frame -> Synced: true, Seq ID: 1788896108969000000, Bids: 20, Asks: 20
[1788896109841] TUI Render Frame -> Synced: true, Seq ID: 1788896108969000000, Bids: 20, Asks: 20
[1788896109891] TUI Render Frame -> Synced: true, Seq ID: 1788896108969000000, Bids: 20, Asks: 20
[1788896109941] TUI Render Frame -> Synced: true, Seq ID: 1788896108969000000, Bids: 20, Asks: 20
[1788896109991] TUI Render Frame -> Synced: true, Seq ID: 1788896108969000000, Bids: 20, Asks: 20
[1788896110041] TUI Render Frame -> Synced: true, Seq ID: 1788896108969000000, Bids: 20, Asks: 20
[1788896110091] TUI Render Frame -> Synced: true, Seq ID: 1788896108969000000, Bids: 20, Asks: 20
[1788896110140] TUI Render Frame -> Synced: true, Seq ID: 1788896108969000000, Bids: 20, Asks: 20
[1788896110190] TUI Render Frame -> Synced: true, Seq ID: 1788896108969000000, Bids: 20, Asks: 20
[1788896110241] TUI Render Frame -> Synced: true, Seq ID: 1788896108969000000, Bids: 20, Asks: 20
[1788896110291] TUI Render Frame -> Synced: true, Seq ID: 1788896108969000000, Bids: 20, Asks: 20
[1788896110341] TUI Render Frame -> Synced: true, Seq ID: 1788896108969000000, Bids: 20, Asks: 20
[1788896110390] TUI Render Frame -> Synced: true, Seq ID: 1788896108969000000, Bids: 20, Asks: 20
[1788896110441] TUI Render Frame -> Synced: true, Seq ID: 1788896108969000000, Bids: 20, Asks: 20
[1788896110491] TUI Render Frame -> Synced: true, Seq ID: 1788896108969000000, Bids: 20, Asks: 20
[1788896110541] TUI Render Frame -> Synced: true, Seq ID: 1788896108969000000, Bids: 20, Asks: 20
[1788896110591] TUI Render Frame -> Synced: true, Seq ID: 1788896108969000000, Bids: 20, Asks: 20
[1788896110641] TUI Render Frame -> Synced: true, Seq ID: 1788896108969000000, Bids: 20, Asks: 20
[1788896110691] TUI Render Frame -> Synced: true, Seq ID: 1788896108969000000, Bids: 20, Asks: 20
[1788896110741] TUI Render Frame -> Synced: true, Seq ID: 1788896108969000000, Bids: 20, Asks: 20
[1788896110791] TUI Render Frame -> Synced: true, Seq ID: 1788896108969000000, Bids: 20, Asks: 20
[1788896110840] TUI Render Frame -> Synced: true, Seq ID: 1788896108969000000, Bids: 20, Asks: 20
[1788896110891] TUI Render Frame -> Synced: true, Seq ID: 1788896108969000000, Bids: 20, Asks: 20
[1788896110940] TUI Render Frame -> Synced: true, Seq ID: 1788896108969000000, Bids: 20, Asks: 20
[1788896110991] TUI Render Frame -> Synced: true, Seq ID: 1788896108969000000, Bids: 20, Asks: 20
[1788896111041] TUI Render Frame -> Synced: true, Seq ID: 1788896108969000000, Bids: 20, Asks: 20
[1788896111090] TUI Render Frame -> Synced: true, Seq ID: 1788896108969000000, Bids: 20, Asks: 20
[1788896111140] TUI Render Frame -> Synced: true, Seq ID: 1788896108969000000, Bids: 20, Asks: 20
[1788896111191] TUI Render Frame -> Synced: true, Seq ID: 1788896108969000000, Bids: 20, Asks: 20
[1788896111241] TUI Render Frame -> Synced: true, Seq ID: 1788896108969000000, Bids: 20, Asks: 20
[1788896111290] TUI Render Frame -> Synced: true, Seq ID: 1788896108969000000, Bids: 20, Asks: 20
[1788896111341] TUI Render Frame -> Synced: true, Seq ID: 1788896108969000000, Bids: 20, Asks: 20
[1788896111391] TUI Render Frame -> Synced: true, Seq ID: 1788896108969000000, Bids: 20, Asks: 20
[1788896111441] TUI Render Frame -> Synced: true, Seq ID: 1788896108969000000, Bids: 20, Asks: 20
[1788896111490] TUI Render Frame -> Synced: true, Seq ID: 1788896108969000000, Bids: 20, Asks: 20
[1788896111541] TUI Render Frame -> Synced: true, Seq ID: 1788896108969000000, Bids: 20, Asks: 20
[1788896111591] TUI Render Frame -> Synced: true, Seq ID: 1788896108969000000, Bids: 20, Asks: 20
[1788896111641] TUI Render Frame -> Synced: true, Seq ID: 1788896108969000000, Bids: 20, Asks: 20
[1788896111691] TUI Render Frame -> Synced: true, Seq ID: 1788896108969000000, Bids: 20, Asks: 20
[1788896111740] TUI Render Frame -> Synced: true, Seq ID: 1788896108969000000, Bids: 20, Asks: 20
[1788896111791] TUI Render Frame -> Synced: true, Seq ID: 1788896108969000000, Bids: 20, Asks: 20
[1788896111841] TUI Render Frame -> Synced: true, Seq ID: 1788896108969000000, Bids: 20, Asks: 20
[1788896111891] TUI Render Frame -> Synced: true, Seq ID: 1788896108969000000, Bids: 20, Asks: 20
[1788896111941] TUI Render Frame -> Synced: true, Seq ID: 1788896108969000000, Bids: 20, Asks: 20
[1788896111990] TUI Render Frame -> Synced: true, Seq ID: 1788896108969000000, Bids: 20, Asks: 20
[1788896112040] TUI Render Frame -> Synced: true, Seq ID: 1788896108969000000, Bids: 20, Asks: 20
[1788896112091] TUI Render Frame -> Synced: true, Seq ID: 1788896108969000000, Bids: 20, Asks: 20
[1788896112141] TUI Render Frame -> Synced: true, Seq ID: 1788896108969000000, Bids: 20, Asks: 20
[1788896112190] TUI Render Frame -> Synced: true, Seq ID: 1788896108969000000, Bids: 20, Asks: 20
[1788896112240] TUI Render Frame -> Synced: true, Seq ID: 1788896108969000000, Bids: 20, Asks: 20
[1788896112291] TUI Render Frame -> Synced: true, Seq ID: 1788896108969000000, Bids: 20, Asks: 20
[1788896112341] TUI Render Frame -> Synced: true, Seq ID: 1788896108969000000, Bids: 20, Asks: 20
[1788896112391] TUI Render Frame -> Synced: true, Seq ID: 1788896108969000000, Bids: 20, Asks: 20
[1788896112440] TUI Render Frame -> Synced: true, Seq ID: 1788896108969000000, Bids: 20, Asks: 20
[1788896112490] TUI Render Frame -> Synced: true, Seq ID: 1788896108969000000, Bids: 20, Asks: 20
[1788896112541] TUI Render Frame -> Synced: true, Seq ID: 1788896108969000000, Bids: 20, Asks: 20
[1788896112591] TUI Render Frame -> Synced: true, Seq ID: 1788896108969000000, Bids: 20, Asks: 20
[1788896112641] TUI Render Frame -> Synced: true, Seq ID: 1788896108969000000, Bids: 20, Asks: 20
[1788896112691] TUI Render Frame -> Synced: true, Seq ID: 1788896108969000000, Bids: 20, Asks: 20
[1788896112741] TUI Render Frame -> Synced: true, Seq ID: 1788896108969000000, Bids: 20, Asks: 20
[1788896112791] TUI Render Frame -> Synced: true, Seq ID: 1788896108969000000, Bids: 20, Asks: 20
[1788896112841] TUI Render Frame -> Synced: true, Seq ID: 1788896108969000000, Bids: 20, Asks: 20
[1788896112890] TUI Render Frame -> Synced: true, Seq ID: 1788896108969000000, Bids: 20, Asks: 20
[1788896112941] TUI Render Frame -> Synced: true, Seq ID: 1788896108969000000, Bids: 20, Asks: 20
[1788896112990] TUI Render Frame -> Synced: true, Seq ID: 1788896108969000000, Bids: 20, Asks: 20
[1788896113041] TUI Render Frame -> Synced: true, Seq ID: 1788896108969000000, Bids: 20, Asks: 20
[1788896113091] TUI Render Frame -> Synced: true, Seq ID: 1788896108969000000, Bids: 20, Asks: 20
[1788896113142] TUI Render Frame -> Synced: true, Seq ID: 1788896108969000000, Bids: 20, Asks: 20
[1788896113191] TUI Render Frame -> Synced: true, Seq ID: 1788896108969000000, Bids: 20, Asks: 20
[1788896113241] TUI Render Frame -> Synced: true, Seq ID: 1788896108969000000, Bids: 20, Asks: 20
[1788896113291] TUI Render Frame -> Synced: true, Seq ID: 1788896108969000000, Bids: 20, Asks: 20
[1788896113340] TUI Render Frame -> Synced: true, Seq ID: 1788896108969000000, Bids: 20, Asks: 20
[1788896113390] TUI Render Frame -> Synced: true, Seq ID: 1788896108969000000, Bids: 20, Asks: 20
[1788896113441] TUI Render Frame -> Synced: true, Seq ID: 1788896108969000000, Bids: 20, Asks: 20
[1788896113491] TUI Render Frame -> Synced: true, Seq ID: 1788896108969000000, Bids: 20, Asks: 20
[1788896113541] TUI Render Frame -> Synced: true, Seq ID: 1788896108969000000, Bids: 20, Asks: 20
[1788896113589] TUI Render Frame -> Synced: true, Seq ID: 1788896108969000000, Bids: 20, Asks: 20
[1788896113640] TUI Render Frame -> Synced: true, Seq ID: 1788896108969000000, Bids: 20, Asks: 20
[1788896113691] TUI Render Frame -> Synced: true, Seq ID: 1788896108969000000, Bids: 20, Asks: 20
[1788896113741] TUI Render Frame -> Synced: true, Seq ID: 1788896108969000000, Bids: 20, Asks: 20
[1788896113791] TUI Render Frame -> Synced: true, Seq ID: 1788896108969000000, Bids: 20, Asks: 20
[1788896113840] TUI Render Frame -> Synced: true, Seq ID: 1788896108969000000, Bids: 20, Asks: 20
[1788896113891] TUI Render Frame -> Synced: true, Seq ID: 1788896108969000000, Bids: 20, Asks: 20
[1788896113941] TUI Render Frame -> Synced: true, Seq ID: 1788896108969000000, Bids: 20, Asks: 20
[1788896113991] TUI Render Frame -> Synced: true, Seq ID: 1788896108969000000, Bids: 20, Asks: 20
[1788896114040] TUI Render Frame -> Synced: true, Seq ID: 1788896108969000000, Bids: 20, Asks: 20
[1788896114091] TUI Render Frame -> Synced: true, Seq ID: 1788896108969000000, Bids: 20, Asks: 20
[1788896114141] TUI Render Frame -> Synced: true, Seq ID: 1788896108969000000, Bids: 20, Asks: 20
[1788896114191] TUI Render Frame -> Synced: true, Seq ID: 1788896108969000000, Bids: 20, Asks: 20
[1788896114241] TUI Render Frame -> Synced: true, Seq ID: 1788896108969000000, Bids: 20, Asks: 20
[1788896114291] TUI Render Frame -> Synced: true, Seq ID: 1788896108969000000, Bids: 20, Asks: 20
[1788896114341] TUI Render Frame -> Synced: true, Seq ID: 1788896108969000000, Bids: 20, Asks: 20
[1788896114391] TUI Render Frame -> Synced: true, Seq ID: 1788896108969000000, Bids: 20, Asks: 20
[1788896114441] TUI Render Frame -> Synced: true, Seq ID: 1788896108969000000, Bids: 20, Asks: 20
[1788896114490] TUI Render Frame -> Synced: true, Seq ID: 1788896108969000000, Bids: 20, Asks: 20
[1788896114541] TUI Render Frame -> Synced: true, Seq ID: 1788896108969000000, Bids: 20, Asks: 20
[1788896114591] TUI Render Frame -> Synced: true, Seq ID: 1788896108969000000, Bids: 20, Asks: 20
[1788896114640] TUI Render Frame -> Synced: true, Seq ID: 1788896108969000000, Bids: 20, Asks: 20
[1788896114697] TUI Render Frame -> Synced: true, Seq ID: 1788896108969000000, Bids: 20, Asks: 20
[1788896114741] TUI Render Frame -> Synced: true, Seq ID: 1788896108969000000, Bids: 20, Asks: 20
[1788896114790] TUI Render Frame -> Synced: true, Seq ID: 1788896108969000000, Bids: 20, Asks: 20
[1788896114790] Msg #35: Depth received | Bids: 20, Asks: 20, Timestamp ID: 1788896114371000000
[1788896114790] Reconciler book exists: true
[1788896114790] ui_tx.send status: true, receiver count: 1
[1788896114840] TUI Render Frame -> Synced: true, Seq ID: 1788896114371000000, Bids: 20, Asks: 20
[1788896114891] TUI Render Frame -> Synced: true, Seq ID: 1788896114371000000, Bids: 20, Asks: 20
[1788896114940] TUI Render Frame -> Synced: true, Seq ID: 1788896114371000000, Bids: 20, Asks: 20
[1788896114991] TUI Render Frame -> Synced: true, Seq ID: 1788896114371000000, Bids: 20, Asks: 20
[1788896115041] TUI Render Frame -> Synced: true, Seq ID: 1788896114371000000, Bids: 20, Asks: 20
[1788896115091] TUI Render Frame -> Synced: true, Seq ID: 1788896114371000000, Bids: 20, Asks: 20
[1788896115140] TUI Render Frame -> Synced: true, Seq ID: 1788896114371000000, Bids: 20, Asks: 20
[1788896115190] TUI Render Frame -> Synced: true, Seq ID: 1788896114371000000, Bids: 20, Asks: 20
[1788896115246] TUI Render Frame -> Synced: true, Seq ID: 1788896114371000000, Bids: 20, Asks: 20
[1788896115291] TUI Render Frame -> Synced: true, Seq ID: 1788896114371000000, Bids: 20, Asks: 20
[1788896115339] TUI Render Frame -> Synced: true, Seq ID: 1788896114371000000, Bids: 20, Asks: 20
[1788896115391] TUI Render Frame -> Synced: true, Seq ID: 1788896114371000000, Bids: 20, Asks: 20
[1788896115441] TUI Render Frame -> Synced: true, Seq ID: 1788896114371000000, Bids: 20, Asks: 20
[1788896115491] TUI Render Frame -> Synced: true, Seq ID: 1788896114371000000, Bids: 20, Asks: 20
[1788896115541] TUI Render Frame -> Synced: true, Seq ID: 1788896114371000000, Bids: 20, Asks: 20
[1788896115591] TUI Render Frame -> Synced: true, Seq ID: 1788896114371000000, Bids: 20, Asks: 20
[1788896115640] TUI Render Frame -> Synced: true, Seq ID: 1788896114371000000, Bids: 20, Asks: 20
[1788896115691] TUI Render Frame -> Synced: true, Seq ID: 1788896114371000000, Bids: 20, Asks: 20
[1788896115741] TUI Render Frame -> Synced: true, Seq ID: 1788896114371000000, Bids: 20, Asks: 20
[1788896115791] TUI Render Frame -> Synced: true, Seq ID: 1788896114371000000, Bids: 20, Asks: 20
[1788896115841] TUI Render Frame -> Synced: true, Seq ID: 1788896114371000000, Bids: 20, Asks: 20
[1788896115891] TUI Render Frame -> Synced: true, Seq ID: 1788896114371000000, Bids: 20, Asks: 20
[1788896115941] TUI Render Frame -> Synced: true, Seq ID: 1788896114371000000, Bids: 20, Asks: 20
[1788896115991] TUI Render Frame -> Synced: true, Seq ID: 1788896114371000000, Bids: 20, Asks: 20
[1788896116041] TUI Render Frame -> Synced: true, Seq ID: 1788896114371000000, Bids: 20, Asks: 20
[1788896116090] TUI Render Frame -> Synced: true, Seq ID: 1788896114371000000, Bids: 20, Asks: 20
[1788896116140] TUI Render Frame -> Synced: true, Seq ID: 1788896114371000000, Bids: 20, Asks: 20
[1788896116191] TUI Render Frame -> Synced: true, Seq ID: 1788896114371000000, Bids: 20, Asks: 20
[1788896116241] TUI Render Frame -> Synced: true, Seq ID: 1788896114371000000, Bids: 20, Asks: 20
[1788896116291] TUI Render Frame -> Synced: true, Seq ID: 1788896114371000000, Bids: 20, Asks: 20
[1788896116341] TUI Render Frame -> Synced: true, Seq ID: 1788896114371000000, Bids: 20, Asks: 20
[1788896116391] TUI Render Frame -> Synced: true, Seq ID: 1788896114371000000, Bids: 20, Asks: 20
[1788896116441] TUI Render Frame -> Synced: true, Seq ID: 1788896114371000000, Bids: 20, Asks: 20
[1788896116491] TUI Render Frame -> Synced: true, Seq ID: 1788896114371000000, Bids: 20, Asks: 20
[1788896116540] TUI Render Frame -> Synced: true, Seq ID: 1788896114371000000, Bids: 20, Asks: 20
[1788896116591] TUI Render Frame -> Synced: true, Seq ID: 1788896114371000000, Bids: 20, Asks: 20
[1788896116641] TUI Render Frame -> Synced: true, Seq ID: 1788896114371000000, Bids: 20, Asks: 20
[1788896116691] TUI Render Frame -> Synced: true, Seq ID: 1788896114371000000, Bids: 20, Asks: 20
[1788896116741] TUI Render Frame -> Synced: true, Seq ID: 1788896114371000000, Bids: 20, Asks: 20
[1788896116789] TUI Render Frame -> Synced: true, Seq ID: 1788896114371000000, Bids: 20, Asks: 20
[1788896116840] TUI Render Frame -> Synced: true, Seq ID: 1788896114371000000, Bids: 20, Asks: 20
[1788896116891] TUI Render Frame -> Synced: true, Seq ID: 1788896114371000000, Bids: 20, Asks: 20
[1788896116941] TUI Render Frame -> Synced: true, Seq ID: 1788896114371000000, Bids: 20, Asks: 20
[1788896116990] TUI Render Frame -> Synced: true, Seq ID: 1788896114371000000, Bids: 20, Asks: 20
[1788896117041] TUI Render Frame -> Synced: true, Seq ID: 1788896114371000000, Bids: 20, Asks: 20
[1788896117091] TUI Render Frame -> Synced: true, Seq ID: 1788896114371000000, Bids: 20, Asks: 20
[1788896117141] TUI Render Frame -> Synced: true, Seq ID: 1788896114371000000, Bids: 20, Asks: 20
[1788896117191] TUI Render Frame -> Synced: true, Seq ID: 1788896114371000000, Bids: 20, Asks: 20
[1788896117240] TUI Render Frame -> Synced: true, Seq ID: 1788896114371000000, Bids: 20, Asks: 20
[1788896117291] TUI Render Frame -> Synced: true, Seq ID: 1788896114371000000, Bids: 20, Asks: 20
[1788896117341] TUI Render Frame -> Synced: true, Seq ID: 1788896114371000000, Bids: 20, Asks: 20
[1788896117390] TUI Render Frame -> Synced: true, Seq ID: 1788896114371000000, Bids: 20, Asks: 20
[1788896117441] TUI Render Frame -> Synced: true, Seq ID: 1788896114371000000, Bids: 20, Asks: 20
[1788896117491] TUI Render Frame -> Synced: true, Seq ID: 1788896114371000000, Bids: 20, Asks: 20
[1788896117541] TUI Render Frame -> Synced: true, Seq ID: 1788896114371000000, Bids: 20, Asks: 20
[1788896117591] TUI Render Frame -> Synced: true, Seq ID: 1788896114371000000, Bids: 20, Asks: 20
[1788896117641] TUI Render Frame -> Synced: true, Seq ID: 1788896114371000000, Bids: 20, Asks: 20
[1788896117691] TUI Render Frame -> Synced: true, Seq ID: 1788896114371000000, Bids: 20, Asks: 20
[1788896117741] TUI Render Frame -> Synced: true, Seq ID: 1788896114371000000, Bids: 20, Asks: 20
[1788896117791] TUI Render Frame -> Synced: true, Seq ID: 1788896114371000000, Bids: 20, Asks: 20
[1788896117841] TUI Render Frame -> Synced: true, Seq ID: 1788896114371000000, Bids: 20, Asks: 20
[1788896117891] TUI Render Frame -> Synced: true, Seq ID: 1788896114371000000, Bids: 20, Asks: 20
[1788896117940] TUI Render Frame -> Synced: true, Seq ID: 1788896114371000000, Bids: 20, Asks: 20
[1788896117990] TUI Render Frame -> Synced: true, Seq ID: 1788896114371000000, Bids: 20, Asks: 20
[1788896118041] TUI Render Frame -> Synced: true, Seq ID: 1788896114371000000, Bids: 20, Asks: 20
[1788896118091] TUI Render Frame -> Synced: true, Seq ID: 1788896114371000000, Bids: 20, Asks: 20
[1788896118141] TUI Render Frame -> Synced: true, Seq ID: 1788896114371000000, Bids: 20, Asks: 20
[1788896118191] TUI Render Frame -> Synced: true, Seq ID: 1788896114371000000, Bids: 20, Asks: 20
[1788896118241] TUI Render Frame -> Synced: true, Seq ID: 1788896114371000000, Bids: 20, Asks: 20
[1788896118291] TUI Render Frame -> Synced: true, Seq ID: 1788896114371000000, Bids: 20, Asks: 20
[1788896118341] TUI Render Frame -> Synced: true, Seq ID: 1788896114371000000, Bids: 20, Asks: 20
[1788896118390] TUI Render Frame -> Synced: true, Seq ID: 1788896114371000000, Bids: 20, Asks: 20
[1788896118441] TUI Render Frame -> Synced: true, Seq ID: 1788896114371000000, Bids: 20, Asks: 20
[1788896118491] TUI Render Frame -> Synced: true, Seq ID: 1788896114371000000, Bids: 20, Asks: 20
[1788896118541] TUI Render Frame -> Synced: true, Seq ID: 1788896114371000000, Bids: 20, Asks: 20
[1788896118590] TUI Render Frame -> Synced: true, Seq ID: 1788896114371000000, Bids: 20, Asks: 20
[1788896118640] TUI Render Frame -> Synced: true, Seq ID: 1788896114371000000, Bids: 20, Asks: 20
[1788896118691] TUI Render Frame -> Synced: true, Seq ID: 1788896114371000000, Bids: 20, Asks: 20
[1788896118741] TUI Render Frame -> Synced: true, Seq ID: 1788896114371000000, Bids: 20, Asks: 20
[1788896118791] TUI Render Frame -> Synced: true, Seq ID: 1788896114371000000, Bids: 20, Asks: 20
[1788896118840] TUI Render Frame -> Synced: true, Seq ID: 1788896114371000000, Bids: 20, Asks: 20
[1788896118891] TUI Render Frame -> Synced: true, Seq ID: 1788896114371000000, Bids: 20, Asks: 20
[1788896118941] TUI Render Frame -> Synced: true, Seq ID: 1788896114371000000, Bids: 20, Asks: 20
[1788896118990] TUI Render Frame -> Synced: true, Seq ID: 1788896114371000000, Bids: 20, Asks: 20
[1788896119041] TUI Render Frame -> Synced: true, Seq ID: 1788896114371000000, Bids: 20, Asks: 20
[1788896119091] TUI Render Frame -> Synced: true, Seq ID: 1788896114371000000, Bids: 20, Asks: 20
[1788896119141] TUI Render Frame -> Synced: true, Seq ID: 1788896114371000000, Bids: 20, Asks: 20
[1788896119191] TUI Render Frame -> Synced: true, Seq ID: 1788896114371000000, Bids: 20, Asks: 20
[1788896119241] TUI Render Frame -> Synced: true, Seq ID: 1788896114371000000, Bids: 20, Asks: 20
[1788896119291] TUI Render Frame -> Synced: true, Seq ID: 1788896114371000000, Bids: 20, Asks: 20
[1788896119341] TUI Render Frame -> Synced: true, Seq ID: 1788896114371000000, Bids: 20, Asks: 20
[1788896119391] TUI Render Frame -> Synced: true, Seq ID: 1788896114371000000, Bids: 20, Asks: 20
[1788896119440] TUI Render Frame -> Synced: true, Seq ID: 1788896114371000000, Bids: 20, Asks: 20
[1788896119491] TUI Render Frame -> Synced: true, Seq ID: 1788896114371000000, Bids: 20, Asks: 20
[1788896119541] TUI Render Frame -> Synced: true, Seq ID: 1788896114371000000, Bids: 20, Asks: 20
[1788896119591] TUI Render Frame -> Synced: true, Seq ID: 1788896114371000000, Bids: 20, Asks: 20
[1788896119640] TUI Render Frame -> Synced: true, Seq ID: 1788896114371000000, Bids: 20, Asks: 20
[1788896119691] TUI Render Frame -> Synced: true, Seq ID: 1788896114371000000, Bids: 20, Asks: 20
[1788896119740] TUI Render Frame -> Synced: true, Seq ID: 1788896114371000000, Bids: 20, Asks: 20
[1788896119791] TUI Render Frame -> Synced: true, Seq ID: 1788896114371000000, Bids: 20, Asks: 20
[1788896119841] TUI Render Frame -> Synced: true, Seq ID: 1788896114371000000, Bids: 20, Asks: 20
[1788896119891] TUI Render Frame -> Synced: true, Seq ID: 1788896114371000000, Bids: 20, Asks: 20
[1788896119941] TUI Render Frame -> Synced: true, Seq ID: 1788896114371000000, Bids: 20, Asks: 20
[1788896119989] TUI Render Frame -> Synced: true, Seq ID: 1788896114371000000, Bids: 20, Asks: 20
[1788896120041] TUI Render Frame -> Synced: true, Seq ID: 1788896114371000000, Bids: 20, Asks: 20
[1788896120091] TUI Render Frame -> Synced: true, Seq ID: 1788896114371000000, Bids: 20, Asks: 20
[1788896120141] TUI Render Frame -> Synced: true, Seq ID: 1788896114371000000, Bids: 20, Asks: 20
[1788896120190] TUI Render Frame -> Synced: true, Seq ID: 1788896114371000000, Bids: 20, Asks: 20
[1788896120241] TUI Render Frame -> Synced: true, Seq ID: 1788896114371000000, Bids: 20, Asks: 20
[1788896120264] Msg #36: Depth received | Bids: 20, Asks: 20, Timestamp ID: 1788896119925000000
[1788896120264] Reconciler book exists: true
[1788896120264] ui_tx.send status: true, receiver count: 1
[1788896120291] TUI Render Frame -> Synced: true, Seq ID: 1788896119925000000, Bids: 20, Asks: 20
[1788896120341] TUI Render Frame -> Synced: true, Seq ID: 1788896119925000000, Bids: 20, Asks: 20
[1788896120391] TUI Render Frame -> Synced: true, Seq ID: 1788896119925000000, Bids: 20, Asks: 20
[1788896120440] TUI Render Frame -> Synced: true, Seq ID: 1788896119925000000, Bids: 20, Asks: 20
[1788896120491] TUI Render Frame -> Synced: true, Seq ID: 1788896119925000000, Bids: 20, Asks: 20
[1788896120554] TUI Render Frame -> Synced: true, Seq ID: 1788896119925000000, Bids: 20, Asks: 20
[1788896120590] TUI Render Frame -> Synced: true, Seq ID: 1788896119925000000, Bids: 20, Asks: 20
[1788896120640] TUI Render Frame -> Synced: true, Seq ID: 1788896119925000000, Bids: 20, Asks: 20
[1788896120690] TUI Render Frame -> Synced: true, Seq ID: 1788896119925000000, Bids: 20, Asks: 20
[1788896120741] TUI Render Frame -> Synced: true, Seq ID: 1788896119925000000, Bids: 20, Asks: 20
[1788896120791] TUI Render Frame -> Synced: true, Seq ID: 1788896119925000000, Bids: 20, Asks: 20
[1788896120841] TUI Render Frame -> Synced: true, Seq ID: 1788896119925000000, Bids: 20, Asks: 20
[1788896120890] TUI Render Frame -> Synced: true, Seq ID: 1788896119925000000, Bids: 20, Asks: 20
[1788896120941] TUI Render Frame -> Synced: true, Seq ID: 1788896119925000000, Bids: 20, Asks: 20
[1788896120991] TUI Render Frame -> Synced: true, Seq ID: 1788896119925000000, Bids: 20, Asks: 20
[1788896121041] TUI Render Frame -> Synced: true, Seq ID: 1788896119925000000, Bids: 20, Asks: 20
[1788896121091] TUI Render Frame -> Synced: true, Seq ID: 1788896119925000000, Bids: 20, Asks: 20
[1788896121141] TUI Render Frame -> Synced: true, Seq ID: 1788896119925000000, Bids: 20, Asks: 20
[1788896121191] TUI Render Frame -> Synced: true, Seq ID: 1788896119925000000, Bids: 20, Asks: 20
[1788896121241] TUI Render Frame -> Synced: true, Seq ID: 1788896119925000000, Bids: 20, Asks: 20
[1788896121291] TUI Render Frame -> Synced: true, Seq ID: 1788896119925000000, Bids: 20, Asks: 20
[1788896121340] TUI Render Frame -> Synced: true, Seq ID: 1788896119925000000, Bids: 20, Asks: 20
[1788896121391] TUI Render Frame -> Synced: true, Seq ID: 1788896119925000000, Bids: 20, Asks: 20
[1788896121441] TUI Render Frame -> Synced: true, Seq ID: 1788896119925000000, Bids: 20, Asks: 20
[1788896121490] TUI Render Frame -> Synced: true, Seq ID: 1788896119925000000, Bids: 20, Asks: 20
[1788896121540] TUI Render Frame -> Synced: true, Seq ID: 1788896119925000000, Bids: 20, Asks: 20
[1788896121590] TUI Render Frame -> Synced: true, Seq ID: 1788896119925000000, Bids: 20, Asks: 20
[1788896121641] TUI Render Frame -> Synced: true, Seq ID: 1788896119925000000, Bids: 20, Asks: 20
[1788896121690] TUI Render Frame -> Synced: true, Seq ID: 1788896119925000000, Bids: 20, Asks: 20
[1788896121741] TUI Render Frame -> Synced: true, Seq ID: 1788896119925000000, Bids: 20, Asks: 20
[1788896121791] TUI Render Frame -> Synced: true, Seq ID: 1788896119925000000, Bids: 20, Asks: 20
[1788896121841] TUI Render Frame -> Synced: true, Seq ID: 1788896119925000000, Bids: 20, Asks: 20
[1788896121891] TUI Render Frame -> Synced: true, Seq ID: 1788896119925000000, Bids: 20, Asks: 20
[1788896121941] TUI Render Frame -> Synced: true, Seq ID: 1788896119925000000, Bids: 20, Asks: 20
[1788896121991] TUI Render Frame -> Synced: true, Seq ID: 1788896119925000000, Bids: 20, Asks: 20
[1788896122040] TUI Render Frame -> Synced: true, Seq ID: 1788896119925000000, Bids: 20, Asks: 20
[1788896122091] TUI Render Frame -> Synced: true, Seq ID: 1788896119925000000, Bids: 20, Asks: 20
[1788896122141] TUI Render Frame -> Synced: true, Seq ID: 1788896119925000000, Bids: 20, Asks: 20
[1788896122190] TUI Render Frame -> Synced: true, Seq ID: 1788896119925000000, Bids: 20, Asks: 20
[1788896122240] TUI Render Frame -> Synced: true, Seq ID: 1788896119925000000, Bids: 20, Asks: 20
[1788896122291] TUI Render Frame -> Synced: true, Seq ID: 1788896119925000000, Bids: 20, Asks: 20
[1788896122341] TUI Render Frame -> Synced: true, Seq ID: 1788896119925000000, Bids: 20, Asks: 20
[1788896122391] TUI Render Frame -> Synced: true, Seq ID: 1788896119925000000, Bids: 20, Asks: 20
[1788896122441] TUI Render Frame -> Synced: true, Seq ID: 1788896119925000000, Bids: 20, Asks: 20
[1788896122490] TUI Render Frame -> Synced: true, Seq ID: 1788896119925000000, Bids: 20, Asks: 20
[1788896122540] TUI Render Frame -> Synced: true, Seq ID: 1788896119925000000, Bids: 20, Asks: 20
[1788896122592] TUI Render Frame -> Synced: true, Seq ID: 1788896119925000000, Bids: 20, Asks: 20
[1788896122641] TUI Render Frame -> Synced: true, Seq ID: 1788896119925000000, Bids: 20, Asks: 20
[1788896122691] TUI Render Frame -> Synced: true, Seq ID: 1788896119925000000, Bids: 20, Asks: 20
[1788896122741] TUI Render Frame -> Synced: true, Seq ID: 1788896119925000000, Bids: 20, Asks: 20
[1788896122791] TUI Render Frame -> Synced: true, Seq ID: 1788896119925000000, Bids: 20, Asks: 20
[1788896122841] TUI Render Frame -> Synced: true, Seq ID: 1788896119925000000, Bids: 20, Asks: 20
[1788896122891] TUI Render Frame -> Synced: true, Seq ID: 1788896119925000000, Bids: 20, Asks: 20
[1788896122941] TUI Render Frame -> Synced: true, Seq ID: 1788896119925000000, Bids: 20, Asks: 20
[1788896122991] TUI Render Frame -> Synced: true, Seq ID: 1788896119925000000, Bids: 20, Asks: 20
[1788896123040] TUI Render Frame -> Synced: true, Seq ID: 1788896119925000000, Bids: 20, Asks: 20
[1788896123090] TUI Render Frame -> Synced: true, Seq ID: 1788896119925000000, Bids: 20, Asks: 20
[1788896123141] TUI Render Frame -> Synced: true, Seq ID: 1788896119925000000, Bids: 20, Asks: 20
[1788896123190] TUI Render Frame -> Synced: true, Seq ID: 1788896119925000000, Bids: 20, Asks: 20
[1788896123240] TUI Render Frame -> Synced: true, Seq ID: 1788896119925000000, Bids: 20, Asks: 20
[1788896123291] TUI Render Frame -> Synced: true, Seq ID: 1788896119925000000, Bids: 20, Asks: 20
[1788896123341] TUI Render Frame -> Synced: true, Seq ID: 1788896119925000000, Bids: 20, Asks: 20
[1788896123391] TUI Render Frame -> Synced: true, Seq ID: 1788896119925000000, Bids: 20, Asks: 20
[1788896123441] TUI Render Frame -> Synced: true, Seq ID: 1788896119925000000, Bids: 20, Asks: 20
[1788896123491] TUI Render Frame -> Synced: true, Seq ID: 1788896119925000000, Bids: 20, Asks: 20
[1788896123540] TUI Render Frame -> Synced: true, Seq ID: 1788896119925000000, Bids: 20, Asks: 20
[1788896123590] TUI Render Frame -> Synced: true, Seq ID: 1788896119925000000, Bids: 20, Asks: 20
[1788896123640] TUI Render Frame -> Synced: true, Seq ID: 1788896119925000000, Bids: 20, Asks: 20
[1788896123690] TUI Render Frame -> Synced: true, Seq ID: 1788896119925000000, Bids: 20, Asks: 20
[1788896123741] TUI Render Frame -> Synced: true, Seq ID: 1788896119925000000, Bids: 20, Asks: 20
[1788896123791] TUI Render Frame -> Synced: true, Seq ID: 1788896119925000000, Bids: 20, Asks: 20
[1788896123841] TUI Render Frame -> Synced: true, Seq ID: 1788896119925000000, Bids: 20, Asks: 20
[1788896123891] TUI Render Frame -> Synced: true, Seq ID: 1788896119925000000, Bids: 20, Asks: 20
[1788896123941] TUI Render Frame -> Synced: true, Seq ID: 1788896119925000000, Bids: 20, Asks: 20
[1788896123991] TUI Render Frame -> Synced: true, Seq ID: 1788896119925000000, Bids: 20, Asks: 20
[1788896124041] TUI Render Frame -> Synced: true, Seq ID: 1788896119925000000, Bids: 20, Asks: 20
[1788896124091] TUI Render Frame -> Synced: true, Seq ID: 1788896119925000000, Bids: 20, Asks: 20
[1788896124141] TUI Render Frame -> Synced: true, Seq ID: 1788896119925000000, Bids: 20, Asks: 20
[1788896124191] TUI Render Frame -> Synced: true, Seq ID: 1788896119925000000, Bids: 20, Asks: 20
[1788896124240] TUI Render Frame -> Synced: true, Seq ID: 1788896119925000000, Bids: 20, Asks: 20
[1788896124291] TUI Render Frame -> Synced: true, Seq ID: 1788896119925000000, Bids: 20, Asks: 20
[1788896124341] TUI Render Frame -> Synced: true, Seq ID: 1788896119925000000, Bids: 20, Asks: 20
[1788896124391] TUI Render Frame -> Synced: true, Seq ID: 1788896119925000000, Bids: 20, Asks: 20
[1788896124441] TUI Render Frame -> Synced: true, Seq ID: 1788896119925000000, Bids: 20, Asks: 20
[1788896124490] TUI Render Frame -> Synced: true, Seq ID: 1788896119925000000, Bids: 20, Asks: 20
[1788896124540] TUI Render Frame -> Synced: true, Seq ID: 1788896119925000000, Bids: 20, Asks: 20
[1788896124591] TUI Render Frame -> Synced: true, Seq ID: 1788896119925000000, Bids: 20, Asks: 20
[1788896124641] TUI Render Frame -> Synced: true, Seq ID: 1788896119925000000, Bids: 20, Asks: 20
[1788896124691] TUI Render Frame -> Synced: true, Seq ID: 1788896119925000000, Bids: 20, Asks: 20
[1788896124741] TUI Render Frame -> Synced: true, Seq ID: 1788896119925000000, Bids: 20, Asks: 20
[1788896124790] TUI Render Frame -> Synced: true, Seq ID: 1788896119925000000, Bids: 20, Asks: 20
[1788896124841] TUI Render Frame -> Synced: true, Seq ID: 1788896119925000000, Bids: 20, Asks: 20
[1788896124891] TUI Render Frame -> Synced: true, Seq ID: 1788896119925000000, Bids: 20, Asks: 20
[1788896124941] TUI Render Frame -> Synced: true, Seq ID: 1788896119925000000, Bids: 20, Asks: 20
[1788896124991] TUI Render Frame -> Synced: true, Seq ID: 1788896119925000000, Bids: 20, Asks: 20
[1788896125041] TUI Render Frame -> Synced: true, Seq ID: 1788896119925000000, Bids: 20, Asks: 20
[1788896125090] TUI Render Frame -> Synced: true, Seq ID: 1788896119925000000, Bids: 20, Asks: 20
[1788896125141] TUI Render Frame -> Synced: true, Seq ID: 1788896119925000000, Bids: 20, Asks: 20
[1788896125191] TUI Render Frame -> Synced: true, Seq ID: 1788896119925000000, Bids: 20, Asks: 20
[1788896125240] TUI Render Frame -> Synced: true, Seq ID: 1788896119925000000, Bids: 20, Asks: 20
[1788896125291] TUI Render Frame -> Synced: true, Seq ID: 1788896119925000000, Bids: 20, Asks: 20
[1788896125341] TUI Render Frame -> Synced: true, Seq ID: 1788896119925000000, Bids: 20, Asks: 20
[1788896125391] TUI Render Frame -> Synced: true, Seq ID: 1788896119925000000, Bids: 20, Asks: 20
[1788896125441] TUI Render Frame -> Synced: true, Seq ID: 1788896119925000000, Bids: 20, Asks: 20
[1788896125473] Msg #37: Depth received | Bids: 20, Asks: 20, Timestamp ID: 1788896125039000000
[1788896125473] Reconciler book exists: true
[1788896125473] ui_tx.send status: true, receiver count: 1
[1788896125491] TUI Render Frame -> Synced: true, Seq ID: 1788896125039000000, Bids: 20, Asks: 20
[1788896125540] TUI Render Frame -> Synced: true, Seq ID: 1788896125039000000, Bids: 20, Asks: 20
[1788896125591] TUI Render Frame -> Synced: true, Seq ID: 1788896125039000000, Bids: 20, Asks: 20
[1788896125640] TUI Render Frame -> Synced: true, Seq ID: 1788896125039000000, Bids: 20, Asks: 20
[1788896125691] TUI Render Frame -> Synced: true, Seq ID: 1788896125039000000, Bids: 20, Asks: 20
[1788896125740] TUI Render Frame -> Synced: true, Seq ID: 1788896125039000000, Bids: 20, Asks: 20
[1788896125791] TUI Render Frame -> Synced: true, Seq ID: 1788896125039000000, Bids: 20, Asks: 20
[1788896125841] TUI Render Frame -> Synced: true, Seq ID: 1788896125039000000, Bids: 20, Asks: 20
[1788896125891] TUI Render Frame -> Synced: true, Seq ID: 1788896125039000000, Bids: 20, Asks: 20
[1788896125940] TUI Render Frame -> Synced: true, Seq ID: 1788896125039000000, Bids: 20, Asks: 20
[1788896125991] TUI Render Frame -> Synced: true, Seq ID: 1788896125039000000, Bids: 20, Asks: 20
[1788896126041] TUI Render Frame -> Synced: true, Seq ID: 1788896125039000000, Bids: 20, Asks: 20
[1788896126090] TUI Render Frame -> Synced: true, Seq ID: 1788896125039000000, Bids: 20, Asks: 20
[1788896126141] TUI Render Frame -> Synced: true, Seq ID: 1788896125039000000, Bids: 20, Asks: 20
[1788896126191] TUI Render Frame -> Synced: true, Seq ID: 1788896125039000000, Bids: 20, Asks: 20
[1788896126241] TUI Render Frame -> Synced: true, Seq ID: 1788896125039000000, Bids: 20, Asks: 20
[1788896126291] TUI Render Frame -> Synced: true, Seq ID: 1788896125039000000, Bids: 20, Asks: 20
[1788896126341] TUI Render Frame -> Synced: true, Seq ID: 1788896125039000000, Bids: 20, Asks: 20
[1788896126390] TUI Render Frame -> Synced: true, Seq ID: 1788896125039000000, Bids: 20, Asks: 20
[1788896126441] TUI Render Frame -> Synced: true, Seq ID: 1788896125039000000, Bids: 20, Asks: 20
[1788896126491] TUI Render Frame -> Synced: true, Seq ID: 1788896125039000000, Bids: 20, Asks: 20
[1788896126541] TUI Render Frame -> Synced: true, Seq ID: 1788896125039000000, Bids: 20, Asks: 20
[1788896126591] TUI Render Frame -> Synced: true, Seq ID: 1788896125039000000, Bids: 20, Asks: 20
[1788896126641] TUI Render Frame -> Synced: true, Seq ID: 1788896125039000000, Bids: 20, Asks: 20
[1788896126691] TUI Render Frame -> Synced: true, Seq ID: 1788896125039000000, Bids: 20, Asks: 20
[1788896126741] TUI Render Frame -> Synced: true, Seq ID: 1788896125039000000, Bids: 20, Asks: 20
[1788896126791] TUI Render Frame -> Synced: true, Seq ID: 1788896125039000000, Bids: 20, Asks: 20
[1788896126841] TUI Render Frame -> Synced: true, Seq ID: 1788896125039000000, Bids: 20, Asks: 20
[1788896126891] TUI Render Frame -> Synced: true, Seq ID: 1788896125039000000, Bids: 20, Asks: 20
[1788896126941] TUI Render Frame -> Synced: true, Seq ID: 1788896125039000000, Bids: 20, Asks: 20
[1788896126991] TUI Render Frame -> Synced: true, Seq ID: 1788896125039000000, Bids: 20, Asks: 20
[1788896127041] TUI Render Frame -> Synced: true, Seq ID: 1788896125039000000, Bids: 20, Asks: 20
[1788896127091] TUI Render Frame -> Synced: true, Seq ID: 1788896125039000000, Bids: 20, Asks: 20
[1788896127145] TUI Render Frame -> Synced: true, Seq ID: 1788896125039000000, Bids: 20, Asks: 20
[1788896127190] TUI Render Frame -> Synced: true, Seq ID: 1788896125039000000, Bids: 20, Asks: 20
[1788896127241] TUI Render Frame -> Synced: true, Seq ID: 1788896125039000000, Bids: 20, Asks: 20
[1788896127290] TUI Render Frame -> Synced: true, Seq ID: 1788896125039000000, Bids: 20, Asks: 20
[1788896127341] TUI Render Frame -> Synced: true, Seq ID: 1788896125039000000, Bids: 20, Asks: 20
[1788896127391] TUI Render Frame -> Synced: true, Seq ID: 1788896125039000000, Bids: 20, Asks: 20
[1788896127440] TUI Render Frame -> Synced: true, Seq ID: 1788896125039000000, Bids: 20, Asks: 20
[1788896127491] TUI Render Frame -> Synced: true, Seq ID: 1788896125039000000, Bids: 20, Asks: 20
[1788896127541] TUI Render Frame -> Synced: true, Seq ID: 1788896125039000000, Bids: 20, Asks: 20
[1788896127593] TUI Render Frame -> Synced: true, Seq ID: 1788896125039000000, Bids: 20, Asks: 20
[1788896127641] TUI Render Frame -> Synced: true, Seq ID: 1788896125039000000, Bids: 20, Asks: 20
[1788896127691] TUI Render Frame -> Synced: true, Seq ID: 1788896125039000000, Bids: 20, Asks: 20
[1788896127740] TUI Render Frame -> Synced: true, Seq ID: 1788896125039000000, Bids: 20, Asks: 20
[1788896127791] TUI Render Frame -> Synced: true, Seq ID: 1788896125039000000, Bids: 20, Asks: 20
[1788896127840] TUI Render Frame -> Synced: true, Seq ID: 1788896125039000000, Bids: 20, Asks: 20
[1788896127890] TUI Render Frame -> Synced: true, Seq ID: 1788896125039000000, Bids: 20, Asks: 20
[1788896127941] TUI Render Frame -> Synced: true, Seq ID: 1788896125039000000, Bids: 20, Asks: 20
[1788896127990] TUI Render Frame -> Synced: true, Seq ID: 1788896125039000000, Bids: 20, Asks: 20
[1788896128041] TUI Render Frame -> Synced: true, Seq ID: 1788896125039000000, Bids: 20, Asks: 20
[1788896128090] TUI Render Frame -> Synced: true, Seq ID: 1788896125039000000, Bids: 20, Asks: 20
[1788896128141] TUI Render Frame -> Synced: true, Seq ID: 1788896125039000000, Bids: 20, Asks: 20
[1788896128191] TUI Render Frame -> Synced: true, Seq ID: 1788896125039000000, Bids: 20, Asks: 20
[1788896128241] TUI Render Frame -> Synced: true, Seq ID: 1788896125039000000, Bids: 20, Asks: 20
[1788896128291] TUI Render Frame -> Synced: true, Seq ID: 1788896125039000000, Bids: 20, Asks: 20
[1788896128341] TUI Render Frame -> Synced: true, Seq ID: 1788896125039000000, Bids: 20, Asks: 20
[1788896128391] TUI Render Frame -> Synced: true, Seq ID: 1788896125039000000, Bids: 20, Asks: 20
[1788896128440] TUI Render Frame -> Synced: true, Seq ID: 1788896125039000000, Bids: 20, Asks: 20
[1788896128491] TUI Render Frame -> Synced: true, Seq ID: 1788896125039000000, Bids: 20, Asks: 20
[1788896128541] TUI Render Frame -> Synced: true, Seq ID: 1788896125039000000, Bids: 20, Asks: 20
[1788896128592] TUI Render Frame -> Synced: true, Seq ID: 1788896125039000000, Bids: 20, Asks: 20
[1788896128641] TUI Render Frame -> Synced: true, Seq ID: 1788896125039000000, Bids: 20, Asks: 20
[1788896128691] TUI Render Frame -> Synced: true, Seq ID: 1788896125039000000, Bids: 20, Asks: 20
[1788896128740] TUI Render Frame -> Synced: true, Seq ID: 1788896125039000000, Bids: 20, Asks: 20
[1788896128791] TUI Render Frame -> Synced: true, Seq ID: 1788896125039000000, Bids: 20, Asks: 20
[1788896128841] TUI Render Frame -> Synced: true, Seq ID: 1788896125039000000, Bids: 20, Asks: 20
[1788896128890] TUI Render Frame -> Synced: true, Seq ID: 1788896125039000000, Bids: 20, Asks: 20
[1788896128941] TUI Render Frame -> Synced: true, Seq ID: 1788896125039000000, Bids: 20, Asks: 20
[1788896128991] TUI Render Frame -> Synced: true, Seq ID: 1788896125039000000, Bids: 20, Asks: 20
[1788896129041] TUI Render Frame -> Synced: true, Seq ID: 1788896125039000000, Bids: 20, Asks: 20
[1788896129091] TUI Render Frame -> Synced: true, Seq ID: 1788896125039000000, Bids: 20, Asks: 20
[1788896129141] TUI Render Frame -> Synced: true, Seq ID: 1788896125039000000, Bids: 20, Asks: 20
[1788896129191] TUI Render Frame -> Synced: true, Seq ID: 1788896125039000000, Bids: 20, Asks: 20
[1788896129240] TUI Render Frame -> Synced: true, Seq ID: 1788896125039000000, Bids: 20, Asks: 20
[1788896129290] TUI Render Frame -> Synced: true, Seq ID: 1788896125039000000, Bids: 20, Asks: 20
[1788896129341] TUI Render Frame -> Synced: true, Seq ID: 1788896125039000000, Bids: 20, Asks: 20
[1788896129391] TUI Render Frame -> Synced: true, Seq ID: 1788896125039000000, Bids: 20, Asks: 20
[1788896129441] TUI Render Frame -> Synced: true, Seq ID: 1788896125039000000, Bids: 20, Asks: 20
[1788896129490] TUI Render Frame -> Synced: true, Seq ID: 1788896125039000000, Bids: 20, Asks: 20
[1788896129541] TUI Render Frame -> Synced: true, Seq ID: 1788896125039000000, Bids: 20, Asks: 20
[1788896129590] TUI Render Frame -> Synced: true, Seq ID: 1788896125039000000, Bids: 20, Asks: 20
[1788896129641] TUI Render Frame -> Synced: true, Seq ID: 1788896125039000000, Bids: 20, Asks: 20
[1788896129690] TUI Render Frame -> Synced: true, Seq ID: 1788896125039000000, Bids: 20, Asks: 20
[1788896129741] TUI Render Frame -> Synced: true, Seq ID: 1788896125039000000, Bids: 20, Asks: 20
[1788896129791] TUI Render Frame -> Synced: true, Seq ID: 1788896125039000000, Bids: 20, Asks: 20
[1788896129841] TUI Render Frame -> Synced: true, Seq ID: 1788896125039000000, Bids: 20, Asks: 20
[1788896129891] TUI Render Frame -> Synced: true, Seq ID: 1788896125039000000, Bids: 20, Asks: 20
[1788896129941] TUI Render Frame -> Synced: true, Seq ID: 1788896125039000000, Bids: 20, Asks: 20
[1788896129991] TUI Render Frame -> Synced: true, Seq ID: 1788896125039000000, Bids: 20, Asks: 20
[1788896130040] TUI Render Frame -> Synced: true, Seq ID: 1788896125039000000, Bids: 20, Asks: 20
[1788896130091] TUI Render Frame -> Synced: true, Seq ID: 1788896125039000000, Bids: 20, Asks: 20
[1788896130141] TUI Render Frame -> Synced: true, Seq ID: 1788896125039000000, Bids: 20, Asks: 20
[1788896130191] TUI Render Frame -> Synced: true, Seq ID: 1788896125039000000, Bids: 20, Asks: 20
[1788896130241] TUI Render Frame -> Synced: true, Seq ID: 1788896125039000000, Bids: 20, Asks: 20
[1788896130291] TUI Render Frame -> Synced: true, Seq ID: 1788896125039000000, Bids: 20, Asks: 20
[1788896130341] TUI Render Frame -> Synced: true, Seq ID: 1788896125039000000, Bids: 20, Asks: 20
[1788896130391] TUI Render Frame -> Synced: true, Seq ID: 1788896125039000000, Bids: 20, Asks: 20
[1788896130441] TUI Render Frame -> Synced: true, Seq ID: 1788896125039000000, Bids: 20, Asks: 20
[1788896130491] TUI Render Frame -> Synced: true, Seq ID: 1788896125039000000, Bids: 20, Asks: 20
[1788896130541] TUI Render Frame -> Synced: true, Seq ID: 1788896125039000000, Bids: 20, Asks: 20
[1788896130591] TUI Render Frame -> Synced: true, Seq ID: 1788896125039000000, Bids: 20, Asks: 20
[1788896130641] TUI Render Frame -> Synced: true, Seq ID: 1788896125039000000, Bids: 20, Asks: 20
[1788896130691] TUI Render Frame -> Synced: true, Seq ID: 1788896125039000000, Bids: 20, Asks: 20
[1788896130741] TUI Render Frame -> Synced: true, Seq ID: 1788896125039000000, Bids: 20, Asks: 20
[1788896130768] Msg #38: Depth received | Bids: 20, Asks: 20, Timestamp ID: 1788896130403000000
[1788896130769] Reconciler book exists: true
[1788896130769] ui_tx.send status: true, receiver count: 1
[1788896130791] TUI Render Frame -> Synced: true, Seq ID: 1788896130403000000, Bids: 20, Asks: 20
[1788896130841] TUI Render Frame -> Synced: true, Seq ID: 1788896130403000000, Bids: 20, Asks: 20
[1788896130891] TUI Render Frame -> Synced: true, Seq ID: 1788896130403000000, Bids: 20, Asks: 20
[1788896130941] TUI Render Frame -> Synced: true, Seq ID: 1788896130403000000, Bids: 20, Asks: 20
[1788896130991] TUI Render Frame -> Synced: true, Seq ID: 1788896130403000000, Bids: 20, Asks: 20
[1788896131041] TUI Render Frame -> Synced: true, Seq ID: 1788896130403000000, Bids: 20, Asks: 20
[1788896131091] TUI Render Frame -> Synced: true, Seq ID: 1788896130403000000, Bids: 20, Asks: 20
[1788896131141] TUI Render Frame -> Synced: true, Seq ID: 1788896130403000000, Bids: 20, Asks: 20
[1788896131190] TUI Render Frame -> Synced: true, Seq ID: 1788896130403000000, Bids: 20, Asks: 20
[1788896131241] TUI Render Frame -> Synced: true, Seq ID: 1788896130403000000, Bids: 20, Asks: 20
[1788896131291] TUI Render Frame -> Synced: true, Seq ID: 1788896130403000000, Bids: 20, Asks: 20
[1788896131341] TUI Render Frame -> Synced: true, Seq ID: 1788896130403000000, Bids: 20, Asks: 20
[1788896131391] TUI Render Frame -> Synced: true, Seq ID: 1788896130403000000, Bids: 20, Asks: 20
[1788896131441] TUI Render Frame -> Synced: true, Seq ID: 1788896130403000000, Bids: 20, Asks: 20
[1788896131491] TUI Render Frame -> Synced: true, Seq ID: 1788896130403000000, Bids: 20, Asks: 20
[1788896131541] TUI Render Frame -> Synced: true, Seq ID: 1788896130403000000, Bids: 20, Asks: 20
[1788896131591] TUI Render Frame -> Synced: true, Seq ID: 1788896130403000000, Bids: 20, Asks: 20
[1788896131640] TUI Render Frame -> Synced: true, Seq ID: 1788896130403000000, Bids: 20, Asks: 20
[1788896131690] TUI Render Frame -> Synced: true, Seq ID: 1788896130403000000, Bids: 20, Asks: 20
[1788896131741] TUI Render Frame -> Synced: true, Seq ID: 1788896130403000000, Bids: 20, Asks: 20
[1788896131791] TUI Render Frame -> Synced: true, Seq ID: 1788896130403000000, Bids: 20, Asks: 20
[1788896131841] TUI Render Frame -> Synced: true, Seq ID: 1788896130403000000, Bids: 20, Asks: 20
[1788896131890] TUI Render Frame -> Synced: true, Seq ID: 1788896130403000000, Bids: 20, Asks: 20
[1788896131941] TUI Render Frame -> Synced: true, Seq ID: 1788896130403000000, Bids: 20, Asks: 20
[1788896131991] TUI Render Frame -> Synced: true, Seq ID: 1788896130403000000, Bids: 20, Asks: 20
[1788896132041] TUI Render Frame -> Synced: true, Seq ID: 1788896130403000000, Bids: 20, Asks: 20
[1788896132091] TUI Render Frame -> Synced: true, Seq ID: 1788896130403000000, Bids: 20, Asks: 20
[1788896132141] TUI Render Frame -> Synced: true, Seq ID: 1788896130403000000, Bids: 20, Asks: 20
[1788896132191] TUI Render Frame -> Synced: true, Seq ID: 1788896130403000000, Bids: 20, Asks: 20
[1788896132240] TUI Render Frame -> Synced: true, Seq ID: 1788896130403000000, Bids: 20, Asks: 20
[1788896132291] TUI Render Frame -> Synced: true, Seq ID: 1788896130403000000, Bids: 20, Asks: 20
[1788896132340] TUI Render Frame -> Synced: true, Seq ID: 1788896130403000000, Bids: 20, Asks: 20
[1788896132391] TUI Render Frame -> Synced: true, Seq ID: 1788896130403000000, Bids: 20, Asks: 20
[1788896132440] TUI Render Frame -> Synced: true, Seq ID: 1788896130403000000, Bids: 20, Asks: 20
[1788896132491] TUI Render Frame -> Synced: true, Seq ID: 1788896130403000000, Bids: 20, Asks: 20
[1788896132540] TUI Render Frame -> Synced: true, Seq ID: 1788896130403000000, Bids: 20, Asks: 20
[1788896132590] TUI Render Frame -> Synced: true, Seq ID: 1788896130403000000, Bids: 20, Asks: 20
[1788896132641] TUI Render Frame -> Synced: true, Seq ID: 1788896130403000000, Bids: 20, Asks: 20
[1788896132690] TUI Render Frame -> Synced: true, Seq ID: 1788896130403000000, Bids: 20, Asks: 20
[1788896132741] TUI Render Frame -> Synced: true, Seq ID: 1788896130403000000, Bids: 20, Asks: 20
[1788896132790] TUI Render Frame -> Synced: true, Seq ID: 1788896130403000000, Bids: 20, Asks: 20
[1788896132841] TUI Render Frame -> Synced: true, Seq ID: 1788896130403000000, Bids: 20, Asks: 20
[1788896132891] TUI Render Frame -> Synced: true, Seq ID: 1788896130403000000, Bids: 20, Asks: 20
[1788896132941] TUI Render Frame -> Synced: true, Seq ID: 1788896130403000000, Bids: 20, Asks: 20
[1788896132991] TUI Render Frame -> Synced: true, Seq ID: 1788896130403000000, Bids: 20, Asks: 20
[1788896133041] TUI Render Frame -> Synced: true, Seq ID: 1788896130403000000, Bids: 20, Asks: 20
[1788896133091] TUI Render Frame -> Synced: true, Seq ID: 1788896130403000000, Bids: 20, Asks: 20
[1788896133141] TUI Render Frame -> Synced: true, Seq ID: 1788896130403000000, Bids: 20, Asks: 20
[1788896133190] TUI Render Frame -> Synced: true, Seq ID: 1788896130403000000, Bids: 20, Asks: 20
[1788896133242] TUI Render Frame -> Synced: true, Seq ID: 1788896130403000000, Bids: 20, Asks: 20
[1788896133291] TUI Render Frame -> Synced: true, Seq ID: 1788896130403000000, Bids: 20, Asks: 20
[1788896133341] TUI Render Frame -> Synced: true, Seq ID: 1788896130403000000, Bids: 20, Asks: 20
[1788896133391] TUI Render Frame -> Synced: true, Seq ID: 1788896130403000000, Bids: 20, Asks: 20
[1788896133441] TUI Render Frame -> Synced: true, Seq ID: 1788896130403000000, Bids: 20, Asks: 20
[1788896133491] TUI Render Frame -> Synced: true, Seq ID: 1788896130403000000, Bids: 20, Asks: 20
[1788896133541] TUI Render Frame -> Synced: true, Seq ID: 1788896130403000000, Bids: 20, Asks: 20
[1788896133590] TUI Render Frame -> Synced: true, Seq ID: 1788896130403000000, Bids: 20, Asks: 20
[1788896133641] TUI Render Frame -> Synced: true, Seq ID: 1788896130403000000, Bids: 20, Asks: 20
[1788896133690] TUI Render Frame -> Synced: true, Seq ID: 1788896130403000000, Bids: 20, Asks: 20
[1788896133740] TUI Render Frame -> Synced: true, Seq ID: 1788896130403000000, Bids: 20, Asks: 20
[1788896133790] TUI Render Frame -> Synced: true, Seq ID: 1788896130403000000, Bids: 20, Asks: 20
[1788896133841] TUI Render Frame -> Synced: true, Seq ID: 1788896130403000000, Bids: 20, Asks: 20
[1788896133891] TUI Render Frame -> Synced: true, Seq ID: 1788896130403000000, Bids: 20, Asks: 20
[1788896133941] TUI Render Frame -> Synced: true, Seq ID: 1788896130403000000, Bids: 20, Asks: 20
[1788896133991] TUI Render Frame -> Synced: true, Seq ID: 1788896130403000000, Bids: 20, Asks: 20
[1788896134041] TUI Render Frame -> Synced: true, Seq ID: 1788896130403000000, Bids: 20, Asks: 20
[1788896134091] TUI Render Frame -> Synced: true, Seq ID: 1788896130403000000, Bids: 20, Asks: 20
[1788896134140] TUI Render Frame -> Synced: true, Seq ID: 1788896130403000000, Bids: 20, Asks: 20
[1788896134191] TUI Render Frame -> Synced: true, Seq ID: 1788896130403000000, Bids: 20, Asks: 20
[1788896134241] TUI Render Frame -> Synced: true, Seq ID: 1788896130403000000, Bids: 20, Asks: 20
[1788896134290] TUI Render Frame -> Synced: true, Seq ID: 1788896130403000000, Bids: 20, Asks: 20
[1788896134340] TUI Render Frame -> Synced: true, Seq ID: 1788896130403000000, Bids: 20, Asks: 20
[1788896134390] TUI Render Frame -> Synced: true, Seq ID: 1788896130403000000, Bids: 20, Asks: 20
[1788896134440] TUI Render Frame -> Synced: true, Seq ID: 1788896130403000000, Bids: 20, Asks: 20
[1788896134491] TUI Render Frame -> Synced: true, Seq ID: 1788896130403000000, Bids: 20, Asks: 20
[1788896134541] TUI Render Frame -> Synced: true, Seq ID: 1788896130403000000, Bids: 20, Asks: 20
[1788896134591] TUI Render Frame -> Synced: true, Seq ID: 1788896130403000000, Bids: 20, Asks: 20
[1788896134641] TUI Render Frame -> Synced: true, Seq ID: 1788896130403000000, Bids: 20, Asks: 20
[1788896134691] TUI Render Frame -> Synced: true, Seq ID: 1788896130403000000, Bids: 20, Asks: 20
[1788896134740] TUI Render Frame -> Synced: true, Seq ID: 1788896130403000000, Bids: 20, Asks: 20
[1788896134791] TUI Render Frame -> Synced: true, Seq ID: 1788896130403000000, Bids: 20, Asks: 20
[1788896134840] TUI Render Frame -> Synced: true, Seq ID: 1788896130403000000, Bids: 20, Asks: 20
[1788896134891] TUI Render Frame -> Synced: true, Seq ID: 1788896130403000000, Bids: 20, Asks: 20
[1788896134941] TUI Render Frame -> Synced: true, Seq ID: 1788896130403000000, Bids: 20, Asks: 20
[1788896134991] TUI Render Frame -> Synced: true, Seq ID: 1788896130403000000, Bids: 20, Asks: 20
[1788896135041] TUI Render Frame -> Synced: true, Seq ID: 1788896130403000000, Bids: 20, Asks: 20
[1788896135091] TUI Render Frame -> Synced: true, Seq ID: 1788896130403000000, Bids: 20, Asks: 20
[1788896135141] TUI Render Frame -> Synced: true, Seq ID: 1788896130403000000, Bids: 20, Asks: 20
[1788896135191] TUI Render Frame -> Synced: true, Seq ID: 1788896130403000000, Bids: 20, Asks: 20
[1788896135240] TUI Render Frame -> Synced: true, Seq ID: 1788896130403000000, Bids: 20, Asks: 20
[1788896135290] TUI Render Frame -> Synced: true, Seq ID: 1788896130403000000, Bids: 20, Asks: 20
[1788896135341] TUI Render Frame -> Synced: true, Seq ID: 1788896130403000000, Bids: 20, Asks: 20
[1788896135390] TUI Render Frame -> Synced: true, Seq ID: 1788896130403000000, Bids: 20, Asks: 20
[1788896135441] TUI Render Frame -> Synced: true, Seq ID: 1788896130403000000, Bids: 20, Asks: 20
[1788896135491] TUI Render Frame -> Synced: true, Seq ID: 1788896130403000000, Bids: 20, Asks: 20
[1788896135541] TUI Render Frame -> Synced: true, Seq ID: 1788896130403000000, Bids: 20, Asks: 20
[1788896135591] TUI Render Frame -> Synced: true, Seq ID: 1788896130403000000, Bids: 20, Asks: 20
[1788896135641] TUI Render Frame -> Synced: true, Seq ID: 1788896130403000000, Bids: 20, Asks: 20
[1788896135691] TUI Render Frame -> Synced: true, Seq ID: 1788896130403000000, Bids: 20, Asks: 20
[1788896135741] TUI Render Frame -> Synced: true, Seq ID: 1788896130403000000, Bids: 20, Asks: 20
[1788896135791] TUI Render Frame -> Synced: true, Seq ID: 1788896130403000000, Bids: 20, Asks: 20
[1788896135841] TUI Render Frame -> Synced: true, Seq ID: 1788896130403000000, Bids: 20, Asks: 20
[1788896135891] TUI Render Frame -> Synced: true, Seq ID: 1788896130403000000, Bids: 20, Asks: 20
[1788896135941] TUI Render Frame -> Synced: true, Seq ID: 1788896130403000000, Bids: 20, Asks: 20
[1788896135990] TUI Render Frame -> Synced: true, Seq ID: 1788896130403000000, Bids: 20, Asks: 20
[1788896136041] TUI Render Frame -> Synced: true, Seq ID: 1788896130403000000, Bids: 20, Asks: 20
[1788896136091] TUI Render Frame -> Synced: true, Seq ID: 1788896130403000000, Bids: 20, Asks: 20
[1788896136141] TUI Render Frame -> Synced: true, Seq ID: 1788896130403000000, Bids: 20, Asks: 20
[1788896136142] Msg #39: Depth received | Bids: 20, Asks: 20, Timestamp ID: 1788896135812000000
[1788896136142] Reconciler book exists: true
[1788896136142] ui_tx.send status: true, receiver count: 1
[1788896136191] TUI Render Frame -> Synced: true, Seq ID: 1788896135812000000, Bids: 20, Asks: 20
[1788896136241] TUI Render Frame -> Synced: true, Seq ID: 1788896135812000000, Bids: 20, Asks: 20
[1788896136291] TUI Render Frame -> Synced: true, Seq ID: 1788896135812000000, Bids: 20, Asks: 20
[1788896136341] TUI Render Frame -> Synced: true, Seq ID: 1788896135812000000, Bids: 20, Asks: 20
[1788896136391] TUI Render Frame -> Synced: true, Seq ID: 1788896135812000000, Bids: 20, Asks: 20
[1788896136441] TUI Render Frame -> Synced: true, Seq ID: 1788896135812000000, Bids: 20, Asks: 20
[1788896136490] TUI Render Frame -> Synced: true, Seq ID: 1788896135812000000, Bids: 20, Asks: 20
[1788896136540] TUI Render Frame -> Synced: true, Seq ID: 1788896135812000000, Bids: 20, Asks: 20
[1788896136591] TUI Render Frame -> Synced: true, Seq ID: 1788896135812000000, Bids: 20, Asks: 20
[1788896136641] TUI Render Frame -> Synced: true, Seq ID: 1788896135812000000, Bids: 20, Asks: 20
[1788896136690] TUI Render Frame -> Synced: true, Seq ID: 1788896135812000000, Bids: 20, Asks: 20
[1788896136741] TUI Render Frame -> Synced: true, Seq ID: 1788896135812000000, Bids: 20, Asks: 20
[1788896136791] TUI Render Frame -> Synced: true, Seq ID: 1788896135812000000, Bids: 20, Asks: 20
[1788896136840] TUI Render Frame -> Synced: true, Seq ID: 1788896135812000000, Bids: 20, Asks: 20
[1788896136890] TUI Render Frame -> Synced: true, Seq ID: 1788896135812000000, Bids: 20, Asks: 20
[1788896136940] TUI Render Frame -> Synced: true, Seq ID: 1788896135812000000, Bids: 20, Asks: 20
[1788896136991] TUI Render Frame -> Synced: true, Seq ID: 1788896135812000000, Bids: 20, Asks: 20
[1788896137041] TUI Render Frame -> Synced: true, Seq ID: 1788896135812000000, Bids: 20, Asks: 20
[1788896137091] TUI Render Frame -> Synced: true, Seq ID: 1788896135812000000, Bids: 20, Asks: 20
[1788896137141] TUI Render Frame -> Synced: true, Seq ID: 1788896135812000000, Bids: 20, Asks: 20
[1788896137191] TUI Render Frame -> Synced: true, Seq ID: 1788896135812000000, Bids: 20, Asks: 20
[1788896137241] TUI Render Frame -> Synced: true, Seq ID: 1788896135812000000, Bids: 20, Asks: 20
[1788896137291] TUI Render Frame -> Synced: true, Seq ID: 1788896135812000000, Bids: 20, Asks: 20
[1788896137341] TUI Render Frame -> Synced: true, Seq ID: 1788896135812000000, Bids: 20, Asks: 20
[1788896137391] TUI Render Frame -> Synced: true, Seq ID: 1788896135812000000, Bids: 20, Asks: 20
[1788896137441] TUI Render Frame -> Synced: true, Seq ID: 1788896135812000000, Bids: 20, Asks: 20
[1788896137491] TUI Render Frame -> Synced: true, Seq ID: 1788896135812000000, Bids: 20, Asks: 20
[1788896137541] TUI Render Frame -> Synced: true, Seq ID: 1788896135812000000, Bids: 20, Asks: 20
[1788896137590] TUI Render Frame -> Synced: true, Seq ID: 1788896135812000000, Bids: 20, Asks: 20
[1788896137641] TUI Render Frame -> Synced: true, Seq ID: 1788896135812000000, Bids: 20, Asks: 20
[1788896137691] TUI Render Frame -> Synced: true, Seq ID: 1788896135812000000, Bids: 20, Asks: 20
[1788896137741] TUI Render Frame -> Synced: true, Seq ID: 1788896135812000000, Bids: 20, Asks: 20
[1788896137791] TUI Render Frame -> Synced: true, Seq ID: 1788896135812000000, Bids: 20, Asks: 20
[1788896137841] TUI Render Frame -> Synced: true, Seq ID: 1788896135812000000, Bids: 20, Asks: 20
[1788896137891] TUI Render Frame -> Synced: true, Seq ID: 1788896135812000000, Bids: 20, Asks: 20
[1788896137941] TUI Render Frame -> Synced: true, Seq ID: 1788896135812000000, Bids: 20, Asks: 20
[1788896137992] TUI Render Frame -> Synced: true, Seq ID: 1788896135812000000, Bids: 20, Asks: 20
[1788896138040] TUI Render Frame -> Synced: true, Seq ID: 1788896135812000000, Bids: 20, Asks: 20
[1788896138091] TUI Render Frame -> Synced: true, Seq ID: 1788896135812000000, Bids: 20, Asks: 20
[1788896138141] TUI Render Frame -> Synced: true, Seq ID: 1788896135812000000, Bids: 20, Asks: 20
[1788896138191] TUI Render Frame -> Synced: true, Seq ID: 1788896135812000000, Bids: 20, Asks: 20
[1788896138241] TUI Render Frame -> Synced: true, Seq ID: 1788896135812000000, Bids: 20, Asks: 20
[1788896138291] TUI Render Frame -> Synced: true, Seq ID: 1788896135812000000, Bids: 20, Asks: 20
[1788896138341] TUI Render Frame -> Synced: true, Seq ID: 1788896135812000000, Bids: 20, Asks: 20
[1788896138391] TUI Render Frame -> Synced: true, Seq ID: 1788896135812000000, Bids: 20, Asks: 20
[1788896138440] TUI Render Frame -> Synced: true, Seq ID: 1788896135812000000, Bids: 20, Asks: 20
[1788896138490] TUI Render Frame -> Synced: true, Seq ID: 1788896135812000000, Bids: 20, Asks: 20
[1788896138541] TUI Render Frame -> Synced: true, Seq ID: 1788896135812000000, Bids: 20, Asks: 20
[1788896138591] TUI Render Frame -> Synced: true, Seq ID: 1788896135812000000, Bids: 20, Asks: 20
[1788896138640] TUI Render Frame -> Synced: true, Seq ID: 1788896135812000000, Bids: 20, Asks: 20
[1788896138691] TUI Render Frame -> Synced: true, Seq ID: 1788896135812000000, Bids: 20, Asks: 20
[1788896138741] TUI Render Frame -> Synced: true, Seq ID: 1788896135812000000, Bids: 20, Asks: 20
[1788896138791] TUI Render Frame -> Synced: true, Seq ID: 1788896135812000000, Bids: 20, Asks: 20
[1788896138841] TUI Render Frame -> Synced: true, Seq ID: 1788896135812000000, Bids: 20, Asks: 20
[1788896138891] TUI Render Frame -> Synced: true, Seq ID: 1788896135812000000, Bids: 20, Asks: 20
[1788896138940] TUI Render Frame -> Synced: true, Seq ID: 1788896135812000000, Bids: 20, Asks: 20
[1788896138991] TUI Render Frame -> Synced: true, Seq ID: 1788896135812000000, Bids: 20, Asks: 20
[1788896139041] TUI Render Frame -> Synced: true, Seq ID: 1788896135812000000, Bids: 20, Asks: 20
[1788896139091] TUI Render Frame -> Synced: true, Seq ID: 1788896135812000000, Bids: 20, Asks: 20
[1788896139140] TUI Render Frame -> Synced: true, Seq ID: 1788896135812000000, Bids: 20, Asks: 20
[1788896139190] TUI Render Frame -> Synced: true, Seq ID: 1788896135812000000, Bids: 20, Asks: 20
[1788896139241] TUI Render Frame -> Synced: true, Seq ID: 1788896135812000000, Bids: 20, Asks: 20
[1788896139291] TUI Render Frame -> Synced: true, Seq ID: 1788896135812000000, Bids: 20, Asks: 20
[1788896139341] TUI Render Frame -> Synced: true, Seq ID: 1788896135812000000, Bids: 20, Asks: 20
[1788896139390] TUI Render Frame -> Synced: true, Seq ID: 1788896135812000000, Bids: 20, Asks: 20
[1788896139441] TUI Render Frame -> Synced: true, Seq ID: 1788896135812000000, Bids: 20, Asks: 20
[1788896139490] TUI Render Frame -> Synced: true, Seq ID: 1788896135812000000, Bids: 20, Asks: 20
[1788896139541] TUI Render Frame -> Synced: true, Seq ID: 1788896135812000000, Bids: 20, Asks: 20
[1788896139591] TUI Render Frame -> Synced: true, Seq ID: 1788896135812000000, Bids: 20, Asks: 20
[1788896139640] TUI Render Frame -> Synced: true, Seq ID: 1788896135812000000, Bids: 20, Asks: 20
[1788896139691] TUI Render Frame -> Synced: true, Seq ID: 1788896135812000000, Bids: 20, Asks: 20
[1788896139741] TUI Render Frame -> Synced: true, Seq ID: 1788896135812000000, Bids: 20, Asks: 20
[1788896139790] TUI Render Frame -> Synced: true, Seq ID: 1788896135812000000, Bids: 20, Asks: 20
[1788896139841] TUI Render Frame -> Synced: true, Seq ID: 1788896135812000000, Bids: 20, Asks: 20
[1788896139890] TUI Render Frame -> Synced: true, Seq ID: 1788896135812000000, Bids: 20, Asks: 20
[1788896139941] TUI Render Frame -> Synced: true, Seq ID: 1788896135812000000, Bids: 20, Asks: 20
[1788896139991] TUI Render Frame -> Synced: true, Seq ID: 1788896135812000000, Bids: 20, Asks: 20
[1788896140040] TUI Render Frame -> Synced: true, Seq ID: 1788896135812000000, Bids: 20, Asks: 20
[1788896140090] TUI Render Frame -> Synced: true, Seq ID: 1788896135812000000, Bids: 20, Asks: 20
[1788896140141] TUI Render Frame -> Synced: true, Seq ID: 1788896135812000000, Bids: 20, Asks: 20
[1788896140191] TUI Render Frame -> Synced: true, Seq ID: 1788896135812000000, Bids: 20, Asks: 20
[1788896140245] TUI Render Frame -> Synced: true, Seq ID: 1788896135812000000, Bids: 20, Asks: 20
[1788896140291] TUI Render Frame -> Synced: true, Seq ID: 1788896135812000000, Bids: 20, Asks: 20
[1788896140340] TUI Render Frame -> Synced: true, Seq ID: 1788896135812000000, Bids: 20, Asks: 20
[1788896140391] TUI Render Frame -> Synced: true, Seq ID: 1788896135812000000, Bids: 20, Asks: 20
[1788896140441] TUI Render Frame -> Synced: true, Seq ID: 1788896135812000000, Bids: 20, Asks: 20
[1788896140491] TUI Render Frame -> Synced: true, Seq ID: 1788896135812000000, Bids: 20, Asks: 20
[1788896140541] TUI Render Frame -> Synced: true, Seq ID: 1788896135812000000, Bids: 20, Asks: 20
[1788896140591] TUI Render Frame -> Synced: true, Seq ID: 1788896135812000000, Bids: 20, Asks: 20
[1788896140641] TUI Render Frame -> Synced: true, Seq ID: 1788896135812000000, Bids: 20, Asks: 20
[1788896140691] TUI Render Frame -> Synced: true, Seq ID: 1788896135812000000, Bids: 20, Asks: 20
[1788896140741] TUI Render Frame -> Synced: true, Seq ID: 1788896135812000000, Bids: 20, Asks: 20
[1788896140790] TUI Render Frame -> Synced: true, Seq ID: 1788896135812000000, Bids: 20, Asks: 20
[1788896140841] TUI Render Frame -> Synced: true, Seq ID: 1788896135812000000, Bids: 20, Asks: 20
[1788896140890] TUI Render Frame -> Synced: true, Seq ID: 1788896135812000000, Bids: 20, Asks: 20
[1788896140941] TUI Render Frame -> Synced: true, Seq ID: 1788896135812000000, Bids: 20, Asks: 20
[1788896140989] TUI Render Frame -> Synced: true, Seq ID: 1788896135812000000, Bids: 20, Asks: 20
[1788896141041] TUI Render Frame -> Synced: true, Seq ID: 1788896135812000000, Bids: 20, Asks: 20
[1788896141091] TUI Render Frame -> Synced: true, Seq ID: 1788896135812000000, Bids: 20, Asks: 20
[1788896141141] TUI Render Frame -> Synced: true, Seq ID: 1788896135812000000, Bids: 20, Asks: 20
[1788896141191] TUI Render Frame -> Synced: true, Seq ID: 1788896135812000000, Bids: 20, Asks: 20
[1788896141240] TUI Render Frame -> Synced: true, Seq ID: 1788896135812000000, Bids: 20, Asks: 20
[1788896141291] TUI Render Frame -> Synced: true, Seq ID: 1788896135812000000, Bids: 20, Asks: 20
[1788896141341] TUI Render Frame -> Synced: true, Seq ID: 1788896135812000000, Bids: 20, Asks: 20
[1788896141390] TUI Render Frame -> Synced: true, Seq ID: 1788896135812000000, Bids: 20, Asks: 20
[1788896141441] TUI Render Frame -> Synced: true, Seq ID: 1788896135812000000, Bids: 20, Asks: 20
[1788896141491] TUI Render Frame -> Synced: true, Seq ID: 1788896135812000000, Bids: 20, Asks: 20
[1788896141532] Msg #40: Depth received | Bids: 20, Asks: 20, Timestamp ID: 1788896141089000000
[1788896141532] Reconciler book exists: true
[1788896141532] ui_tx.send status: true, receiver count: 1
[1788896141541] TUI Render Frame -> Synced: true, Seq ID: 1788896141089000000, Bids: 20, Asks: 20
[1788896141592] TUI Render Frame -> Synced: true, Seq ID: 1788896141089000000, Bids: 20, Asks: 20
[1788896141640] TUI Render Frame -> Synced: true, Seq ID: 1788896141089000000, Bids: 20, Asks: 20
[1788896141690] TUI Render Frame -> Synced: true, Seq ID: 1788896141089000000, Bids: 20, Asks: 20
[1788896141741] TUI Render Frame -> Synced: true, Seq ID: 1788896141089000000, Bids: 20, Asks: 20
[1788896141791] TUI Render Frame -> Synced: true, Seq ID: 1788896141089000000, Bids: 20, Asks: 20
[1788896141840] TUI Render Frame -> Synced: true, Seq ID: 1788896141089000000, Bids: 20, Asks: 20
[1788896141891] TUI Render Frame -> Synced: true, Seq ID: 1788896141089000000, Bids: 20, Asks: 20
[1788896141941] TUI Render Frame -> Synced: true, Seq ID: 1788896141089000000, Bids: 20, Asks: 20
[1788896141991] TUI Render Frame -> Synced: true, Seq ID: 1788896141089000000, Bids: 20, Asks: 20
[1788896142041] TUI Render Frame -> Synced: true, Seq ID: 1788896141089000000, Bids: 20, Asks: 20
[1788896142091] TUI Render Frame -> Synced: true, Seq ID: 1788896141089000000, Bids: 20, Asks: 20
[1788896142141] TUI Render Frame -> Synced: true, Seq ID: 1788896141089000000, Bids: 20, Asks: 20
[1788896142191] TUI Render Frame -> Synced: true, Seq ID: 1788896141089000000, Bids: 20, Asks: 20
[1788896142241] TUI Render Frame -> Synced: true, Seq ID: 1788896141089000000, Bids: 20, Asks: 20
[1788896142291] TUI Render Frame -> Synced: true, Seq ID: 1788896141089000000, Bids: 20, Asks: 20
[1788896142341] TUI Render Frame -> Synced: true, Seq ID: 1788896141089000000, Bids: 20, Asks: 20
[1788896142390] TUI Render Frame -> Synced: true, Seq ID: 1788896141089000000, Bids: 20, Asks: 20
[1788896142441] TUI Render Frame -> Synced: true, Seq ID: 1788896141089000000, Bids: 20, Asks: 20
[1788896142491] TUI Render Frame -> Synced: true, Seq ID: 1788896141089000000, Bids: 20, Asks: 20
[1788896142541] TUI Render Frame -> Synced: true, Seq ID: 1788896141089000000, Bids: 20, Asks: 20
[1788896142591] TUI Render Frame -> Synced: true, Seq ID: 1788896141089000000, Bids: 20, Asks: 20
[1788896142642] TUI Render Frame -> Synced: true, Seq ID: 1788896141089000000, Bids: 20, Asks: 20
[1788896142691] TUI Render Frame -> Synced: true, Seq ID: 1788896141089000000, Bids: 20, Asks: 20
[1788896142741] TUI Render Frame -> Synced: true, Seq ID: 1788896141089000000, Bids: 20, Asks: 20
[1788896142791] TUI Render Frame -> Synced: true, Seq ID: 1788896141089000000, Bids: 20, Asks: 20
[1788896142840] TUI Render Frame -> Synced: true, Seq ID: 1788896141089000000, Bids: 20, Asks: 20
[1788896142891] TUI Render Frame -> Synced: true, Seq ID: 1788896141089000000, Bids: 20, Asks: 20
[1788896142941] TUI Render Frame -> Synced: true, Seq ID: 1788896141089000000, Bids: 20, Asks: 20
[1788896142991] TUI Render Frame -> Synced: true, Seq ID: 1788896141089000000, Bids: 20, Asks: 20
[1788896143041] TUI Render Frame -> Synced: true, Seq ID: 1788896141089000000, Bids: 20, Asks: 20
[1788896143090] TUI Render Frame -> Synced: true, Seq ID: 1788896141089000000, Bids: 20, Asks: 20
[1788896143141] TUI Render Frame -> Synced: true, Seq ID: 1788896141089000000, Bids: 20, Asks: 20
[1788896143191] TUI Render Frame -> Synced: true, Seq ID: 1788896141089000000, Bids: 20, Asks: 20
[1788896143241] TUI Render Frame -> Synced: true, Seq ID: 1788896141089000000, Bids: 20, Asks: 20
[1788896143290] TUI Render Frame -> Synced: true, Seq ID: 1788896141089000000, Bids: 20, Asks: 20
[1788896143341] TUI Render Frame -> Synced: true, Seq ID: 1788896141089000000, Bids: 20, Asks: 20
[1788896143391] TUI Render Frame -> Synced: true, Seq ID: 1788896141089000000, Bids: 20, Asks: 20
[1788896143441] TUI Render Frame -> Synced: true, Seq ID: 1788896141089000000, Bids: 20, Asks: 20
[1788896143491] TUI Render Frame -> Synced: true, Seq ID: 1788896141089000000, Bids: 20, Asks: 20
[1788896143541] TUI Render Frame -> Synced: true, Seq ID: 1788896141089000000, Bids: 20, Asks: 20
[1788896143591] TUI Render Frame -> Synced: true, Seq ID: 1788896141089000000, Bids: 20, Asks: 20
[1788896143641] TUI Render Frame -> Synced: true, Seq ID: 1788896141089000000, Bids: 20, Asks: 20
[1788896143691] TUI Render Frame -> Synced: true, Seq ID: 1788896141089000000, Bids: 20, Asks: 20
[1788896143741] TUI Render Frame -> Synced: true, Seq ID: 1788896141089000000, Bids: 20, Asks: 20
[1788896143791] TUI Render Frame -> Synced: true, Seq ID: 1788896141089000000, Bids: 20, Asks: 20
[1788896143841] TUI Render Frame -> Synced: true, Seq ID: 1788896141089000000, Bids: 20, Asks: 20
[1788896143891] TUI Render Frame -> Synced: true, Seq ID: 1788896141089000000, Bids: 20, Asks: 20
[1788896143940] TUI Render Frame -> Synced: true, Seq ID: 1788896141089000000, Bids: 20, Asks: 20
[1788896143990] TUI Render Frame -> Synced: true, Seq ID: 1788896141089000000, Bids: 20, Asks: 20
[1788896144040] TUI Render Frame -> Synced: true, Seq ID: 1788896141089000000, Bids: 20, Asks: 20
[1788896144090] TUI Render Frame -> Synced: true, Seq ID: 1788896141089000000, Bids: 20, Asks: 20
[1788896144141] TUI Render Frame -> Synced: true, Seq ID: 1788896141089000000, Bids: 20, Asks: 20
[1788896144190] TUI Render Frame -> Synced: true, Seq ID: 1788896141089000000, Bids: 20, Asks: 20
[1788896144241] TUI Render Frame -> Synced: true, Seq ID: 1788896141089000000, Bids: 20, Asks: 20
[1788896144291] TUI Render Frame -> Synced: true, Seq ID: 1788896141089000000, Bids: 20, Asks: 20
[1788896144341] TUI Render Frame -> Synced: true, Seq ID: 1788896141089000000, Bids: 20, Asks: 20
[1788896144391] TUI Render Frame -> Synced: true, Seq ID: 1788896141089000000, Bids: 20, Asks: 20
[1788896144441] TUI Render Frame -> Synced: true, Seq ID: 1788896141089000000, Bids: 20, Asks: 20
[1788896144491] TUI Render Frame -> Synced: true, Seq ID: 1788896141089000000, Bids: 20, Asks: 20
[1788896144541] TUI Render Frame -> Synced: true, Seq ID: 1788896141089000000, Bids: 20, Asks: 20
[1788896144592] TUI Render Frame -> Synced: true, Seq ID: 1788896141089000000, Bids: 20, Asks: 20
[1788896144640] TUI Render Frame -> Synced: true, Seq ID: 1788896141089000000, Bids: 20, Asks: 20
[1788896144691] TUI Render Frame -> Synced: true, Seq ID: 1788896141089000000, Bids: 20, Asks: 20
[1788896144741] TUI Render Frame -> Synced: true, Seq ID: 1788896141089000000, Bids: 20, Asks: 20
[1788896144791] TUI Render Frame -> Synced: true, Seq ID: 1788896141089000000, Bids: 20, Asks: 20
[1788896144841] TUI Render Frame -> Synced: true, Seq ID: 1788896141089000000, Bids: 20, Asks: 20
[1788896144891] TUI Render Frame -> Synced: true, Seq ID: 1788896141089000000, Bids: 20, Asks: 20
[1788896144941] TUI Render Frame -> Synced: true, Seq ID: 1788896141089000000, Bids: 20, Asks: 20
[1788896144992] TUI Render Frame -> Synced: true, Seq ID: 1788896141089000000, Bids: 20, Asks: 20
[1788896145041] TUI Render Frame -> Synced: true, Seq ID: 1788896141089000000, Bids: 20, Asks: 20
[1788896145090] TUI Render Frame -> Synced: true, Seq ID: 1788896141089000000, Bids: 20, Asks: 20
[1788896145141] TUI Render Frame -> Synced: true, Seq ID: 1788896141089000000, Bids: 20, Asks: 20
[1788896145191] TUI Render Frame -> Synced: true, Seq ID: 1788896141089000000, Bids: 20, Asks: 20
[1788896145241] TUI Render Frame -> Synced: true, Seq ID: 1788896141089000000, Bids: 20, Asks: 20
[1788896145291] TUI Render Frame -> Synced: true, Seq ID: 1788896141089000000, Bids: 20, Asks: 20
[1788896145340] TUI Render Frame -> Synced: true, Seq ID: 1788896141089000000, Bids: 20, Asks: 20
[1788896145391] TUI Render Frame -> Synced: true, Seq ID: 1788896141089000000, Bids: 20, Asks: 20
[1788896145441] TUI Render Frame -> Synced: true, Seq ID: 1788896141089000000, Bids: 20, Asks: 20
[1788896145491] TUI Render Frame -> Synced: true, Seq ID: 1788896141089000000, Bids: 20, Asks: 20
[1788896145541] TUI Render Frame -> Synced: true, Seq ID: 1788896141089000000, Bids: 20, Asks: 20
[1788896145590] TUI Render Frame -> Synced: true, Seq ID: 1788896141089000000, Bids: 20, Asks: 20
[1788896145641] TUI Render Frame -> Synced: true, Seq ID: 1788896141089000000, Bids: 20, Asks: 20
[1788896145691] TUI Render Frame -> Synced: true, Seq ID: 1788896141089000000, Bids: 20, Asks: 20
[1788896145741] TUI Render Frame -> Synced: true, Seq ID: 1788896141089000000, Bids: 20, Asks: 20
[1788896145791] TUI Render Frame -> Synced: true, Seq ID: 1788896141089000000, Bids: 20, Asks: 20
[1788896145841] TUI Render Frame -> Synced: true, Seq ID: 1788896141089000000, Bids: 20, Asks: 20
[1788896145891] TUI Render Frame -> Synced: true, Seq ID: 1788896141089000000, Bids: 20, Asks: 20
[1788896145941] TUI Render Frame -> Synced: true, Seq ID: 1788896141089000000, Bids: 20, Asks: 20
[1788896145991] TUI Render Frame -> Synced: true, Seq ID: 1788896141089000000, Bids: 20, Asks: 20
[1788896146040] TUI Render Frame -> Synced: true, Seq ID: 1788896141089000000, Bids: 20, Asks: 20
[1788896146090] TUI Render Frame -> Synced: true, Seq ID: 1788896141089000000, Bids: 20, Asks: 20
[1788896146141] TUI Render Frame -> Synced: true, Seq ID: 1788896141089000000, Bids: 20, Asks: 20
[1788896146191] TUI Render Frame -> Synced: true, Seq ID: 1788896141089000000, Bids: 20, Asks: 20
[1788896146241] TUI Render Frame -> Synced: true, Seq ID: 1788896141089000000, Bids: 20, Asks: 20
[1788896146291] TUI Render Frame -> Synced: true, Seq ID: 1788896141089000000, Bids: 20, Asks: 20
[1788896146341] TUI Render Frame -> Synced: true, Seq ID: 1788896141089000000, Bids: 20, Asks: 20
[1788896146391] TUI Render Frame -> Synced: true, Seq ID: 1788896141089000000, Bids: 20, Asks: 20
[1788896146441] TUI Render Frame -> Synced: true, Seq ID: 1788896141089000000, Bids: 20, Asks: 20
[1788896146491] TUI Render Frame -> Synced: true, Seq ID: 1788896141089000000, Bids: 20, Asks: 20
[1788896146541] TUI Render Frame -> Synced: true, Seq ID: 1788896141089000000, Bids: 20, Asks: 20
[1788896146591] TUI Render Frame -> Synced: true, Seq ID: 1788896141089000000, Bids: 20, Asks: 20
[1788896146641] TUI Render Frame -> Synced: true, Seq ID: 1788896141089000000, Bids: 20, Asks: 20
[1788896146691] TUI Render Frame -> Synced: true, Seq ID: 1788896141089000000, Bids: 20, Asks: 20
[1788896146741] TUI Render Frame -> Synced: true, Seq ID: 1788896141089000000, Bids: 20, Asks: 20
[1788896146791] TUI Render Frame -> Synced: true, Seq ID: 1788896141089000000, Bids: 20, Asks: 20
[1788896146841] TUI Render Frame -> Synced: true, Seq ID: 1788896141089000000, Bids: 20, Asks: 20
[1788896146891] TUI Render Frame -> Synced: true, Seq ID: 1788896141089000000, Bids: 20, Asks: 20
[1788896146941] TUI Render Frame -> Synced: true, Seq ID: 1788896141089000000, Bids: 20, Asks: 20
[1788896146947] Msg #41: Depth received | Bids: 20, Asks: 20, Timestamp ID: 1788896146555000000
[1788896146947] Reconciler book exists: true
[1788896146947] ui_tx.send status: true, receiver count: 1
[1788896146990] TUI Render Frame -> Synced: true, Seq ID: 1788896146555000000, Bids: 20, Asks: 20
[1788896147075] TUI Render Frame -> Synced: true, Seq ID: 1788896146555000000, Bids: 20, Asks: 20
[1788896147091] TUI Render Frame -> Synced: true, Seq ID: 1788896146555000000, Bids: 20, Asks: 20
[1788896147140] TUI Render Frame -> Synced: true, Seq ID: 1788896146555000000, Bids: 20, Asks: 20
[1788896147194] TUI Render Frame -> Synced: true, Seq ID: 1788896146555000000, Bids: 20, Asks: 20
[1788896147241] TUI Render Frame -> Synced: true, Seq ID: 1788896146555000000, Bids: 20, Asks: 20
[1788896147290] TUI Render Frame -> Synced: true, Seq ID: 1788896146555000000, Bids: 20, Asks: 20
[1788896147341] TUI Render Frame -> Synced: true, Seq ID: 1788896146555000000, Bids: 20, Asks: 20
[1788896147391] TUI Render Frame -> Synced: true, Seq ID: 1788896146555000000, Bids: 20, Asks: 20
[1788896147441] TUI Render Frame -> Synced: true, Seq ID: 1788896146555000000, Bids: 20, Asks: 20
[1788896147491] TUI Render Frame -> Synced: true, Seq ID: 1788896146555000000, Bids: 20, Asks: 20
[1788896147541] TUI Render Frame -> Synced: true, Seq ID: 1788896146555000000, Bids: 20, Asks: 20
[1788896147591] TUI Render Frame -> Synced: true, Seq ID: 1788896146555000000, Bids: 20, Asks: 20
[1788896147641] TUI Render Frame -> Synced: true, Seq ID: 1788896146555000000, Bids: 20, Asks: 20
[1788896147691] TUI Render Frame -> Synced: true, Seq ID: 1788896146555000000, Bids: 20, Asks: 20
[1788896147741] TUI Render Frame -> Synced: true, Seq ID: 1788896146555000000, Bids: 20, Asks: 20
[1788896147792] TUI Render Frame -> Synced: true, Seq ID: 1788896146555000000, Bids: 20, Asks: 20
[1788896147840] TUI Render Frame -> Synced: true, Seq ID: 1788896146555000000, Bids: 20, Asks: 20
[1788896147891] TUI Render Frame -> Synced: true, Seq ID: 1788896146555000000, Bids: 20, Asks: 20
[1788896147941] TUI Render Frame -> Synced: true, Seq ID: 1788896146555000000, Bids: 20, Asks: 20
[1788896147991] TUI Render Frame -> Synced: true, Seq ID: 1788896146555000000, Bids: 20, Asks: 20
[1788896148041] TUI Render Frame -> Synced: true, Seq ID: 1788896146555000000, Bids: 20, Asks: 20
[1788896148091] TUI Render Frame -> Synced: true, Seq ID: 1788896146555000000, Bids: 20, Asks: 20
[1788896148141] TUI Render Frame -> Synced: true, Seq ID: 1788896146555000000, Bids: 20, Asks: 20
[1788896148191] TUI Render Frame -> Synced: true, Seq ID: 1788896146555000000, Bids: 20, Asks: 20
[1788896148241] TUI Render Frame -> Synced: true, Seq ID: 1788896146555000000, Bids: 20, Asks: 20
[1788896148291] TUI Render Frame -> Synced: true, Seq ID: 1788896146555000000, Bids: 20, Asks: 20
[1788896148341] TUI Render Frame -> Synced: true, Seq ID: 1788896146555000000, Bids: 20, Asks: 20
[1788896148391] TUI Render Frame -> Synced: true, Seq ID: 1788896146555000000, Bids: 20, Asks: 20
[1788896148441] TUI Render Frame -> Synced: true, Seq ID: 1788896146555000000, Bids: 20, Asks: 20
[1788896148491] TUI Render Frame -> Synced: true, Seq ID: 1788896146555000000, Bids: 20, Asks: 20
[1788896148540] TUI Render Frame -> Synced: true, Seq ID: 1788896146555000000, Bids: 20, Asks: 20
[1788896148592] TUI Render Frame -> Synced: true, Seq ID: 1788896146555000000, Bids: 20, Asks: 20
[1788896148641] TUI Render Frame -> Synced: true, Seq ID: 1788896146555000000, Bids: 20, Asks: 20
[1788896148691] TUI Render Frame -> Synced: true, Seq ID: 1788896146555000000, Bids: 20, Asks: 20
[1788896148741] TUI Render Frame -> Synced: true, Seq ID: 1788896146555000000, Bids: 20, Asks: 20
[1788896148790] TUI Render Frame -> Synced: true, Seq ID: 1788896146555000000, Bids: 20, Asks: 20
[1788896148841] TUI Render Frame -> Synced: true, Seq ID: 1788896146555000000, Bids: 20, Asks: 20
[1788896148891] TUI Render Frame -> Synced: true, Seq ID: 1788896146555000000, Bids: 20, Asks: 20
[1788896148941] TUI Render Frame -> Synced: true, Seq ID: 1788896146555000000, Bids: 20, Asks: 20
[1788896148990] TUI Render Frame -> Synced: true, Seq ID: 1788896146555000000, Bids: 20, Asks: 20
[1788896149042] TUI Render Frame -> Synced: true, Seq ID: 1788896146555000000, Bids: 20, Asks: 20
[1788896149091] TUI Render Frame -> Synced: true, Seq ID: 1788896146555000000, Bids: 20, Asks: 20
[1788896149141] TUI Render Frame -> Synced: true, Seq ID: 1788896146555000000, Bids: 20, Asks: 20
[1788896149190] TUI Render Frame -> Synced: true, Seq ID: 1788896146555000000, Bids: 20, Asks: 20
[1788896149240] TUI Render Frame -> Synced: true, Seq ID: 1788896146555000000, Bids: 20, Asks: 20
[1788896149291] TUI Render Frame -> Synced: true, Seq ID: 1788896146555000000, Bids: 20, Asks: 20
[1788896149341] TUI Render Frame -> Synced: true, Seq ID: 1788896146555000000, Bids: 20, Asks: 20
[1788896149391] TUI Render Frame -> Synced: true, Seq ID: 1788896146555000000, Bids: 20, Asks: 20
[1788896149440] TUI Render Frame -> Synced: true, Seq ID: 1788896146555000000, Bids: 20, Asks: 20
[1788896149491] TUI Render Frame -> Synced: true, Seq ID: 1788896146555000000, Bids: 20, Asks: 20
[1788896149540] TUI Render Frame -> Synced: true, Seq ID: 1788896146555000000, Bids: 20, Asks: 20
[1788896149591] TUI Render Frame -> Synced: true, Seq ID: 1788896146555000000, Bids: 20, Asks: 20
[1788896149641] TUI Render Frame -> Synced: true, Seq ID: 1788896146555000000, Bids: 20, Asks: 20
[1788896149691] TUI Render Frame -> Synced: true, Seq ID: 1788896146555000000, Bids: 20, Asks: 20
[1788896149741] TUI Render Frame -> Synced: true, Seq ID: 1788896146555000000, Bids: 20, Asks: 20
[1788896149791] TUI Render Frame -> Synced: true, Seq ID: 1788896146555000000, Bids: 20, Asks: 20
[1788896149841] TUI Render Frame -> Synced: true, Seq ID: 1788896146555000000, Bids: 20, Asks: 20
[1788896149891] TUI Render Frame -> Synced: true, Seq ID: 1788896146555000000, Bids: 20, Asks: 20
[1788896149941] TUI Render Frame -> Synced: true, Seq ID: 1788896146555000000, Bids: 20, Asks: 20
[1788896149991] TUI Render Frame -> Synced: true, Seq ID: 1788896146555000000, Bids: 20, Asks: 20
[1788896150041] TUI Render Frame -> Synced: true, Seq ID: 1788896146555000000, Bids: 20, Asks: 20
[1788896150090] TUI Render Frame -> Synced: true, Seq ID: 1788896146555000000, Bids: 20, Asks: 20
[1788896150141] TUI Render Frame -> Synced: true, Seq ID: 1788896146555000000, Bids: 20, Asks: 20
[1788896150191] TUI Render Frame -> Synced: true, Seq ID: 1788896146555000000, Bids: 20, Asks: 20
[1788896150241] TUI Render Frame -> Synced: true, Seq ID: 1788896146555000000, Bids: 20, Asks: 20
[1788896150291] TUI Render Frame -> Synced: true, Seq ID: 1788896146555000000, Bids: 20, Asks: 20
[1788896150341] TUI Render Frame -> Synced: true, Seq ID: 1788896146555000000, Bids: 20, Asks: 20
[1788896150390] TUI Render Frame -> Synced: true, Seq ID: 1788896146555000000, Bids: 20, Asks: 20
[1788896150441] TUI Render Frame -> Synced: true, Seq ID: 1788896146555000000, Bids: 20, Asks: 20
[1788896150491] TUI Render Frame -> Synced: true, Seq ID: 1788896146555000000, Bids: 20, Asks: 20
[1788896150540] TUI Render Frame -> Synced: true, Seq ID: 1788896146555000000, Bids: 20, Asks: 20
[1788896150591] TUI Render Frame -> Synced: true, Seq ID: 1788896146555000000, Bids: 20, Asks: 20
[1788896150641] TUI Render Frame -> Synced: true, Seq ID: 1788896146555000000, Bids: 20, Asks: 20
[1788896150691] TUI Render Frame -> Synced: true, Seq ID: 1788896146555000000, Bids: 20, Asks: 20
[1788896150741] TUI Render Frame -> Synced: true, Seq ID: 1788896146555000000, Bids: 20, Asks: 20
[1788896150791] TUI Render Frame -> Synced: true, Seq ID: 1788896146555000000, Bids: 20, Asks: 20
[1788896150840] TUI Render Frame -> Synced: true, Seq ID: 1788896146555000000, Bids: 20, Asks: 20
[1788896150891] TUI Render Frame -> Synced: true, Seq ID: 1788896146555000000, Bids: 20, Asks: 20
[1788896150941] TUI Render Frame -> Synced: true, Seq ID: 1788896146555000000, Bids: 20, Asks: 20
[1788896150990] TUI Render Frame -> Synced: true, Seq ID: 1788896146555000000, Bids: 20, Asks: 20
[1788896151041] TUI Render Frame -> Synced: true, Seq ID: 1788896146555000000, Bids: 20, Asks: 20
[1788896151091] TUI Render Frame -> Synced: true, Seq ID: 1788896146555000000, Bids: 20, Asks: 20
[1788896151141] TUI Render Frame -> Synced: true, Seq ID: 1788896146555000000, Bids: 20, Asks: 20
[1788896151191] TUI Render Frame -> Synced: true, Seq ID: 1788896146555000000, Bids: 20, Asks: 20
[1788896151241] TUI Render Frame -> Synced: true, Seq ID: 1788896146555000000, Bids: 20, Asks: 20
[1788896151290] TUI Render Frame -> Synced: true, Seq ID: 1788896146555000000, Bids: 20, Asks: 20
[1788896151341] TUI Render Frame -> Synced: true, Seq ID: 1788896146555000000, Bids: 20, Asks: 20
[1788896151391] TUI Render Frame -> Synced: true, Seq ID: 1788896146555000000, Bids: 20, Asks: 20
[1788896151441] TUI Render Frame -> Synced: true, Seq ID: 1788896146555000000, Bids: 20, Asks: 20
[1788896151491] TUI Render Frame -> Synced: true, Seq ID: 1788896146555000000, Bids: 20, Asks: 20
[1788896151541] TUI Render Frame -> Synced: true, Seq ID: 1788896146555000000, Bids: 20, Asks: 20
[1788896151590] TUI Render Frame -> Synced: true, Seq ID: 1788896146555000000, Bids: 20, Asks: 20
[1788896151641] TUI Render Frame -> Synced: true, Seq ID: 1788896146555000000, Bids: 20, Asks: 20
[1788896151691] TUI Render Frame -> Synced: true, Seq ID: 1788896146555000000, Bids: 20, Asks: 20
[1788896151740] TUI Render Frame -> Synced: true, Seq ID: 1788896146555000000, Bids: 20, Asks: 20
[1788896151791] TUI Render Frame -> Synced: true, Seq ID: 1788896146555000000, Bids: 20, Asks: 20
[1788896151841] TUI Render Frame -> Synced: true, Seq ID: 1788896146555000000, Bids: 20, Asks: 20
[1788896151891] TUI Render Frame -> Synced: true, Seq ID: 1788896146555000000, Bids: 20, Asks: 20
[1788896151941] TUI Render Frame -> Synced: true, Seq ID: 1788896146555000000, Bids: 20, Asks: 20
[1788896151990] TUI Render Frame -> Synced: true, Seq ID: 1788896146555000000, Bids: 20, Asks: 20
[1788896152040] TUI Render Frame -> Synced: true, Seq ID: 1788896146555000000, Bids: 20, Asks: 20
[1788896152091] TUI Render Frame -> Synced: true, Seq ID: 1788896146555000000, Bids: 20, Asks: 20
[1788896152141] TUI Render Frame -> Synced: true, Seq ID: 1788896146555000000, Bids: 20, Asks: 20
[1788896152191] TUI Render Frame -> Synced: true, Seq ID: 1788896146555000000, Bids: 20, Asks: 20
[1788896152241] TUI Render Frame -> Synced: true, Seq ID: 1788896146555000000, Bids: 20, Asks: 20
[1788896152291] TUI Render Frame -> Synced: true, Seq ID: 1788896146555000000, Bids: 20, Asks: 20
[1788896152341] TUI Render Frame -> Synced: true, Seq ID: 1788896146555000000, Bids: 20, Asks: 20
[1788896152391] TUI Render Frame -> Synced: true, Seq ID: 1788896146555000000, Bids: 20, Asks: 20
[1788896152440] TUI Render Frame -> Synced: true, Seq ID: 1788896146555000000, Bids: 20, Asks: 20
[1788896152491] TUI Render Frame -> Synced: true, Seq ID: 1788896146555000000, Bids: 20, Asks: 20
[1788896152514] Msg #42: Depth received | Bids: 20, Asks: 20, Timestamp ID: 1788896152063000000
[1788896152515] Reconciler book exists: true
[1788896152515] ui_tx.send status: true, receiver count: 1
[1788896152541] TUI Render Frame -> Synced: true, Seq ID: 1788896152063000000, Bids: 20, Asks: 20
[1788896152591] TUI Render Frame -> Synced: true, Seq ID: 1788896152063000000, Bids: 20, Asks: 20
[1788896152640] TUI Render Frame -> Synced: true, Seq ID: 1788896152063000000, Bids: 20, Asks: 20
[1788896152691] TUI Render Frame -> Synced: true, Seq ID: 1788896152063000000, Bids: 20, Asks: 20
[1788896152741] TUI Render Frame -> Synced: true, Seq ID: 1788896152063000000, Bids: 20, Asks: 20
[1788896152791] TUI Render Frame -> Synced: true, Seq ID: 1788896152063000000, Bids: 20, Asks: 20
[1788896152841] TUI Render Frame -> Synced: true, Seq ID: 1788896152063000000, Bids: 20, Asks: 20
[1788896152890] TUI Render Frame -> Synced: true, Seq ID: 1788896152063000000, Bids: 20, Asks: 20
[1788896152941] TUI Render Frame -> Synced: true, Seq ID: 1788896152063000000, Bids: 20, Asks: 20
[1788896152991] TUI Render Frame -> Synced: true, Seq ID: 1788896152063000000, Bids: 20, Asks: 20
[1788896153041] TUI Render Frame -> Synced: true, Seq ID: 1788896152063000000, Bids: 20, Asks: 20
[1788896153091] TUI Render Frame -> Synced: true, Seq ID: 1788896152063000000, Bids: 20, Asks: 20
[1788896153141] TUI Render Frame -> Synced: true, Seq ID: 1788896152063000000, Bids: 20, Asks: 20
[1788896153190] TUI Render Frame -> Synced: true, Seq ID: 1788896152063000000, Bids: 20, Asks: 20
[1788896153241] TUI Render Frame -> Synced: true, Seq ID: 1788896152063000000, Bids: 20, Asks: 20
[1788896153291] TUI Render Frame -> Synced: true, Seq ID: 1788896152063000000, Bids: 20, Asks: 20
[1788896153340] TUI Render Frame -> Synced: true, Seq ID: 1788896152063000000, Bids: 20, Asks: 20
[1788896153391] TUI Render Frame -> Synced: true, Seq ID: 1788896152063000000, Bids: 20, Asks: 20
[1788896153441] TUI Render Frame -> Synced: true, Seq ID: 1788896152063000000, Bids: 20, Asks: 20
[1788896153491] TUI Render Frame -> Synced: true, Seq ID: 1788896152063000000, Bids: 20, Asks: 20
[1788896153541] TUI Render Frame -> Synced: true, Seq ID: 1788896152063000000, Bids: 20, Asks: 20
[1788896153590] TUI Render Frame -> Synced: true, Seq ID: 1788896152063000000, Bids: 20, Asks: 20
[1788896153641] TUI Render Frame -> Synced: true, Seq ID: 1788896152063000000, Bids: 20, Asks: 20
[1788896153691] TUI Render Frame -> Synced: true, Seq ID: 1788896152063000000, Bids: 20, Asks: 20
[1788896153741] TUI Render Frame -> Synced: true, Seq ID: 1788896152063000000, Bids: 20, Asks: 20
[1788896153791] TUI Render Frame -> Synced: true, Seq ID: 1788896152063000000, Bids: 20, Asks: 20
[1788896153841] TUI Render Frame -> Synced: true, Seq ID: 1788896152063000000, Bids: 20, Asks: 20
[1788896153902] TUI Render Frame -> Synced: true, Seq ID: 1788896152063000000, Bids: 20, Asks: 20
[1788896153941] TUI Render Frame -> Synced: true, Seq ID: 1788896152063000000, Bids: 20, Asks: 20
[1788896153990] TUI Render Frame -> Synced: true, Seq ID: 1788896152063000000, Bids: 20, Asks: 20
[1788896154040] TUI Render Frame -> Synced: true, Seq ID: 1788896152063000000, Bids: 20, Asks: 20
[1788896154091] TUI Render Frame -> Synced: true, Seq ID: 1788896152063000000, Bids: 20, Asks: 20
[1788896154141] TUI Render Frame -> Synced: true, Seq ID: 1788896152063000000, Bids: 20, Asks: 20
[1788896154191] TUI Render Frame -> Synced: true, Seq ID: 1788896152063000000, Bids: 20, Asks: 20
[1788896154241] TUI Render Frame -> Synced: true, Seq ID: 1788896152063000000, Bids: 20, Asks: 20
[1788896154291] TUI Render Frame -> Synced: true, Seq ID: 1788896152063000000, Bids: 20, Asks: 20
[1788896154341] TUI Render Frame -> Synced: true, Seq ID: 1788896152063000000, Bids: 20, Asks: 20
[1788896154391] TUI Render Frame -> Synced: true, Seq ID: 1788896152063000000, Bids: 20, Asks: 20
[1788896154441] TUI Render Frame -> Synced: true, Seq ID: 1788896152063000000, Bids: 20, Asks: 20
[1788896154490] TUI Render Frame -> Synced: true, Seq ID: 1788896152063000000, Bids: 20, Asks: 20
[1788896154540] TUI Render Frame -> Synced: true, Seq ID: 1788896152063000000, Bids: 20, Asks: 20
[1788896154591] TUI Render Frame -> Synced: true, Seq ID: 1788896152063000000, Bids: 20, Asks: 20
[1788896154641] TUI Render Frame -> Synced: true, Seq ID: 1788896152063000000, Bids: 20, Asks: 20
[1788896154691] TUI Render Frame -> Synced: true, Seq ID: 1788896152063000000, Bids: 20, Asks: 20
[1788896154741] TUI Render Frame -> Synced: true, Seq ID: 1788896152063000000, Bids: 20, Asks: 20
[1788896154791] TUI Render Frame -> Synced: true, Seq ID: 1788896152063000000, Bids: 20, Asks: 20
[1788896154841] TUI Render Frame -> Synced: true, Seq ID: 1788896152063000000, Bids: 20, Asks: 20
[1788896154891] TUI Render Frame -> Synced: true, Seq ID: 1788896152063000000, Bids: 20, Asks: 20
[1788896154941] TUI Render Frame -> Synced: true, Seq ID: 1788896152063000000, Bids: 20, Asks: 20
[1788896154991] TUI Render Frame -> Synced: true, Seq ID: 1788896152063000000, Bids: 20, Asks: 20
[1788896155041] TUI Render Frame -> Synced: true, Seq ID: 1788896152063000000, Bids: 20, Asks: 20
[1788896155091] TUI Render Frame -> Synced: true, Seq ID: 1788896152063000000, Bids: 20, Asks: 20
[1788896155141] TUI Render Frame -> Synced: true, Seq ID: 1788896152063000000, Bids: 20, Asks: 20
[1788896155190] TUI Render Frame -> Synced: true, Seq ID: 1788896152063000000, Bids: 20, Asks: 20
[1788896155241] TUI Render Frame -> Synced: true, Seq ID: 1788896152063000000, Bids: 20, Asks: 20
[1788896155291] TUI Render Frame -> Synced: true, Seq ID: 1788896152063000000, Bids: 20, Asks: 20
[1788896155341] TUI Render Frame -> Synced: true, Seq ID: 1788896152063000000, Bids: 20, Asks: 20
[1788896155391] TUI Render Frame -> Synced: true, Seq ID: 1788896152063000000, Bids: 20, Asks: 20
[1788896155440] TUI Render Frame -> Synced: true, Seq ID: 1788896152063000000, Bids: 20, Asks: 20
[1788896155491] TUI Render Frame -> Synced: true, Seq ID: 1788896152063000000, Bids: 20, Asks: 20
[1788896155541] TUI Render Frame -> Synced: true, Seq ID: 1788896152063000000, Bids: 20, Asks: 20
[1788896155590] TUI Render Frame -> Synced: true, Seq ID: 1788896152063000000, Bids: 20, Asks: 20
[1788896155640] TUI Render Frame -> Synced: true, Seq ID: 1788896152063000000, Bids: 20, Asks: 20
[1788896155691] TUI Render Frame -> Synced: true, Seq ID: 1788896152063000000, Bids: 20, Asks: 20
[1788896155740] TUI Render Frame -> Synced: true, Seq ID: 1788896152063000000, Bids: 20, Asks: 20
[1788896155790] TUI Render Frame -> Synced: true, Seq ID: 1788896152063000000, Bids: 20, Asks: 20
[1788896155841] TUI Render Frame -> Synced: true, Seq ID: 1788896152063000000, Bids: 20, Asks: 20
[1788896155891] TUI Render Frame -> Synced: true, Seq ID: 1788896152063000000, Bids: 20, Asks: 20
[1788896155941] TUI Render Frame -> Synced: true, Seq ID: 1788896152063000000, Bids: 20, Asks: 20
[1788896155991] TUI Render Frame -> Synced: true, Seq ID: 1788896152063000000, Bids: 20, Asks: 20
[1788896156041] TUI Render Frame -> Synced: true, Seq ID: 1788896152063000000, Bids: 20, Asks: 20
[1788896156091] TUI Render Frame -> Synced: true, Seq ID: 1788896152063000000, Bids: 20, Asks: 20
[1788896156141] TUI Render Frame -> Synced: true, Seq ID: 1788896152063000000, Bids: 20, Asks: 20
[1788896156191] TUI Render Frame -> Synced: true, Seq ID: 1788896152063000000, Bids: 20, Asks: 20
[1788896156243] TUI Render Frame -> Synced: true, Seq ID: 1788896152063000000, Bids: 20, Asks: 20
[1788896156291] TUI Render Frame -> Synced: true, Seq ID: 1788896152063000000, Bids: 20, Asks: 20
[1788896156341] TUI Render Frame -> Synced: true, Seq ID: 1788896152063000000, Bids: 20, Asks: 20
[1788896156391] TUI Render Frame -> Synced: true, Seq ID: 1788896152063000000, Bids: 20, Asks: 20
[1788896156441] TUI Render Frame -> Synced: true, Seq ID: 1788896152063000000, Bids: 20, Asks: 20
[1788896156490] TUI Render Frame -> Synced: true, Seq ID: 1788896152063000000, Bids: 20, Asks: 20
[1788896156541] TUI Render Frame -> Synced: true, Seq ID: 1788896152063000000, Bids: 20, Asks: 20
[1788896156591] TUI Render Frame -> Synced: true, Seq ID: 1788896152063000000, Bids: 20, Asks: 20
[1788896156640] TUI Render Frame -> Synced: true, Seq ID: 1788896152063000000, Bids: 20, Asks: 20
[1788896156691] TUI Render Frame -> Synced: true, Seq ID: 1788896152063000000, Bids: 20, Asks: 20
[1788896156741] TUI Render Frame -> Synced: true, Seq ID: 1788896152063000000, Bids: 20, Asks: 20
[1788896156790] TUI Render Frame -> Synced: true, Seq ID: 1788896152063000000, Bids: 20, Asks: 20
[1788896156841] TUI Render Frame -> Synced: true, Seq ID: 1788896152063000000, Bids: 20, Asks: 20
[1788896156891] TUI Render Frame -> Synced: true, Seq ID: 1788896152063000000, Bids: 20, Asks: 20
[1788896156941] TUI Render Frame -> Synced: true, Seq ID: 1788896152063000000, Bids: 20, Asks: 20
[1788896156991] TUI Render Frame -> Synced: true, Seq ID: 1788896152063000000, Bids: 20, Asks: 20
[1788896157040] TUI Render Frame -> Synced: true, Seq ID: 1788896152063000000, Bids: 20, Asks: 20
[1788896157091] TUI Render Frame -> Synced: true, Seq ID: 1788896152063000000, Bids: 20, Asks: 20
[1788896157140] TUI Render Frame -> Synced: true, Seq ID: 1788896152063000000, Bids: 20, Asks: 20
[1788896157191] TUI Render Frame -> Synced: true, Seq ID: 1788896152063000000, Bids: 20, Asks: 20
[1788896157240] TUI Render Frame -> Synced: true, Seq ID: 1788896152063000000, Bids: 20, Asks: 20
[1788896157291] TUI Render Frame -> Synced: true, Seq ID: 1788896152063000000, Bids: 20, Asks: 20
[1788896157341] TUI Render Frame -> Synced: true, Seq ID: 1788896152063000000, Bids: 20, Asks: 20
[1788896157391] TUI Render Frame -> Synced: true, Seq ID: 1788896152063000000, Bids: 20, Asks: 20
[1788896157441] TUI Render Frame -> Synced: true, Seq ID: 1788896152063000000, Bids: 20, Asks: 20
[1788896157491] TUI Render Frame -> Synced: true, Seq ID: 1788896152063000000, Bids: 20, Asks: 20
[1788896157541] TUI Render Frame -> Synced: true, Seq ID: 1788896152063000000, Bids: 20, Asks: 20
[1788896157591] TUI Render Frame -> Synced: true, Seq ID: 1788896152063000000, Bids: 20, Asks: 20
[1788896157641] TUI Render Frame -> Synced: true, Seq ID: 1788896152063000000, Bids: 20, Asks: 20
[1788896157691] TUI Render Frame -> Synced: true, Seq ID: 1788896152063000000, Bids: 20, Asks: 20
[1788896157694] Msg #43: Depth received | Bids: 20, Asks: 20, Timestamp ID: 1788896157317000000
[1788896157695] Reconciler book exists: true
[1788896157695] ui_tx.send status: true, receiver count: 1
[1788896157741] TUI Render Frame -> Synced: true, Seq ID: 1788896157317000000, Bids: 20, Asks: 20
[1788896157791] TUI Render Frame -> Synced: true, Seq ID: 1788896157317000000, Bids: 20, Asks: 20
[1788896157841] TUI Render Frame -> Synced: true, Seq ID: 1788896157317000000, Bids: 20, Asks: 20
[1788896157891] TUI Render Frame -> Synced: true, Seq ID: 1788896157317000000, Bids: 20, Asks: 20
[1788896157941] TUI Render Frame -> Synced: true, Seq ID: 1788896157317000000, Bids: 20, Asks: 20
[1788896157991] TUI Render Frame -> Synced: true, Seq ID: 1788896157317000000, Bids: 20, Asks: 20
[1788896158040] TUI Render Frame -> Synced: true, Seq ID: 1788896157317000000, Bids: 20, Asks: 20
[1788896158090] TUI Render Frame -> Synced: true, Seq ID: 1788896157317000000, Bids: 20, Asks: 20
[1788896158141] TUI Render Frame -> Synced: true, Seq ID: 1788896157317000000, Bids: 20, Asks: 20
[1788896158191] TUI Render Frame -> Synced: true, Seq ID: 1788896157317000000, Bids: 20, Asks: 20
[1788896158241] TUI Render Frame -> Synced: true, Seq ID: 1788896157317000000, Bids: 20, Asks: 20
[1788896158291] TUI Render Frame -> Synced: true, Seq ID: 1788896157317000000, Bids: 20, Asks: 20
[1788896158341] TUI Render Frame -> Synced: true, Seq ID: 1788896157317000000, Bids: 20, Asks: 20
[1788896158390] TUI Render Frame -> Synced: true, Seq ID: 1788896157317000000, Bids: 20, Asks: 20
[1788896158441] TUI Render Frame -> Synced: true, Seq ID: 1788896157317000000, Bids: 20, Asks: 20
[1788896158491] TUI Render Frame -> Synced: true, Seq ID: 1788896157317000000, Bids: 20, Asks: 20
[1788896158541] TUI Render Frame -> Synced: true, Seq ID: 1788896157317000000, Bids: 20, Asks: 20
[1788896158591] TUI Render Frame -> Synced: true, Seq ID: 1788896157317000000, Bids: 20, Asks: 20
[1788896158640] TUI Render Frame -> Synced: true, Seq ID: 1788896157317000000, Bids: 20, Asks: 20
[1788896158691] TUI Render Frame -> Synced: true, Seq ID: 1788896157317000000, Bids: 20, Asks: 20
[1788896158741] TUI Render Frame -> Synced: true, Seq ID: 1788896157317000000, Bids: 20, Asks: 20
[1788896158791] TUI Render Frame -> Synced: true, Seq ID: 1788896157317000000, Bids: 20, Asks: 20
[1788896158840] TUI Render Frame -> Synced: true, Seq ID: 1788896157317000000, Bids: 20, Asks: 20
[1788896158891] TUI Render Frame -> Synced: true, Seq ID: 1788896157317000000, Bids: 20, Asks: 20
[1788896158942] TUI Render Frame -> Synced: true, Seq ID: 1788896157317000000, Bids: 20, Asks: 20
[1788896158991] TUI Render Frame -> Synced: true, Seq ID: 1788896157317000000, Bids: 20, Asks: 20
[1788896159041] TUI Render Frame -> Synced: true, Seq ID: 1788896157317000000, Bids: 20, Asks: 20
[1788896159091] TUI Render Frame -> Synced: true, Seq ID: 1788896157317000000, Bids: 20, Asks: 20
[1788896159141] TUI Render Frame -> Synced: true, Seq ID: 1788896157317000000, Bids: 20, Asks: 20
[1788896159191] TUI Render Frame -> Synced: true, Seq ID: 1788896157317000000, Bids: 20, Asks: 20
[1788896159241] TUI Render Frame -> Synced: true, Seq ID: 1788896157317000000, Bids: 20, Asks: 20
[1788896159290] TUI Render Frame -> Synced: true, Seq ID: 1788896157317000000, Bids: 20, Asks: 20
[1788896159341] TUI Render Frame -> Synced: true, Seq ID: 1788896157317000000, Bids: 20, Asks: 20
[1788896159390] TUI Render Frame -> Synced: true, Seq ID: 1788896157317000000, Bids: 20, Asks: 20
[1788896159441] TUI Render Frame -> Synced: true, Seq ID: 1788896157317000000, Bids: 20, Asks: 20
[1788896159491] TUI Render Frame -> Synced: true, Seq ID: 1788896157317000000, Bids: 20, Asks: 20
[1788896159541] TUI Render Frame -> Synced: true, Seq ID: 1788896157317000000, Bids: 20, Asks: 20
[1788896159591] TUI Render Frame -> Synced: true, Seq ID: 1788896157317000000, Bids: 20, Asks: 20
[1788896159641] TUI Render Frame -> Synced: true, Seq ID: 1788896157317000000, Bids: 20, Asks: 20
[1788896159691] TUI Render Frame -> Synced: true, Seq ID: 1788896157317000000, Bids: 20, Asks: 20
[1788896159741] TUI Render Frame -> Synced: true, Seq ID: 1788896157317000000, Bids: 20, Asks: 20
[1788896159791] TUI Render Frame -> Synced: true, Seq ID: 1788896157317000000, Bids: 20, Asks: 20
[1788896159841] TUI Render Frame -> Synced: true, Seq ID: 1788896157317000000, Bids: 20, Asks: 20
[1788896159891] TUI Render Frame -> Synced: true, Seq ID: 1788896157317000000, Bids: 20, Asks: 20
[1788896159941] TUI Render Frame -> Synced: true, Seq ID: 1788896157317000000, Bids: 20, Asks: 20
[1788896159990] TUI Render Frame -> Synced: true, Seq ID: 1788896157317000000, Bids: 20, Asks: 20
[1788896160040] TUI Render Frame -> Synced: true, Seq ID: 1788896157317000000, Bids: 20, Asks: 20
[1788896160091] TUI Render Frame -> Synced: true, Seq ID: 1788896157317000000, Bids: 20, Asks: 20
[1788896160141] TUI Render Frame -> Synced: true, Seq ID: 1788896157317000000, Bids: 20, Asks: 20
[1788896160191] TUI Render Frame -> Synced: true, Seq ID: 1788896157317000000, Bids: 20, Asks: 20
[1788896160241] TUI Render Frame -> Synced: true, Seq ID: 1788896157317000000, Bids: 20, Asks: 20
[1788896160291] TUI Render Frame -> Synced: true, Seq ID: 1788896157317000000, Bids: 20, Asks: 20
[1788896160341] TUI Render Frame -> Synced: true, Seq ID: 1788896157317000000, Bids: 20, Asks: 20
[1788896160391] TUI Render Frame -> Synced: true, Seq ID: 1788896157317000000, Bids: 20, Asks: 20
[1788896160440] TUI Render Frame -> Synced: true, Seq ID: 1788896157317000000, Bids: 20, Asks: 20
[1788896160490] TUI Render Frame -> Synced: true, Seq ID: 1788896157317000000, Bids: 20, Asks: 20
[1788896160541] TUI Render Frame -> Synced: true, Seq ID: 1788896157317000000, Bids: 20, Asks: 20
[1788896160590] TUI Render Frame -> Synced: true, Seq ID: 1788896157317000000, Bids: 20, Asks: 20
[1788896160640] TUI Render Frame -> Synced: true, Seq ID: 1788896157317000000, Bids: 20, Asks: 20
[1788896160691] TUI Render Frame -> Synced: true, Seq ID: 1788896157317000000, Bids: 20, Asks: 20
[1788896160741] TUI Render Frame -> Synced: true, Seq ID: 1788896157317000000, Bids: 20, Asks: 20
[1788896160791] TUI Render Frame -> Synced: true, Seq ID: 1788896157317000000, Bids: 20, Asks: 20
[1788896160840] TUI Render Frame -> Synced: true, Seq ID: 1788896157317000000, Bids: 20, Asks: 20
[1788896160891] TUI Render Frame -> Synced: true, Seq ID: 1788896157317000000, Bids: 20, Asks: 20
[1788896160941] TUI Render Frame -> Synced: true, Seq ID: 1788896157317000000, Bids: 20, Asks: 20
[1788896160991] TUI Render Frame -> Synced: true, Seq ID: 1788896157317000000, Bids: 20, Asks: 20
[1788896161041] TUI Render Frame -> Synced: true, Seq ID: 1788896157317000000, Bids: 20, Asks: 20
[1788896161091] TUI Render Frame -> Synced: true, Seq ID: 1788896157317000000, Bids: 20, Asks: 20
[1788896161141] TUI Render Frame -> Synced: true, Seq ID: 1788896157317000000, Bids: 20, Asks: 20
[1788896161191] TUI Render Frame -> Synced: true, Seq ID: 1788896157317000000, Bids: 20, Asks: 20
[1788896161241] TUI Render Frame -> Synced: true, Seq ID: 1788896157317000000, Bids: 20, Asks: 20
[1788896161291] TUI Render Frame -> Synced: true, Seq ID: 1788896157317000000, Bids: 20, Asks: 20
[1788896161341] TUI Render Frame -> Synced: true, Seq ID: 1788896157317000000, Bids: 20, Asks: 20
[1788896161391] TUI Render Frame -> Synced: true, Seq ID: 1788896157317000000, Bids: 20, Asks: 20
[1788896161441] TUI Render Frame -> Synced: true, Seq ID: 1788896157317000000, Bids: 20, Asks: 20
[1788896161491] TUI Render Frame -> Synced: true, Seq ID: 1788896157317000000, Bids: 20, Asks: 20
[1788896161541] TUI Render Frame -> Synced: true, Seq ID: 1788896157317000000, Bids: 20, Asks: 20
[1788896161591] TUI Render Frame -> Synced: true, Seq ID: 1788896157317000000, Bids: 20, Asks: 20
[1788896161641] TUI Render Frame -> Synced: true, Seq ID: 1788896157317000000, Bids: 20, Asks: 20
[1788896161691] TUI Render Frame -> Synced: true, Seq ID: 1788896157317000000, Bids: 20, Asks: 20
[1788896161741] TUI Render Frame -> Synced: true, Seq ID: 1788896157317000000, Bids: 20, Asks: 20
[1788896161791] TUI Render Frame -> Synced: true, Seq ID: 1788896157317000000, Bids: 20, Asks: 20
[1788896161841] TUI Render Frame -> Synced: true, Seq ID: 1788896157317000000, Bids: 20, Asks: 20
[1788896161891] TUI Render Frame -> Synced: true, Seq ID: 1788896157317000000, Bids: 20, Asks: 20
[1788896161941] TUI Render Frame -> Synced: true, Seq ID: 1788896157317000000, Bids: 20, Asks: 20
[1788896161991] TUI Render Frame -> Synced: true, Seq ID: 1788896157317000000, Bids: 20, Asks: 20
[1788896162040] TUI Render Frame -> Synced: true, Seq ID: 1788896157317000000, Bids: 20, Asks: 20
[1788896162091] TUI Render Frame -> Synced: true, Seq ID: 1788896157317000000, Bids: 20, Asks: 20
[1788896162141] TUI Render Frame -> Synced: true, Seq ID: 1788896157317000000, Bids: 20, Asks: 20
[1788896162191] TUI Render Frame -> Synced: true, Seq ID: 1788896157317000000, Bids: 20, Asks: 20
[1788896162240] TUI Render Frame -> Synced: true, Seq ID: 1788896157317000000, Bids: 20, Asks: 20
[1788896162290] TUI Render Frame -> Synced: true, Seq ID: 1788896157317000000, Bids: 20, Asks: 20
[1788896162341] TUI Render Frame -> Synced: true, Seq ID: 1788896157317000000, Bids: 20, Asks: 20
[1788896162391] TUI Render Frame -> Synced: true, Seq ID: 1788896157317000000, Bids: 20, Asks: 20
[1788896162441] TUI Render Frame -> Synced: true, Seq ID: 1788896157317000000, Bids: 20, Asks: 20
[1788896162490] TUI Render Frame -> Synced: true, Seq ID: 1788896157317000000, Bids: 20, Asks: 20
[1788896162541] TUI Render Frame -> Synced: true, Seq ID: 1788896157317000000, Bids: 20, Asks: 20
[1788896162591] TUI Render Frame -> Synced: true, Seq ID: 1788896157317000000, Bids: 20, Asks: 20
[1788896162641] TUI Render Frame -> Synced: true, Seq ID: 1788896157317000000, Bids: 20, Asks: 20
[1788896162691] TUI Render Frame -> Synced: true, Seq ID: 1788896157317000000, Bids: 20, Asks: 20
[1788896162741] TUI Render Frame -> Synced: true, Seq ID: 1788896157317000000, Bids: 20, Asks: 20
[1788896162791] TUI Render Frame -> Synced: true, Seq ID: 1788896157317000000, Bids: 20, Asks: 20
[1788896162841] TUI Render Frame -> Synced: true, Seq ID: 1788896157317000000, Bids: 20, Asks: 20
[1788896162892] TUI Render Frame -> Synced: true, Seq ID: 1788896157317000000, Bids: 20, Asks: 20
[1788896162941] TUI Render Frame -> Synced: true, Seq ID: 1788896157317000000, Bids: 20, Asks: 20
[1788896162992] TUI Render Frame -> Synced: true, Seq ID: 1788896157317000000, Bids: 20, Asks: 20
[1788896163042] TUI Render Frame -> Synced: true, Seq ID: 1788896157317000000, Bids: 20, Asks: 20
[1788896163091] TUI Render Frame -> Synced: true, Seq ID: 1788896157317000000, Bids: 20, Asks: 20
[1788896163141] TUI Render Frame -> Synced: true, Seq ID: 1788896157317000000, Bids: 20, Asks: 20
[1788896163190] TUI Render Frame -> Synced: true, Seq ID: 1788896157317000000, Bids: 20, Asks: 20
[1788896163241] TUI Render Frame -> Synced: true, Seq ID: 1788896157317000000, Bids: 20, Asks: 20
[1788896163291] TUI Render Frame -> Synced: true, Seq ID: 1788896157317000000, Bids: 20, Asks: 20
[1788896163341] TUI Render Frame -> Synced: true, Seq ID: 1788896157317000000, Bids: 20, Asks: 20
[1788896163362] Msg #44: Depth received | Bids: 20, Asks: 20, Timestamp ID: 1788896162641000000
[1788896163363] Reconciler book exists: true
[1788896163363] ui_tx.send status: true, receiver count: 1
[1788896163391] TUI Render Frame -> Synced: true, Seq ID: 1788896162641000000, Bids: 20, Asks: 20
[1788896163440] TUI Render Frame -> Synced: true, Seq ID: 1788896162641000000, Bids: 20, Asks: 20
[1788896163491] TUI Render Frame -> Synced: true, Seq ID: 1788896162641000000, Bids: 20, Asks: 20
[1788896163541] TUI Render Frame -> Synced: true, Seq ID: 1788896162641000000, Bids: 20, Asks: 20
[1788896163590] TUI Render Frame -> Synced: true, Seq ID: 1788896162641000000, Bids: 20, Asks: 20
[1788896163640] TUI Render Frame -> Synced: true, Seq ID: 1788896162641000000, Bids: 20, Asks: 20
[1788896163691] TUI Render Frame -> Synced: true, Seq ID: 1788896162641000000, Bids: 20, Asks: 20
[1788896163741] TUI Render Frame -> Synced: true, Seq ID: 1788896162641000000, Bids: 20, Asks: 20
[1788896163791] TUI Render Frame -> Synced: true, Seq ID: 1788896162641000000, Bids: 20, Asks: 20
[1788896163840] TUI Render Frame -> Synced: true, Seq ID: 1788896162641000000, Bids: 20, Asks: 20
[1788896163891] TUI Render Frame -> Synced: true, Seq ID: 1788896162641000000, Bids: 20, Asks: 20
[1788896163941] TUI Render Frame -> Synced: true, Seq ID: 1788896162641000000, Bids: 20, Asks: 20
[1788896163991] TUI Render Frame -> Synced: true, Seq ID: 1788896162641000000, Bids: 20, Asks: 20
[1788896164041] TUI Render Frame -> Synced: true, Seq ID: 1788896162641000000, Bids: 20, Asks: 20
[1788896164090] TUI Render Frame -> Synced: true, Seq ID: 1788896162641000000, Bids: 20, Asks: 20
[1788896164141] TUI Render Frame -> Synced: true, Seq ID: 1788896162641000000, Bids: 20, Asks: 20
[1788896164191] TUI Render Frame -> Synced: true, Seq ID: 1788896162641000000, Bids: 20, Asks: 20
[1788896164241] TUI Render Frame -> Synced: true, Seq ID: 1788896162641000000, Bids: 20, Asks: 20
[1788896164291] TUI Render Frame -> Synced: true, Seq ID: 1788896162641000000, Bids: 20, Asks: 20
[1788896164341] TUI Render Frame -> Synced: true, Seq ID: 1788896162641000000, Bids: 20, Asks: 20
[1788896164391] TUI Render Frame -> Synced: true, Seq ID: 1788896162641000000, Bids: 20, Asks: 20
[1788896164441] TUI Render Frame -> Synced: true, Seq ID: 1788896162641000000, Bids: 20, Asks: 20
[1788896164491] TUI Render Frame -> Synced: true, Seq ID: 1788896162641000000, Bids: 20, Asks: 20
[1788896164541] TUI Render Frame -> Synced: true, Seq ID: 1788896162641000000, Bids: 20, Asks: 20
[1788896164591] TUI Render Frame -> Synced: true, Seq ID: 1788896162641000000, Bids: 20, Asks: 20
[1788896164641] TUI Render Frame -> Synced: true, Seq ID: 1788896162641000000, Bids: 20, Asks: 20
[1788896164691] TUI Render Frame -> Synced: true, Seq ID: 1788896162641000000, Bids: 20, Asks: 20
[1788896164741] TUI Render Frame -> Synced: true, Seq ID: 1788896162641000000, Bids: 20, Asks: 20
[1788896164790] TUI Render Frame -> Synced: true, Seq ID: 1788896162641000000, Bids: 20, Asks: 20
[1788896164841] TUI Render Frame -> Synced: true, Seq ID: 1788896162641000000, Bids: 20, Asks: 20
[1788896164891] TUI Render Frame -> Synced: true, Seq ID: 1788896162641000000, Bids: 20, Asks: 20
[1788896164941] TUI Render Frame -> Synced: true, Seq ID: 1788896162641000000, Bids: 20, Asks: 20
[1788896164991] TUI Render Frame -> Synced: true, Seq ID: 1788896162641000000, Bids: 20, Asks: 20
[1788896165041] TUI Render Frame -> Synced: true, Seq ID: 1788896162641000000, Bids: 20, Asks: 20
[1788896165091] TUI Render Frame -> Synced: true, Seq ID: 1788896162641000000, Bids: 20, Asks: 20
[1788896165141] TUI Render Frame -> Synced: true, Seq ID: 1788896162641000000, Bids: 20, Asks: 20
[1788896165192] TUI Render Frame -> Synced: true, Seq ID: 1788896162641000000, Bids: 20, Asks: 20
[1788896165240] TUI Render Frame -> Synced: true, Seq ID: 1788896162641000000, Bids: 20, Asks: 20
[1788896165291] TUI Render Frame -> Synced: true, Seq ID: 1788896162641000000, Bids: 20, Asks: 20
[1788896165341] TUI Render Frame -> Synced: true, Seq ID: 1788896162641000000, Bids: 20, Asks: 20
[1788896165391] TUI Render Frame -> Synced: true, Seq ID: 1788896162641000000, Bids: 20, Asks: 20
[1788896165441] TUI Render Frame -> Synced: true, Seq ID: 1788896162641000000, Bids: 20, Asks: 20
[1788896165491] TUI Render Frame -> Synced: true, Seq ID: 1788896162641000000, Bids: 20, Asks: 20
[1788896165541] TUI Render Frame -> Synced: true, Seq ID: 1788896162641000000, Bids: 20, Asks: 20
[1788896165591] TUI Render Frame -> Synced: true, Seq ID: 1788896162641000000, Bids: 20, Asks: 20
[1788896165641] TUI Render Frame -> Synced: true, Seq ID: 1788896162641000000, Bids: 20, Asks: 20
[1788896165690] TUI Render Frame -> Synced: true, Seq ID: 1788896162641000000, Bids: 20, Asks: 20
[1788896165741] TUI Render Frame -> Synced: true, Seq ID: 1788896162641000000, Bids: 20, Asks: 20
[1788896165791] TUI Render Frame -> Synced: true, Seq ID: 1788896162641000000, Bids: 20, Asks: 20
[1788896165841] TUI Render Frame -> Synced: true, Seq ID: 1788896162641000000, Bids: 20, Asks: 20
[1788896165891] TUI Render Frame -> Synced: true, Seq ID: 1788896162641000000, Bids: 20, Asks: 20
[1788896165941] TUI Render Frame -> Synced: true, Seq ID: 1788896162641000000, Bids: 20, Asks: 20
[1788896165991] TUI Render Frame -> Synced: true, Seq ID: 1788896162641000000, Bids: 20, Asks: 20
[1788896166041] TUI Render Frame -> Synced: true, Seq ID: 1788896162641000000, Bids: 20, Asks: 20
[1788896166091] TUI Render Frame -> Synced: true, Seq ID: 1788896162641000000, Bids: 20, Asks: 20
[1788896166141] TUI Render Frame -> Synced: true, Seq ID: 1788896162641000000, Bids: 20, Asks: 20
[1788896166191] TUI Render Frame -> Synced: true, Seq ID: 1788896162641000000, Bids: 20, Asks: 20
[1788896166241] TUI Render Frame -> Synced: true, Seq ID: 1788896162641000000, Bids: 20, Asks: 20
[1788896166291] TUI Render Frame -> Synced: true, Seq ID: 1788896162641000000, Bids: 20, Asks: 20
[1788896166341] TUI Render Frame -> Synced: true, Seq ID: 1788896162641000000, Bids: 20, Asks: 20
[1788896166394] TUI Render Frame -> Synced: true, Seq ID: 1788896162641000000, Bids: 20, Asks: 20
[1788896166441] TUI Render Frame -> Synced: true, Seq ID: 1788896162641000000, Bids: 20, Asks: 20
[1788896166490] TUI Render Frame -> Synced: true, Seq ID: 1788896162641000000, Bids: 20, Asks: 20
[1788896166541] TUI Render Frame -> Synced: true, Seq ID: 1788896162641000000, Bids: 20, Asks: 20
[1788896166589] TUI Render Frame -> Synced: true, Seq ID: 1788896162641000000, Bids: 20, Asks: 20
[1788896166642] TUI Render Frame -> Synced: true, Seq ID: 1788896162641000000, Bids: 20, Asks: 20
[1788896166691] TUI Render Frame -> Synced: true, Seq ID: 1788896162641000000, Bids: 20, Asks: 20
[1788896166740] TUI Render Frame -> Synced: true, Seq ID: 1788896162641000000, Bids: 20, Asks: 20
[1788896166791] TUI Render Frame -> Synced: true, Seq ID: 1788896162641000000, Bids: 20, Asks: 20
[1788896166840] TUI Render Frame -> Synced: true, Seq ID: 1788896162641000000, Bids: 20, Asks: 20
[1788896166891] TUI Render Frame -> Synced: true, Seq ID: 1788896162641000000, Bids: 20, Asks: 20
[1788896166958] TUI Render Frame -> Synced: true, Seq ID: 1788896162641000000, Bids: 20, Asks: 20
[1788896166991] TUI Render Frame -> Synced: true, Seq ID: 1788896162641000000, Bids: 20, Asks: 20
[1788896167041] TUI Render Frame -> Synced: true, Seq ID: 1788896162641000000, Bids: 20, Asks: 20
[1788896167091] TUI Render Frame -> Synced: true, Seq ID: 1788896162641000000, Bids: 20, Asks: 20
[1788896167141] TUI Render Frame -> Synced: true, Seq ID: 1788896162641000000, Bids: 20, Asks: 20
[1788896167191] TUI Render Frame -> Synced: true, Seq ID: 1788896162641000000, Bids: 20, Asks: 20
[1788896167240] TUI Render Frame -> Synced: true, Seq ID: 1788896162641000000, Bids: 20, Asks: 20
[1788896167291] TUI Render Frame -> Synced: true, Seq ID: 1788896162641000000, Bids: 20, Asks: 20
[1788896167341] TUI Render Frame -> Synced: true, Seq ID: 1788896162641000000, Bids: 20, Asks: 20
[1788896167390] TUI Render Frame -> Synced: true, Seq ID: 1788896162641000000, Bids: 20, Asks: 20
[1788896167441] TUI Render Frame -> Synced: true, Seq ID: 1788896162641000000, Bids: 20, Asks: 20
[1788896167497] TUI Render Frame -> Synced: true, Seq ID: 1788896162641000000, Bids: 20, Asks: 20
[1788896167541] TUI Render Frame -> Synced: true, Seq ID: 1788896162641000000, Bids: 20, Asks: 20
[1788896167590] TUI Render Frame -> Synced: true, Seq ID: 1788896162641000000, Bids: 20, Asks: 20
[1788896167640] TUI Render Frame -> Synced: true, Seq ID: 1788896162641000000, Bids: 20, Asks: 20
[1788896167691] TUI Render Frame -> Synced: true, Seq ID: 1788896162641000000, Bids: 20, Asks: 20
[1788896167741] TUI Render Frame -> Synced: true, Seq ID: 1788896162641000000, Bids: 20, Asks: 20
[1788896167791] TUI Render Frame -> Synced: true, Seq ID: 1788896162641000000, Bids: 20, Asks: 20
[1788896167841] TUI Render Frame -> Synced: true, Seq ID: 1788896162641000000, Bids: 20, Asks: 20
[1788896167891] TUI Render Frame -> Synced: true, Seq ID: 1788896162641000000, Bids: 20, Asks: 20
[1788896167941] TUI Render Frame -> Synced: true, Seq ID: 1788896162641000000, Bids: 20, Asks: 20
[1788896167990] TUI Render Frame -> Synced: true, Seq ID: 1788896162641000000, Bids: 20, Asks: 20
[1788896168041] TUI Render Frame -> Synced: true, Seq ID: 1788896162641000000, Bids: 20, Asks: 20
[1788896168091] TUI Render Frame -> Synced: true, Seq ID: 1788896162641000000, Bids: 20, Asks: 20
[1788896168141] TUI Render Frame -> Synced: true, Seq ID: 1788896162641000000, Bids: 20, Asks: 20
[1788896168191] TUI Render Frame -> Synced: true, Seq ID: 1788896162641000000, Bids: 20, Asks: 20
[1788896168241] TUI Render Frame -> Synced: true, Seq ID: 1788896162641000000, Bids: 20, Asks: 20
[1788896168290] TUI Render Frame -> Synced: true, Seq ID: 1788896162641000000, Bids: 20, Asks: 20
[1788896168341] TUI Render Frame -> Synced: true, Seq ID: 1788896162641000000, Bids: 20, Asks: 20
[1788896168391] TUI Render Frame -> Synced: true, Seq ID: 1788896162641000000, Bids: 20, Asks: 20
[1788896168440] TUI Render Frame -> Synced: true, Seq ID: 1788896162641000000, Bids: 20, Asks: 20
[1788896168491] TUI Render Frame -> Synced: true, Seq ID: 1788896162641000000, Bids: 20, Asks: 20
[1788896168541] TUI Render Frame -> Synced: true, Seq ID: 1788896162641000000, Bids: 20, Asks: 20
[1788896168591] TUI Render Frame -> Synced: true, Seq ID: 1788896162641000000, Bids: 20, Asks: 20
[1788896168641] TUI Render Frame -> Synced: true, Seq ID: 1788896162641000000, Bids: 20, Asks: 20
[1788896168691] TUI Render Frame -> Synced: true, Seq ID: 1788896162641000000, Bids: 20, Asks: 20
[1788896168741] TUI Render Frame -> Synced: true, Seq ID: 1788896162641000000, Bids: 20, Asks: 20
[1788896168791] TUI Render Frame -> Synced: true, Seq ID: 1788896162641000000, Bids: 20, Asks: 20
[1788896168813] Msg #45: Depth received | Bids: 20, Asks: 20, Timestamp ID: 1788896168043000000
[1788896168814] Reconciler book exists: true
[1788896168814] ui_tx.send status: true, receiver count: 1
[1788896168841] TUI Render Frame -> Synced: true, Seq ID: 1788896168043000000, Bids: 20, Asks: 20
[1788896168891] TUI Render Frame -> Synced: true, Seq ID: 1788896168043000000, Bids: 20, Asks: 20
[1788896168941] TUI Render Frame -> Synced: true, Seq ID: 1788896168043000000, Bids: 20, Asks: 20
[1788896168990] TUI Render Frame -> Synced: true, Seq ID: 1788896168043000000, Bids: 20, Asks: 20
[1788896169041] TUI Render Frame -> Synced: true, Seq ID: 1788896168043000000, Bids: 20, Asks: 20
[1788896169091] TUI Render Frame -> Synced: true, Seq ID: 1788896168043000000, Bids: 20, Asks: 20
[1788896169141] TUI Render Frame -> Synced: true, Seq ID: 1788896168043000000, Bids: 20, Asks: 20
[1788896169190] TUI Render Frame -> Synced: true, Seq ID: 1788896168043000000, Bids: 20, Asks: 20
[1788896169241] TUI Render Frame -> Synced: true, Seq ID: 1788896168043000000, Bids: 20, Asks: 20
[1788896169291] TUI Render Frame -> Synced: true, Seq ID: 1788896168043000000, Bids: 20, Asks: 20
[1788896169340] TUI Render Frame -> Synced: true, Seq ID: 1788896168043000000, Bids: 20, Asks: 20
[1788896169391] TUI Render Frame -> Synced: true, Seq ID: 1788896168043000000, Bids: 20, Asks: 20
[1788896169441] TUI Render Frame -> Synced: true, Seq ID: 1788896168043000000, Bids: 20, Asks: 20
[1788896169491] TUI Render Frame -> Synced: true, Seq ID: 1788896168043000000, Bids: 20, Asks: 20
[1788896169541] TUI Render Frame -> Synced: true, Seq ID: 1788896168043000000, Bids: 20, Asks: 20
[1788896169590] TUI Render Frame -> Synced: true, Seq ID: 1788896168043000000, Bids: 20, Asks: 20
[1788896169641] TUI Render Frame -> Synced: true, Seq ID: 1788896168043000000, Bids: 20, Asks: 20
[1788896169691] TUI Render Frame -> Synced: true, Seq ID: 1788896168043000000, Bids: 20, Asks: 20
[1788896169741] TUI Render Frame -> Synced: true, Seq ID: 1788896168043000000, Bids: 20, Asks: 20
[1788896169791] TUI Render Frame -> Synced: true, Seq ID: 1788896168043000000, Bids: 20, Asks: 20
[1788896169841] TUI Render Frame -> Synced: true, Seq ID: 1788896168043000000, Bids: 20, Asks: 20
[1788896169892] TUI Render Frame -> Synced: true, Seq ID: 1788896168043000000, Bids: 20, Asks: 20
[1788896169941] TUI Render Frame -> Synced: true, Seq ID: 1788896168043000000, Bids: 20, Asks: 20
[1788896169991] TUI Render Frame -> Synced: true, Seq ID: 1788896168043000000, Bids: 20, Asks: 20
[1788896170041] TUI Render Frame -> Synced: true, Seq ID: 1788896168043000000, Bids: 20, Asks: 20
[1788896170091] TUI Render Frame -> Synced: true, Seq ID: 1788896168043000000, Bids: 20, Asks: 20
[1788896170141] TUI Render Frame -> Synced: true, Seq ID: 1788896168043000000, Bids: 20, Asks: 20
[1788896170191] TUI Render Frame -> Synced: true, Seq ID: 1788896168043000000, Bids: 20, Asks: 20
[1788896170241] TUI Render Frame -> Synced: true, Seq ID: 1788896168043000000, Bids: 20, Asks: 20
[1788896170291] TUI Render Frame -> Synced: true, Seq ID: 1788896168043000000, Bids: 20, Asks: 20
[1788896170341] TUI Render Frame -> Synced: true, Seq ID: 1788896168043000000, Bids: 20, Asks: 20
[1788896170390] TUI Render Frame -> Synced: true, Seq ID: 1788896168043000000, Bids: 20, Asks: 20
[1788896170441] TUI Render Frame -> Synced: true, Seq ID: 1788896168043000000, Bids: 20, Asks: 20
[1788896170490] TUI Render Frame -> Synced: true, Seq ID: 1788896168043000000, Bids: 20, Asks: 20
[1788896170541] TUI Render Frame -> Synced: true, Seq ID: 1788896168043000000, Bids: 20, Asks: 20
[1788896170591] TUI Render Frame -> Synced: true, Seq ID: 1788896168043000000, Bids: 20, Asks: 20
[1788896170641] TUI Render Frame -> Synced: true, Seq ID: 1788896168043000000, Bids: 20, Asks: 20
[1788896170691] TUI Render Frame -> Synced: true, Seq ID: 1788896168043000000, Bids: 20, Asks: 20
[1788896170740] TUI Render Frame -> Synced: true, Seq ID: 1788896168043000000, Bids: 20, Asks: 20
[1788896170791] TUI Render Frame -> Synced: true, Seq ID: 1788896168043000000, Bids: 20, Asks: 20
[1788896170841] TUI Render Frame -> Synced: true, Seq ID: 1788896168043000000, Bids: 20, Asks: 20
[1788896170891] TUI Render Frame -> Synced: true, Seq ID: 1788896168043000000, Bids: 20, Asks: 20
[1788896170941] TUI Render Frame -> Synced: true, Seq ID: 1788896168043000000, Bids: 20, Asks: 20
[1788896170991] TUI Render Frame -> Synced: true, Seq ID: 1788896168043000000, Bids: 20, Asks: 20
[1788896171041] TUI Render Frame -> Synced: true, Seq ID: 1788896168043000000, Bids: 20, Asks: 20
[1788896171091] TUI Render Frame -> Synced: true, Seq ID: 1788896168043000000, Bids: 20, Asks: 20
[1788896171141] TUI Render Frame -> Synced: true, Seq ID: 1788896168043000000, Bids: 20, Asks: 20
[1788896171190] TUI Render Frame -> Synced: true, Seq ID: 1788896168043000000, Bids: 20, Asks: 20
[1788896171241] TUI Render Frame -> Synced: true, Seq ID: 1788896168043000000, Bids: 20, Asks: 20
[1788896171291] TUI Render Frame -> Synced: true, Seq ID: 1788896168043000000, Bids: 20, Asks: 20
[1788896171341] TUI Render Frame -> Synced: true, Seq ID: 1788896168043000000, Bids: 20, Asks: 20
[1788896171391] TUI Render Frame -> Synced: true, Seq ID: 1788896168043000000, Bids: 20, Asks: 20
[1788896171441] TUI Render Frame -> Synced: true, Seq ID: 1788896168043000000, Bids: 20, Asks: 20
[1788896171491] TUI Render Frame -> Synced: true, Seq ID: 1788896168043000000, Bids: 20, Asks: 20
[1788896171541] TUI Render Frame -> Synced: true, Seq ID: 1788896168043000000, Bids: 20, Asks: 20
[1788896171591] TUI Render Frame -> Synced: true, Seq ID: 1788896168043000000, Bids: 20, Asks: 20
[1788896171640] TUI Render Frame -> Synced: true, Seq ID: 1788896168043000000, Bids: 20, Asks: 20
[1788896171690] TUI Render Frame -> Synced: true, Seq ID: 1788896168043000000, Bids: 20, Asks: 20
[1788896171740] TUI Render Frame -> Synced: true, Seq ID: 1788896168043000000, Bids: 20, Asks: 20
[1788896171791] TUI Render Frame -> Synced: true, Seq ID: 1788896168043000000, Bids: 20, Asks: 20
[1788896171841] TUI Render Frame -> Synced: true, Seq ID: 1788896168043000000, Bids: 20, Asks: 20
[1788896171891] TUI Render Frame -> Synced: true, Seq ID: 1788896168043000000, Bids: 20, Asks: 20
[1788896171941] TUI Render Frame -> Synced: true, Seq ID: 1788896168043000000, Bids: 20, Asks: 20
[1788896171991] TUI Render Frame -> Synced: true, Seq ID: 1788896168043000000, Bids: 20, Asks: 20
[1788896172041] TUI Render Frame -> Synced: true, Seq ID: 1788896168043000000, Bids: 20, Asks: 20
[1788896172091] TUI Render Frame -> Synced: true, Seq ID: 1788896168043000000, Bids: 20, Asks: 20
[1788896172141] TUI Render Frame -> Synced: true, Seq ID: 1788896168043000000, Bids: 20, Asks: 20
[1788896172191] TUI Render Frame -> Synced: true, Seq ID: 1788896168043000000, Bids: 20, Asks: 20
[1788896172241] TUI Render Frame -> Synced: true, Seq ID: 1788896168043000000, Bids: 20, Asks: 20
[1788896172291] TUI Render Frame -> Synced: true, Seq ID: 1788896168043000000, Bids: 20, Asks: 20
[1788896172341] TUI Render Frame -> Synced: true, Seq ID: 1788896168043000000, Bids: 20, Asks: 20
[1788896172391] TUI Render Frame -> Synced: true, Seq ID: 1788896168043000000, Bids: 20, Asks: 20
[1788896172441] TUI Render Frame -> Synced: true, Seq ID: 1788896168043000000, Bids: 20, Asks: 20
[1788896172491] TUI Render Frame -> Synced: true, Seq ID: 1788896168043000000, Bids: 20, Asks: 20
[1788896172541] TUI Render Frame -> Synced: true, Seq ID: 1788896168043000000, Bids: 20, Asks: 20
[1788896172591] TUI Render Frame -> Synced: true, Seq ID: 1788896168043000000, Bids: 20, Asks: 20
[1788896172641] TUI Render Frame -> Synced: true, Seq ID: 1788896168043000000, Bids: 20, Asks: 20
[1788896172692] TUI Render Frame -> Synced: true, Seq ID: 1788896168043000000, Bids: 20, Asks: 20
[1788896172742] TUI Render Frame -> Synced: true, Seq ID: 1788896168043000000, Bids: 20, Asks: 20
[1788896172790] TUI Render Frame -> Synced: true, Seq ID: 1788896168043000000, Bids: 20, Asks: 20
[1788896172841] TUI Render Frame -> Synced: true, Seq ID: 1788896168043000000, Bids: 20, Asks: 20
[1788896172891] TUI Render Frame -> Synced: true, Seq ID: 1788896168043000000, Bids: 20, Asks: 20
[1788896172941] TUI Render Frame -> Synced: true, Seq ID: 1788896168043000000, Bids: 20, Asks: 20
[1788896172991] TUI Render Frame -> Synced: true, Seq ID: 1788896168043000000, Bids: 20, Asks: 20
[1788896173041] TUI Render Frame -> Synced: true, Seq ID: 1788896168043000000, Bids: 20, Asks: 20
[1788896173091] TUI Render Frame -> Synced: true, Seq ID: 1788896168043000000, Bids: 20, Asks: 20
[1788896173141] TUI Render Frame -> Synced: true, Seq ID: 1788896168043000000, Bids: 20, Asks: 20
[1788896173191] TUI Render Frame -> Synced: true, Seq ID: 1788896168043000000, Bids: 20, Asks: 20
[1788896173240] TUI Render Frame -> Synced: true, Seq ID: 1788896168043000000, Bids: 20, Asks: 20
[1788896173291] TUI Render Frame -> Synced: true, Seq ID: 1788896168043000000, Bids: 20, Asks: 20
[1788896173341] TUI Render Frame -> Synced: true, Seq ID: 1788896168043000000, Bids: 20, Asks: 20
[1788896173391] TUI Render Frame -> Synced: true, Seq ID: 1788896168043000000, Bids: 20, Asks: 20
[1788896173449] TUI Render Frame -> Synced: true, Seq ID: 1788896168043000000, Bids: 20, Asks: 20
[1788896173490] TUI Render Frame -> Synced: true, Seq ID: 1788896168043000000, Bids: 20, Asks: 20
[1788896173541] TUI Render Frame -> Synced: true, Seq ID: 1788896168043000000, Bids: 20, Asks: 20
[1788896173591] TUI Render Frame -> Synced: true, Seq ID: 1788896168043000000, Bids: 20, Asks: 20
[1788896173641] TUI Render Frame -> Synced: true, Seq ID: 1788896168043000000, Bids: 20, Asks: 20
[1788896173690] TUI Render Frame -> Synced: true, Seq ID: 1788896168043000000, Bids: 20, Asks: 20
[1788896173741] TUI Render Frame -> Synced: true, Seq ID: 1788896168043000000, Bids: 20, Asks: 20
[1788896173791] TUI Render Frame -> Synced: true, Seq ID: 1788896168043000000, Bids: 20, Asks: 20
[1788896173823] Msg #46: Depth received | Bids: 20, Asks: 20, Timestamp ID: 1788896173364000000
[1788896173824] Reconciler book exists: true
[1788896173824] ui_tx.send status: true, receiver count: 1
[1788896173841] TUI Render Frame -> Synced: true, Seq ID: 1788896173364000000, Bids: 20, Asks: 20
[1788896173891] TUI Render Frame -> Synced: true, Seq ID: 1788896173364000000, Bids: 20, Asks: 20
[1788896173941] TUI Render Frame -> Synced: true, Seq ID: 1788896173364000000, Bids: 20, Asks: 20
[1788896173991] TUI Render Frame -> Synced: true, Seq ID: 1788896173364000000, Bids: 20, Asks: 20
[1788896174041] TUI Render Frame -> Synced: true, Seq ID: 1788896173364000000, Bids: 20, Asks: 20
[1788896174091] TUI Render Frame -> Synced: true, Seq ID: 1788896173364000000, Bids: 20, Asks: 20
[1788896174141] TUI Render Frame -> Synced: true, Seq ID: 1788896173364000000, Bids: 20, Asks: 20
[1788896174191] TUI Render Frame -> Synced: true, Seq ID: 1788896173364000000, Bids: 20, Asks: 20
[1788896174242] TUI Render Frame -> Synced: true, Seq ID: 1788896173364000000, Bids: 20, Asks: 20
[1788896174291] TUI Render Frame -> Synced: true, Seq ID: 1788896173364000000, Bids: 20, Asks: 20
[1788896174341] TUI Render Frame -> Synced: true, Seq ID: 1788896173364000000, Bids: 20, Asks: 20
[1788896174390] TUI Render Frame -> Synced: true, Seq ID: 1788896173364000000, Bids: 20, Asks: 20
[1788896174441] TUI Render Frame -> Synced: true, Seq ID: 1788896173364000000, Bids: 20, Asks: 20
[1788896174491] TUI Render Frame -> Synced: true, Seq ID: 1788896173364000000, Bids: 20, Asks: 20
[1788896174541] TUI Render Frame -> Synced: true, Seq ID: 1788896173364000000, Bids: 20, Asks: 20
[1788896174591] TUI Render Frame -> Synced: true, Seq ID: 1788896173364000000, Bids: 20, Asks: 20
[1788896174641] TUI Render Frame -> Synced: true, Seq ID: 1788896173364000000, Bids: 20, Asks: 20
[1788896174691] TUI Render Frame -> Synced: true, Seq ID: 1788896173364000000, Bids: 20, Asks: 20
[1788896174740] TUI Render Frame -> Synced: true, Seq ID: 1788896173364000000, Bids: 20, Asks: 20
[1788896174791] TUI Render Frame -> Synced: true, Seq ID: 1788896173364000000, Bids: 20, Asks: 20
[1788896174840] TUI Render Frame -> Synced: true, Seq ID: 1788896173364000000, Bids: 20, Asks: 20
[1788896174891] TUI Render Frame -> Synced: true, Seq ID: 1788896173364000000, Bids: 20, Asks: 20
[1788896174941] TUI Render Frame -> Synced: true, Seq ID: 1788896173364000000, Bids: 20, Asks: 20
[1788896174991] TUI Render Frame -> Synced: true, Seq ID: 1788896173364000000, Bids: 20, Asks: 20
[1788896175041] TUI Render Frame -> Synced: true, Seq ID: 1788896173364000000, Bids: 20, Asks: 20
[1788896175091] TUI Render Frame -> Synced: true, Seq ID: 1788896173364000000, Bids: 20, Asks: 20
[1788896175141] TUI Render Frame -> Synced: true, Seq ID: 1788896173364000000, Bids: 20, Asks: 20
[1788896175191] TUI Render Frame -> Synced: true, Seq ID: 1788896173364000000, Bids: 20, Asks: 20
[1788896175241] TUI Render Frame -> Synced: true, Seq ID: 1788896173364000000, Bids: 20, Asks: 20
[1788896175291] TUI Render Frame -> Synced: true, Seq ID: 1788896173364000000, Bids: 20, Asks: 20
[1788896175341] TUI Render Frame -> Synced: true, Seq ID: 1788896173364000000, Bids: 20, Asks: 20
[1788896175391] TUI Render Frame -> Synced: true, Seq ID: 1788896173364000000, Bids: 20, Asks: 20
[1788896175441] TUI Render Frame -> Synced: true, Seq ID: 1788896173364000000, Bids: 20, Asks: 20
[1788896175491] TUI Render Frame -> Synced: true, Seq ID: 1788896173364000000, Bids: 20, Asks: 20
[1788896175541] TUI Render Frame -> Synced: true, Seq ID: 1788896173364000000, Bids: 20, Asks: 20
[1788896175592] TUI Render Frame -> Synced: true, Seq ID: 1788896173364000000, Bids: 20, Asks: 20
[1788896175641] TUI Render Frame -> Synced: true, Seq ID: 1788896173364000000, Bids: 20, Asks: 20
[1788896175691] TUI Render Frame -> Synced: true, Seq ID: 1788896173364000000, Bids: 20, Asks: 20
[1788896175742] TUI Render Frame -> Synced: true, Seq ID: 1788896173364000000, Bids: 20, Asks: 20
[1788896175791] TUI Render Frame -> Synced: true, Seq ID: 1788896173364000000, Bids: 20, Asks: 20
[1788896175841] TUI Render Frame -> Synced: true, Seq ID: 1788896173364000000, Bids: 20, Asks: 20
[1788896175892] TUI Render Frame -> Synced: true, Seq ID: 1788896173364000000, Bids: 20, Asks: 20
[1788896175940] TUI Render Frame -> Synced: true, Seq ID: 1788896173364000000, Bids: 20, Asks: 20
[1788896175990] TUI Render Frame -> Synced: true, Seq ID: 1788896173364000000, Bids: 20, Asks: 20
[1788896176042] TUI Render Frame -> Synced: true, Seq ID: 1788896173364000000, Bids: 20, Asks: 20
[1788896176091] TUI Render Frame -> Synced: true, Seq ID: 1788896173364000000, Bids: 20, Asks: 20
[1788896176141] TUI Render Frame -> Synced: true, Seq ID: 1788896173364000000, Bids: 20, Asks: 20
[1788896176191] TUI Render Frame -> Synced: true, Seq ID: 1788896173364000000, Bids: 20, Asks: 20
[1788896176241] TUI Render Frame -> Synced: true, Seq ID: 1788896173364000000, Bids: 20, Asks: 20
[1788896176291] TUI Render Frame -> Synced: true, Seq ID: 1788896173364000000, Bids: 20, Asks: 20
[1788896176341] TUI Render Frame -> Synced: true, Seq ID: 1788896173364000000, Bids: 20, Asks: 20
[1788896176391] TUI Render Frame -> Synced: true, Seq ID: 1788896173364000000, Bids: 20, Asks: 20
[1788896176440] TUI Render Frame -> Synced: true, Seq ID: 1788896173364000000, Bids: 20, Asks: 20
[1788896176491] TUI Render Frame -> Synced: true, Seq ID: 1788896173364000000, Bids: 20, Asks: 20
[1788896176541] TUI Render Frame -> Synced: true, Seq ID: 1788896173364000000, Bids: 20, Asks: 20
[1788896176591] TUI Render Frame -> Synced: true, Seq ID: 1788896173364000000, Bids: 20, Asks: 20
[1788896176641] TUI Render Frame -> Synced: true, Seq ID: 1788896173364000000, Bids: 20, Asks: 20
[1788896176691] TUI Render Frame -> Synced: true, Seq ID: 1788896173364000000, Bids: 20, Asks: 20
[1788896176741] TUI Render Frame -> Synced: true, Seq ID: 1788896173364000000, Bids: 20, Asks: 20
[1788896176791] TUI Render Frame -> Synced: true, Seq ID: 1788896173364000000, Bids: 20, Asks: 20
[1788896176841] TUI Render Frame -> Synced: true, Seq ID: 1788896173364000000, Bids: 20, Asks: 20
[1788896176891] TUI Render Frame -> Synced: true, Seq ID: 1788896173364000000, Bids: 20, Asks: 20
[1788896176941] TUI Render Frame -> Synced: true, Seq ID: 1788896173364000000, Bids: 20, Asks: 20
[1788896176991] TUI Render Frame -> Synced: true, Seq ID: 1788896173364000000, Bids: 20, Asks: 20
[1788896177041] TUI Render Frame -> Synced: true, Seq ID: 1788896173364000000, Bids: 20, Asks: 20
[1788896177091] TUI Render Frame -> Synced: true, Seq ID: 1788896173364000000, Bids: 20, Asks: 20
[1788896177141] TUI Render Frame -> Synced: true, Seq ID: 1788896173364000000, Bids: 20, Asks: 20
[1788896177191] TUI Render Frame -> Synced: true, Seq ID: 1788896173364000000, Bids: 20, Asks: 20
[1788896177241] TUI Render Frame -> Synced: true, Seq ID: 1788896173364000000, Bids: 20, Asks: 20
[1788896177291] TUI Render Frame -> Synced: true, Seq ID: 1788896173364000000, Bids: 20, Asks: 20
[1788896177341] TUI Render Frame -> Synced: true, Seq ID: 1788896173364000000, Bids: 20, Asks: 20
[1788896177391] TUI Render Frame -> Synced: true, Seq ID: 1788896173364000000, Bids: 20, Asks: 20
[1788896177441] TUI Render Frame -> Synced: true, Seq ID: 1788896173364000000, Bids: 20, Asks: 20
[1788896177491] TUI Render Frame -> Synced: true, Seq ID: 1788896173364000000, Bids: 20, Asks: 20
[1788896177541] TUI Render Frame -> Synced: true, Seq ID: 1788896173364000000, Bids: 20, Asks: 20
[1788896177590] TUI Render Frame -> Synced: true, Seq ID: 1788896173364000000, Bids: 20, Asks: 20
[1788896177641] TUI Render Frame -> Synced: true, Seq ID: 1788896173364000000, Bids: 20, Asks: 20
[1788896177691] TUI Render Frame -> Synced: true, Seq ID: 1788896173364000000, Bids: 20, Asks: 20
[1788896177741] TUI Render Frame -> Synced: true, Seq ID: 1788896173364000000, Bids: 20, Asks: 20
[1788896177791] TUI Render Frame -> Synced: true, Seq ID: 1788896173364000000, Bids: 20, Asks: 20
[1788896177841] TUI Render Frame -> Synced: true, Seq ID: 1788896173364000000, Bids: 20, Asks: 20
[1788896177891] TUI Render Frame -> Synced: true, Seq ID: 1788896173364000000, Bids: 20, Asks: 20
[1788896177941] TUI Render Frame -> Synced: true, Seq ID: 1788896173364000000, Bids: 20, Asks: 20
[1788896177999] TUI Render Frame -> Synced: true, Seq ID: 1788896173364000000, Bids: 20, Asks: 20
[1788896178040] TUI Render Frame -> Synced: true, Seq ID: 1788896173364000000, Bids: 20, Asks: 20
[1788896178091] TUI Render Frame -> Synced: true, Seq ID: 1788896173364000000, Bids: 20, Asks: 20
[1788896178141] TUI Render Frame -> Synced: true, Seq ID: 1788896173364000000, Bids: 20, Asks: 20
[1788896178191] TUI Render Frame -> Synced: true, Seq ID: 1788896173364000000, Bids: 20, Asks: 20
[1788896178241] TUI Render Frame -> Synced: true, Seq ID: 1788896173364000000, Bids: 20, Asks: 20
[1788896178291] TUI Render Frame -> Synced: true, Seq ID: 1788896173364000000, Bids: 20, Asks: 20
[1788896178342] TUI Render Frame -> Synced: true, Seq ID: 1788896173364000000, Bids: 20, Asks: 20
[1788896178391] TUI Render Frame -> Synced: true, Seq ID: 1788896173364000000, Bids: 20, Asks: 20
[1788896178441] TUI Render Frame -> Synced: true, Seq ID: 1788896173364000000, Bids: 20, Asks: 20
[1788896178491] TUI Render Frame -> Synced: true, Seq ID: 1788896173364000000, Bids: 20, Asks: 20
[1788896178541] TUI Render Frame -> Synced: true, Seq ID: 1788896173364000000, Bids: 20, Asks: 20
[1788896178593] TUI Render Frame -> Synced: true, Seq ID: 1788896173364000000, Bids: 20, Asks: 20
[1788896178641] TUI Render Frame -> Synced: true, Seq ID: 1788896173364000000, Bids: 20, Asks: 20
[1788896178691] TUI Render Frame -> Synced: true, Seq ID: 1788896173364000000, Bids: 20, Asks: 20
[1788896178741] TUI Render Frame -> Synced: true, Seq ID: 1788896173364000000, Bids: 20, Asks: 20
[1788896178791] TUI Render Frame -> Synced: true, Seq ID: 1788896173364000000, Bids: 20, Asks: 20
[1788896178841] TUI Render Frame -> Synced: true, Seq ID: 1788896173364000000, Bids: 20, Asks: 20
[1788896178891] TUI Render Frame -> Synced: true, Seq ID: 1788896173364000000, Bids: 20, Asks: 20
[1788896178941] TUI Render Frame -> Synced: true, Seq ID: 1788896173364000000, Bids: 20, Asks: 20
[1788896178991] TUI Render Frame -> Synced: true, Seq ID: 1788896173364000000, Bids: 20, Asks: 20
[1788896179042] TUI Render Frame -> Synced: true, Seq ID: 1788896173364000000, Bids: 20, Asks: 20
[1788896179091] TUI Render Frame -> Synced: true, Seq ID: 1788896173364000000, Bids: 20, Asks: 20
[1788896179141] TUI Render Frame -> Synced: true, Seq ID: 1788896173364000000, Bids: 20, Asks: 20
[1788896179144] Msg #47: Depth received | Bids: 20, Asks: 20, Timestamp ID: 1788896178737000000
[1788896179145] Reconciler book exists: true
[1788896179145] ui_tx.send status: true, receiver count: 1
[1788896179190] TUI Render Frame -> Synced: true, Seq ID: 1788896178737000000, Bids: 20, Asks: 20
[1788896179241] TUI Render Frame -> Synced: true, Seq ID: 1788896178737000000, Bids: 20, Asks: 20
[1788896179291] TUI Render Frame -> Synced: true, Seq ID: 1788896178737000000, Bids: 20, Asks: 20
[1788896179341] TUI Render Frame -> Synced: true, Seq ID: 1788896178737000000, Bids: 20, Asks: 20
[1788896179391] TUI Render Frame -> Synced: true, Seq ID: 1788896178737000000, Bids: 20, Asks: 20
[1788896179441] TUI Render Frame -> Synced: true, Seq ID: 1788896178737000000, Bids: 20, Asks: 20
[1788896179495] TUI Render Frame -> Synced: true, Seq ID: 1788896178737000000, Bids: 20, Asks: 20
[1788896179540] TUI Render Frame -> Synced: true, Seq ID: 1788896178737000000, Bids: 20, Asks: 20
[1788896179591] TUI Render Frame -> Synced: true, Seq ID: 1788896178737000000, Bids: 20, Asks: 20
[1788896179640] TUI Render Frame -> Synced: true, Seq ID: 1788896178737000000, Bids: 20, Asks: 20
[1788896179692] TUI Render Frame -> Synced: true, Seq ID: 1788896178737000000, Bids: 20, Asks: 20
[1788896179741] TUI Render Frame -> Synced: true, Seq ID: 1788896178737000000, Bids: 20, Asks: 20
[1788896179791] TUI Render Frame -> Synced: true, Seq ID: 1788896178737000000, Bids: 20, Asks: 20
[1788896179841] TUI Render Frame -> Synced: true, Seq ID: 1788896178737000000, Bids: 20, Asks: 20
[1788896179891] TUI Render Frame -> Synced: true, Seq ID: 1788896178737000000, Bids: 20, Asks: 20
[1788896179941] TUI Render Frame -> Synced: true, Seq ID: 1788896178737000000, Bids: 20, Asks: 20
[1788896179991] TUI Render Frame -> Synced: true, Seq ID: 1788896178737000000, Bids: 20, Asks: 20
[1788896180041] TUI Render Frame -> Synced: true, Seq ID: 1788896178737000000, Bids: 20, Asks: 20
[1788896180091] TUI Render Frame -> Synced: true, Seq ID: 1788896178737000000, Bids: 20, Asks: 20
[1788896180142] TUI Render Frame -> Synced: true, Seq ID: 1788896178737000000, Bids: 20, Asks: 20
[1788896180191] TUI Render Frame -> Synced: true, Seq ID: 1788896178737000000, Bids: 20, Asks: 20
[1788896180241] TUI Render Frame -> Synced: true, Seq ID: 1788896178737000000, Bids: 20, Asks: 20
[1788896180291] TUI Render Frame -> Synced: true, Seq ID: 1788896178737000000, Bids: 20, Asks: 20
[1788896180342] TUI Render Frame -> Synced: true, Seq ID: 1788896178737000000, Bids: 20, Asks: 20
[1788896180391] TUI Render Frame -> Synced: true, Seq ID: 1788896178737000000, Bids: 20, Asks: 20
[1788896180441] TUI Render Frame -> Synced: true, Seq ID: 1788896178737000000, Bids: 20, Asks: 20
[1788896180492] TUI Render Frame -> Synced: true, Seq ID: 1788896178737000000, Bids: 20, Asks: 20
[1788896180540] TUI Render Frame -> Synced: true, Seq ID: 1788896178737000000, Bids: 20, Asks: 20
[1788896180591] TUI Render Frame -> Synced: true, Seq ID: 1788896178737000000, Bids: 20, Asks: 20
[1788896180641] TUI Render Frame -> Synced: true, Seq ID: 1788896178737000000, Bids: 20, Asks: 20
[1788896180691] TUI Render Frame -> Synced: true, Seq ID: 1788896178737000000, Bids: 20, Asks: 20
[1788896180741] TUI Render Frame -> Synced: true, Seq ID: 1788896178737000000, Bids: 20, Asks: 20
[1788896180790] TUI Render Frame -> Synced: true, Seq ID: 1788896178737000000, Bids: 20, Asks: 20
[1788896180842] TUI Render Frame -> Synced: true, Seq ID: 1788896178737000000, Bids: 20, Asks: 20
[1788896180891] TUI Render Frame -> Synced: true, Seq ID: 1788896178737000000, Bids: 20, Asks: 20
[1788896180941] TUI Render Frame -> Synced: true, Seq ID: 1788896178737000000, Bids: 20, Asks: 20
[1788896180991] TUI Render Frame -> Synced: true, Seq ID: 1788896178737000000, Bids: 20, Asks: 20
[1788896181041] TUI Render Frame -> Synced: true, Seq ID: 1788896178737000000, Bids: 20, Asks: 20
[1788896181092] TUI Render Frame -> Synced: true, Seq ID: 1788896178737000000, Bids: 20, Asks: 20
[1788896181141] TUI Render Frame -> Synced: true, Seq ID: 1788896178737000000, Bids: 20, Asks: 20
[1788896181191] TUI Render Frame -> Synced: true, Seq ID: 1788896178737000000, Bids: 20, Asks: 20
[1788896181241] TUI Render Frame -> Synced: true, Seq ID: 1788896178737000000, Bids: 20, Asks: 20
[1788896181291] TUI Render Frame -> Synced: true, Seq ID: 1788896178737000000, Bids: 20, Asks: 20
[1788896181341] TUI Render Frame -> Synced: true, Seq ID: 1788896178737000000, Bids: 20, Asks: 20
[1788896181391] TUI Render Frame -> Synced: true, Seq ID: 1788896178737000000, Bids: 20, Asks: 20
[1788896181441] TUI Render Frame -> Synced: true, Seq ID: 1788896178737000000, Bids: 20, Asks: 20
[1788896181491] TUI Render Frame -> Synced: true, Seq ID: 1788896178737000000, Bids: 20, Asks: 20
[1788896181541] TUI Render Frame -> Synced: true, Seq ID: 1788896178737000000, Bids: 20, Asks: 20
[1788896181591] TUI Render Frame -> Synced: true, Seq ID: 1788896178737000000, Bids: 20, Asks: 20
[1788896181641] TUI Render Frame -> Synced: true, Seq ID: 1788896178737000000, Bids: 20, Asks: 20
[1788896181690] TUI Render Frame -> Synced: true, Seq ID: 1788896178737000000, Bids: 20, Asks: 20
[1788896181741] TUI Render Frame -> Synced: true, Seq ID: 1788896178737000000, Bids: 20, Asks: 20
[1788896181791] TUI Render Frame -> Synced: true, Seq ID: 1788896178737000000, Bids: 20, Asks: 20
[1788896181841] TUI Render Frame -> Synced: true, Seq ID: 1788896178737000000, Bids: 20, Asks: 20
[1788896181891] TUI Render Frame -> Synced: true, Seq ID: 1788896178737000000, Bids: 20, Asks: 20
[1788896181941] TUI Render Frame -> Synced: true, Seq ID: 1788896178737000000, Bids: 20, Asks: 20
[1788896181991] TUI Render Frame -> Synced: true, Seq ID: 1788896178737000000, Bids: 20, Asks: 20
[1788896182041] TUI Render Frame -> Synced: true, Seq ID: 1788896178737000000, Bids: 20, Asks: 20
[1788896182091] TUI Render Frame -> Synced: true, Seq ID: 1788896178737000000, Bids: 20, Asks: 20
[1788896182141] TUI Render Frame -> Synced: true, Seq ID: 1788896178737000000, Bids: 20, Asks: 20
[1788896182191] TUI Render Frame -> Synced: true, Seq ID: 1788896178737000000, Bids: 20, Asks: 20
[1788896182241] TUI Render Frame -> Synced: true, Seq ID: 1788896178737000000, Bids: 20, Asks: 20
[1788896182291] TUI Render Frame -> Synced: true, Seq ID: 1788896178737000000, Bids: 20, Asks: 20
[1788896182341] TUI Render Frame -> Synced: true, Seq ID: 1788896178737000000, Bids: 20, Asks: 20
[1788896182391] TUI Render Frame -> Synced: true, Seq ID: 1788896178737000000, Bids: 20, Asks: 20
[1788896182442] TUI Render Frame -> Synced: true, Seq ID: 1788896178737000000, Bids: 20, Asks: 20
[1788896182491] TUI Render Frame -> Synced: true, Seq ID: 1788896178737000000, Bids: 20, Asks: 20
[1788896182541] TUI Render Frame -> Synced: true, Seq ID: 1788896178737000000, Bids: 20, Asks: 20
[1788896182591] TUI Render Frame -> Synced: true, Seq ID: 1788896178737000000, Bids: 20, Asks: 20
[1788896182641] TUI Render Frame -> Synced: true, Seq ID: 1788896178737000000, Bids: 20, Asks: 20
[1788896182691] TUI Render Frame -> Synced: true, Seq ID: 1788896178737000000, Bids: 20, Asks: 20
[1788896182741] TUI Render Frame -> Synced: true, Seq ID: 1788896178737000000, Bids: 20, Asks: 20
[1788896182791] TUI Render Frame -> Synced: true, Seq ID: 1788896178737000000, Bids: 20, Asks: 20
[1788896182840] TUI Render Frame -> Synced: true, Seq ID: 1788896178737000000, Bids: 20, Asks: 20
[1788896182891] TUI Render Frame -> Synced: true, Seq ID: 1788896178737000000, Bids: 20, Asks: 20
[1788896182942] TUI Render Frame -> Synced: true, Seq ID: 1788896178737000000, Bids: 20, Asks: 20
[1788896182992] TUI Render Frame -> Synced: true, Seq ID: 1788896178737000000, Bids: 20, Asks: 20
[1788896183041] TUI Render Frame -> Synced: true, Seq ID: 1788896178737000000, Bids: 20, Asks: 20
[1788896183091] TUI Render Frame -> Synced: true, Seq ID: 1788896178737000000, Bids: 20, Asks: 20
[1788896183141] TUI Render Frame -> Synced: true, Seq ID: 1788896178737000000, Bids: 20, Asks: 20
[1788896183192] TUI Render Frame -> Synced: true, Seq ID: 1788896178737000000, Bids: 20, Asks: 20
[1788896183241] TUI Render Frame -> Synced: true, Seq ID: 1788896178737000000, Bids: 20, Asks: 20
[1788896183291] TUI Render Frame -> Synced: true, Seq ID: 1788896178737000000, Bids: 20, Asks: 20
[1788896183341] TUI Render Frame -> Synced: true, Seq ID: 1788896178737000000, Bids: 20, Asks: 20
[1788896183391] TUI Render Frame -> Synced: true, Seq ID: 1788896178737000000, Bids: 20, Asks: 20
[1788896183441] TUI Render Frame -> Synced: true, Seq ID: 1788896178737000000, Bids: 20, Asks: 20
[1788896183491] TUI Render Frame -> Synced: true, Seq ID: 1788896178737000000, Bids: 20, Asks: 20
[1788896183541] TUI Render Frame -> Synced: true, Seq ID: 1788896178737000000, Bids: 20, Asks: 20
[1788896183591] TUI Render Frame -> Synced: true, Seq ID: 1788896178737000000, Bids: 20, Asks: 20
[1788896183641] TUI Render Frame -> Synced: true, Seq ID: 1788896178737000000, Bids: 20, Asks: 20
[1788896183691] TUI Render Frame -> Synced: true, Seq ID: 1788896178737000000, Bids: 20, Asks: 20
[1788896183741] TUI Render Frame -> Synced: true, Seq ID: 1788896178737000000, Bids: 20, Asks: 20
[1788896183792] TUI Render Frame -> Synced: true, Seq ID: 1788896178737000000, Bids: 20, Asks: 20
[1788896183841] TUI Render Frame -> Synced: true, Seq ID: 1788896178737000000, Bids: 20, Asks: 20
[1788896183891] TUI Render Frame -> Synced: true, Seq ID: 1788896178737000000, Bids: 20, Asks: 20
[1788896183941] TUI Render Frame -> Synced: true, Seq ID: 1788896178737000000, Bids: 20, Asks: 20
[1788896183990] TUI Render Frame -> Synced: true, Seq ID: 1788896178737000000, Bids: 20, Asks: 20
[1788896184041] TUI Render Frame -> Synced: true, Seq ID: 1788896178737000000, Bids: 20, Asks: 20
[1788896184092] TUI Render Frame -> Synced: true, Seq ID: 1788896178737000000, Bids: 20, Asks: 20
[1788896184142] TUI Render Frame -> Synced: true, Seq ID: 1788896178737000000, Bids: 20, Asks: 20
[1788896184191] TUI Render Frame -> Synced: true, Seq ID: 1788896178737000000, Bids: 20, Asks: 20
[1788896184241] TUI Render Frame -> Synced: true, Seq ID: 1788896178737000000, Bids: 20, Asks: 20
[1788896184292] TUI Render Frame -> Synced: true, Seq ID: 1788896178737000000, Bids: 20, Asks: 20
[1788896184341] TUI Render Frame -> Synced: true, Seq ID: 1788896178737000000, Bids: 20, Asks: 20
[1788896184391] TUI Render Frame -> Synced: true, Seq ID: 1788896178737000000, Bids: 20, Asks: 20
[1788896184440] TUI Render Frame -> Synced: true, Seq ID: 1788896178737000000, Bids: 20, Asks: 20
[1788896184476] Msg #48: Depth received | Bids: 20, Asks: 20, Timestamp ID: 1788896184097000000
[1788896184477] Reconciler book exists: true
[1788896184477] ui_tx.send status: true, receiver count: 1
[1788896184491] TUI Render Frame -> Synced: true, Seq ID: 1788896184097000000, Bids: 20, Asks: 20
[1788896184541] TUI Render Frame -> Synced: true, Seq ID: 1788896184097000000, Bids: 20, Asks: 20
[1788896184591] TUI Render Frame -> Synced: true, Seq ID: 1788896184097000000, Bids: 20, Asks: 20
[1788896184641] TUI Render Frame -> Synced: true, Seq ID: 1788896184097000000, Bids: 20, Asks: 20
[1788896184691] TUI Render Frame -> Synced: true, Seq ID: 1788896184097000000, Bids: 20, Asks: 20
[1788896184741] TUI Render Frame -> Synced: true, Seq ID: 1788896184097000000, Bids: 20, Asks: 20
[1788896184791] TUI Render Frame -> Synced: true, Seq ID: 1788896184097000000, Bids: 20, Asks: 20
[1788896184842] TUI Render Frame -> Synced: true, Seq ID: 1788896184097000000, Bids: 20, Asks: 20
[1788896184890] TUI Render Frame -> Synced: true, Seq ID: 1788896184097000000, Bids: 20, Asks: 20
[1788896184941] TUI Render Frame -> Synced: true, Seq ID: 1788896184097000000, Bids: 20, Asks: 20
[1788896184991] TUI Render Frame -> Synced: true, Seq ID: 1788896184097000000, Bids: 20, Asks: 20
[1788896185041] TUI Render Frame -> Synced: true, Seq ID: 1788896184097000000, Bids: 20, Asks: 20
[1788896185091] TUI Render Frame -> Synced: true, Seq ID: 1788896184097000000, Bids: 20, Asks: 20
[1788896185141] TUI Render Frame -> Synced: true, Seq ID: 1788896184097000000, Bids: 20, Asks: 20
[1788896185192] TUI Render Frame -> Synced: true, Seq ID: 1788896184097000000, Bids: 20, Asks: 20
[1788896185241] TUI Render Frame -> Synced: true, Seq ID: 1788896184097000000, Bids: 20, Asks: 20
[1788896185292] TUI Render Frame -> Synced: true, Seq ID: 1788896184097000000, Bids: 20, Asks: 20
[1788896185341] TUI Render Frame -> Synced: true, Seq ID: 1788896184097000000, Bids: 20, Asks: 20
[1788896185392] TUI Render Frame -> Synced: true, Seq ID: 1788896184097000000, Bids: 20, Asks: 20
[1788896185441] TUI Render Frame -> Synced: true, Seq ID: 1788896184097000000, Bids: 20, Asks: 20
[1788896185491] TUI Render Frame -> Synced: true, Seq ID: 1788896184097000000, Bids: 20, Asks: 20
[1788896185541] TUI Render Frame -> Synced: true, Seq ID: 1788896184097000000, Bids: 20, Asks: 20
[1788896185590] TUI Render Frame -> Synced: true, Seq ID: 1788896184097000000, Bids: 20, Asks: 20
[1788896185640] TUI Render Frame -> Synced: true, Seq ID: 1788896184097000000, Bids: 20, Asks: 20
[1788896185691] TUI Render Frame -> Synced: true, Seq ID: 1788896184097000000, Bids: 20, Asks: 20
[1788896185742] TUI Render Frame -> Synced: true, Seq ID: 1788896184097000000, Bids: 20, Asks: 20
[1788896185791] TUI Render Frame -> Synced: true, Seq ID: 1788896184097000000, Bids: 20, Asks: 20
[1788896185841] TUI Render Frame -> Synced: true, Seq ID: 1788896184097000000, Bids: 20, Asks: 20
[1788896185891] TUI Render Frame -> Synced: true, Seq ID: 1788896184097000000, Bids: 20, Asks: 20
[1788896185941] TUI Render Frame -> Synced: true, Seq ID: 1788896184097000000, Bids: 20, Asks: 20
[1788896185997] TUI Render Frame -> Synced: true, Seq ID: 1788896184097000000, Bids: 20, Asks: 20
[1788896186041] TUI Render Frame -> Synced: true, Seq ID: 1788896184097000000, Bids: 20, Asks: 20
[1788896186091] TUI Render Frame -> Synced: true, Seq ID: 1788896184097000000, Bids: 20, Asks: 20
[1788896186141] TUI Render Frame -> Synced: true, Seq ID: 1788896184097000000, Bids: 20, Asks: 20
[1788896186191] TUI Render Frame -> Synced: true, Seq ID: 1788896184097000000, Bids: 20, Asks: 20
[1788896186241] TUI Render Frame -> Synced: true, Seq ID: 1788896184097000000, Bids: 20, Asks: 20
[1788896186291] TUI Render Frame -> Synced: true, Seq ID: 1788896184097000000, Bids: 20, Asks: 20
[1788896186342] TUI Render Frame -> Synced: true, Seq ID: 1788896184097000000, Bids: 20, Asks: 20
[1788896186391] TUI Render Frame -> Synced: true, Seq ID: 1788896184097000000, Bids: 20, Asks: 20
[1788896186441] TUI Render Frame -> Synced: true, Seq ID: 1788896184097000000, Bids: 20, Asks: 20
[1788896186491] TUI Render Frame -> Synced: true, Seq ID: 1788896184097000000, Bids: 20, Asks: 20
[1788896186541] TUI Render Frame -> Synced: true, Seq ID: 1788896184097000000, Bids: 20, Asks: 20
[1788896186591] TUI Render Frame -> Synced: true, Seq ID: 1788896184097000000, Bids: 20, Asks: 20
[1788896186641] TUI Render Frame -> Synced: true, Seq ID: 1788896184097000000, Bids: 20, Asks: 20
[1788896186691] TUI Render Frame -> Synced: true, Seq ID: 1788896184097000000, Bids: 20, Asks: 20
[1788896186742] TUI Render Frame -> Synced: true, Seq ID: 1788896184097000000, Bids: 20, Asks: 20
[1788896186791] TUI Render Frame -> Synced: true, Seq ID: 1788896184097000000, Bids: 20, Asks: 20
[1788896186841] TUI Render Frame -> Synced: true, Seq ID: 1788896184097000000, Bids: 20, Asks: 20
[1788896186891] TUI Render Frame -> Synced: true, Seq ID: 1788896184097000000, Bids: 20, Asks: 20
[1788896186941] TUI Render Frame -> Synced: true, Seq ID: 1788896184097000000, Bids: 20, Asks: 20
[1788896186991] TUI Render Frame -> Synced: true, Seq ID: 1788896184097000000, Bids: 20, Asks: 20
[1788896187041] TUI Render Frame -> Synced: true, Seq ID: 1788896184097000000, Bids: 20, Asks: 20
[1788896187090] TUI Render Frame -> Synced: true, Seq ID: 1788896184097000000, Bids: 20, Asks: 20
[1788896187141] TUI Render Frame -> Synced: true, Seq ID: 1788896184097000000, Bids: 20, Asks: 20
[1788896187190] TUI Render Frame -> Synced: true, Seq ID: 1788896184097000000, Bids: 20, Asks: 20
[1788896187241] TUI Render Frame -> Synced: true, Seq ID: 1788896184097000000, Bids: 20, Asks: 20
[1788896187292] TUI Render Frame -> Synced: true, Seq ID: 1788896184097000000, Bids: 20, Asks: 20
[1788896187341] TUI Render Frame -> Synced: true, Seq ID: 1788896184097000000, Bids: 20, Asks: 20
[1788896187392] TUI Render Frame -> Synced: true, Seq ID: 1788896184097000000, Bids: 20, Asks: 20
[1788896187441] TUI Render Frame -> Synced: true, Seq ID: 1788896184097000000, Bids: 20, Asks: 20
[1788896187491] TUI Render Frame -> Synced: true, Seq ID: 1788896184097000000, Bids: 20, Asks: 20
[1788896187541] TUI Render Frame -> Synced: true, Seq ID: 1788896184097000000, Bids: 20, Asks: 20
[1788896187591] TUI Render Frame -> Synced: true, Seq ID: 1788896184097000000, Bids: 20, Asks: 20
[1788896187640] TUI Render Frame -> Synced: true, Seq ID: 1788896184097000000, Bids: 20, Asks: 20
[1788896187692] TUI Render Frame -> Synced: true, Seq ID: 1788896184097000000, Bids: 20, Asks: 20
[1788896187741] TUI Render Frame -> Synced: true, Seq ID: 1788896184097000000, Bids: 20, Asks: 20
[1788896187791] TUI Render Frame -> Synced: true, Seq ID: 1788896184097000000, Bids: 20, Asks: 20
[1788896187841] TUI Render Frame -> Synced: true, Seq ID: 1788896184097000000, Bids: 20, Asks: 20
[1788896187891] TUI Render Frame -> Synced: true, Seq ID: 1788896184097000000, Bids: 20, Asks: 20
[1788896187941] TUI Render Frame -> Synced: true, Seq ID: 1788896184097000000, Bids: 20, Asks: 20
[1788896187992] TUI Render Frame -> Synced: true, Seq ID: 1788896184097000000, Bids: 20, Asks: 20
[1788896188041] TUI Render Frame -> Synced: true, Seq ID: 1788896184097000000, Bids: 20, Asks: 20
[1788896188091] TUI Render Frame -> Synced: true, Seq ID: 1788896184097000000, Bids: 20, Asks: 20
[1788896188142] TUI Render Frame -> Synced: true, Seq ID: 1788896184097000000, Bids: 20, Asks: 20
[1788896188191] TUI Render Frame -> Synced: true, Seq ID: 1788896184097000000, Bids: 20, Asks: 20
[1788896188241] TUI Render Frame -> Synced: true, Seq ID: 1788896184097000000, Bids: 20, Asks: 20
[1788896188291] TUI Render Frame -> Synced: true, Seq ID: 1788896184097000000, Bids: 20, Asks: 20
[1788896188341] TUI Render Frame -> Synced: true, Seq ID: 1788896184097000000, Bids: 20, Asks: 20
[1788896188391] TUI Render Frame -> Synced: true, Seq ID: 1788896184097000000, Bids: 20, Asks: 20
[1788896188441] TUI Render Frame -> Synced: true, Seq ID: 1788896184097000000, Bids: 20, Asks: 20
[1788896188491] TUI Render Frame -> Synced: true, Seq ID: 1788896184097000000, Bids: 20, Asks: 20
[1788896188541] TUI Render Frame -> Synced: true, Seq ID: 1788896184097000000, Bids: 20, Asks: 20
[1788896188592] TUI Render Frame -> Synced: true, Seq ID: 1788896184097000000, Bids: 20, Asks: 20
[1788896188641] TUI Render Frame -> Synced: true, Seq ID: 1788896184097000000, Bids: 20, Asks: 20
[1788896188692] TUI Render Frame -> Synced: true, Seq ID: 1788896184097000000, Bids: 20, Asks: 20
[1788896188741] TUI Render Frame -> Synced: true, Seq ID: 1788896184097000000, Bids: 20, Asks: 20
[1788896188790] TUI Render Frame -> Synced: true, Seq ID: 1788896184097000000, Bids: 20, Asks: 20
[1788896188842] TUI Render Frame -> Synced: true, Seq ID: 1788896184097000000, Bids: 20, Asks: 20
[1788896188891] TUI Render Frame -> Synced: true, Seq ID: 1788896184097000000, Bids: 20, Asks: 20
[1788896188941] TUI Render Frame -> Synced: true, Seq ID: 1788896184097000000, Bids: 20, Asks: 20
[1788896188991] TUI Render Frame -> Synced: true, Seq ID: 1788896184097000000, Bids: 20, Asks: 20
[1788896189041] TUI Render Frame -> Synced: true, Seq ID: 1788896184097000000, Bids: 20, Asks: 20
[1788896189091] TUI Render Frame -> Synced: true, Seq ID: 1788896184097000000, Bids: 20, Asks: 20
[1788896189142] TUI Render Frame -> Synced: true, Seq ID: 1788896184097000000, Bids: 20, Asks: 20
[1788896189191] TUI Render Frame -> Synced: true, Seq ID: 1788896184097000000, Bids: 20, Asks: 20
[1788896189241] TUI Render Frame -> Synced: true, Seq ID: 1788896184097000000, Bids: 20, Asks: 20
[1788896189291] TUI Render Frame -> Synced: true, Seq ID: 1788896184097000000, Bids: 20, Asks: 20
[1788896189341] TUI Render Frame -> Synced: true, Seq ID: 1788896184097000000, Bids: 20, Asks: 20
[1788896189392] TUI Render Frame -> Synced: true, Seq ID: 1788896184097000000, Bids: 20, Asks: 20
[1788896189442] TUI Render Frame -> Synced: true, Seq ID: 1788896184097000000, Bids: 20, Asks: 20
[1788896189491] TUI Render Frame -> Synced: true, Seq ID: 1788896184097000000, Bids: 20, Asks: 20
[1788896189542] TUI Render Frame -> Synced: true, Seq ID: 1788896184097000000, Bids: 20, Asks: 20
[1788896189592] TUI Render Frame -> Synced: true, Seq ID: 1788896184097000000, Bids: 20, Asks: 20
[1788896189642] TUI Render Frame -> Synced: true, Seq ID: 1788896184097000000, Bids: 20, Asks: 20
[1788896189654] Msg #49: Depth received | Bids: 20, Asks: 20, Timestamp ID: 1788896189262000000
[1788896189655] Reconciler book exists: true
[1788896189655] ui_tx.send status: true, receiver count: 1
[1788896189691] TUI Render Frame -> Synced: true, Seq ID: 1788896189262000000, Bids: 20, Asks: 20
[1788896189741] TUI Render Frame -> Synced: true, Seq ID: 1788896189262000000, Bids: 20, Asks: 20
[1788896189791] TUI Render Frame -> Synced: true, Seq ID: 1788896189262000000, Bids: 20, Asks: 20
[1788896189842] TUI Render Frame -> Synced: true, Seq ID: 1788896189262000000, Bids: 20, Asks: 20
[1788896189891] TUI Render Frame -> Synced: true, Seq ID: 1788896189262000000, Bids: 20, Asks: 20
[1788896189941] TUI Render Frame -> Synced: true, Seq ID: 1788896189262000000, Bids: 20, Asks: 20
[1788896189991] TUI Render Frame -> Synced: true, Seq ID: 1788896189262000000, Bids: 20, Asks: 20
[1788896190041] TUI Render Frame -> Synced: true, Seq ID: 1788896189262000000, Bids: 20, Asks: 20
[1788896190091] TUI Render Frame -> Synced: true, Seq ID: 1788896189262000000, Bids: 20, Asks: 20
[1788896190141] TUI Render Frame -> Synced: true, Seq ID: 1788896189262000000, Bids: 20, Asks: 20
[1788896190192] TUI Render Frame -> Synced: true, Seq ID: 1788896189262000000, Bids: 20, Asks: 20
[1788896190241] TUI Render Frame -> Synced: true, Seq ID: 1788896189262000000, Bids: 20, Asks: 20
[1788896190291] TUI Render Frame -> Synced: true, Seq ID: 1788896189262000000, Bids: 20, Asks: 20
[1788896190342] TUI Render Frame -> Synced: true, Seq ID: 1788896189262000000, Bids: 20, Asks: 20
[1788896190391] TUI Render Frame -> Synced: true, Seq ID: 1788896189262000000, Bids: 20, Asks: 20
[1788896190441] TUI Render Frame -> Synced: true, Seq ID: 1788896189262000000, Bids: 20, Asks: 20
[1788896190492] TUI Render Frame -> Synced: true, Seq ID: 1788896189262000000, Bids: 20, Asks: 20
[1788896190541] TUI Render Frame -> Synced: true, Seq ID: 1788896189262000000, Bids: 20, Asks: 20
[1788896190593] TUI Render Frame -> Synced: true, Seq ID: 1788896189262000000, Bids: 20, Asks: 20
[1788896190641] TUI Render Frame -> Synced: true, Seq ID: 1788896189262000000, Bids: 20, Asks: 20
[1788896190693] TUI Render Frame -> Synced: true, Seq ID: 1788896189262000000, Bids: 20, Asks: 20
[1788896190741] TUI Render Frame -> Synced: true, Seq ID: 1788896189262000000, Bids: 20, Asks: 20
[1788896190791] TUI Render Frame -> Synced: true, Seq ID: 1788896189262000000, Bids: 20, Asks: 20
[1788896190841] TUI Render Frame -> Synced: true, Seq ID: 1788896189262000000, Bids: 20, Asks: 20
[1788896190891] TUI Render Frame -> Synced: true, Seq ID: 1788896189262000000, Bids: 20, Asks: 20
[1788896190941] TUI Render Frame -> Synced: true, Seq ID: 1788896189262000000, Bids: 20, Asks: 20
[1788896190991] TUI Render Frame -> Synced: true, Seq ID: 1788896189262000000, Bids: 20, Asks: 20
[1788896191041] TUI Render Frame -> Synced: true, Seq ID: 1788896189262000000, Bids: 20, Asks: 20
[1788896191091] TUI Render Frame -> Synced: true, Seq ID: 1788896189262000000, Bids: 20, Asks: 20
[1788896191141] TUI Render Frame -> Synced: true, Seq ID: 1788896189262000000, Bids: 20, Asks: 20
[1788896191191] TUI Render Frame -> Synced: true, Seq ID: 1788896189262000000, Bids: 20, Asks: 20
[1788896191242] TUI Render Frame -> Synced: true, Seq ID: 1788896189262000000, Bids: 20, Asks: 20
[1788896191291] TUI Render Frame -> Synced: true, Seq ID: 1788896189262000000, Bids: 20, Asks: 20
[1788896191342] TUI Render Frame -> Synced: true, Seq ID: 1788896189262000000, Bids: 20, Asks: 20
[1788896191392] TUI Render Frame -> Synced: true, Seq ID: 1788896189262000000, Bids: 20, Asks: 20
[1788896191442] TUI Render Frame -> Synced: true, Seq ID: 1788896189262000000, Bids: 20, Asks: 20
[1788896191492] TUI Render Frame -> Synced: true, Seq ID: 1788896189262000000, Bids: 20, Asks: 20
[1788896191541] TUI Render Frame -> Synced: true, Seq ID: 1788896189262000000, Bids: 20, Asks: 20
[1788896191594] TUI Render Frame -> Synced: true, Seq ID: 1788896189262000000, Bids: 20, Asks: 20
[1788896191641] TUI Render Frame -> Synced: true, Seq ID: 1788896189262000000, Bids: 20, Asks: 20
[1788896191691] TUI Render Frame -> Synced: true, Seq ID: 1788896189262000000, Bids: 20, Asks: 20
[1788896191741] TUI Render Frame -> Synced: true, Seq ID: 1788896189262000000, Bids: 20, Asks: 20
[1788896191791] TUI Render Frame -> Synced: true, Seq ID: 1788896189262000000, Bids: 20, Asks: 20
[1788896191842] TUI Render Frame -> Synced: true, Seq ID: 1788896189262000000, Bids: 20, Asks: 20
[1788896191892] TUI Render Frame -> Synced: true, Seq ID: 1788896189262000000, Bids: 20, Asks: 20
[1788896191942] TUI Render Frame -> Synced: true, Seq ID: 1788896189262000000, Bids: 20, Asks: 20
[1788896191990] TUI Render Frame -> Synced: true, Seq ID: 1788896189262000000, Bids: 20, Asks: 20
[1788896192041] TUI Render Frame -> Synced: true, Seq ID: 1788896189262000000, Bids: 20, Asks: 20
[1788896192091] TUI Render Frame -> Synced: true, Seq ID: 1788896189262000000, Bids: 20, Asks: 20
[1788896192141] TUI Render Frame -> Synced: true, Seq ID: 1788896189262000000, Bids: 20, Asks: 20
[1788896192191] TUI Render Frame -> Synced: true, Seq ID: 1788896189262000000, Bids: 20, Asks: 20
[1788896192241] TUI Render Frame -> Synced: true, Seq ID: 1788896189262000000, Bids: 20, Asks: 20
[1788896192291] TUI Render Frame -> Synced: true, Seq ID: 1788896189262000000, Bids: 20, Asks: 20
[1788896192341] TUI Render Frame -> Synced: true, Seq ID: 1788896189262000000, Bids: 20, Asks: 20
[1788896192391] TUI Render Frame -> Synced: true, Seq ID: 1788896189262000000, Bids: 20, Asks: 20
[1788896192441] TUI Render Frame -> Synced: true, Seq ID: 1788896189262000000, Bids: 20, Asks: 20
[1788896192491] TUI Render Frame -> Synced: true, Seq ID: 1788896189262000000, Bids: 20, Asks: 20
[1788896192542] TUI Render Frame -> Synced: true, Seq ID: 1788896189262000000, Bids: 20, Asks: 20
[1788896192591] TUI Render Frame -> Synced: true, Seq ID: 1788896189262000000, Bids: 20, Asks: 20
[1788896192642] TUI Render Frame -> Synced: true, Seq ID: 1788896189262000000, Bids: 20, Asks: 20
[1788896192700] TUI Render Frame -> Synced: true, Seq ID: 1788896189262000000, Bids: 20, Asks: 20
[1788896192741] TUI Render Frame -> Synced: true, Seq ID: 1788896189262000000, Bids: 20, Asks: 20
[1788896192791] TUI Render Frame -> Synced: true, Seq ID: 1788896189262000000, Bids: 20, Asks: 20
[1788896192842] TUI Render Frame -> Synced: true, Seq ID: 1788896189262000000, Bids: 20, Asks: 20
[1788896192891] TUI Render Frame -> Synced: true, Seq ID: 1788896189262000000, Bids: 20, Asks: 20
[1788896192941] TUI Render Frame -> Synced: true, Seq ID: 1788896189262000000, Bids: 20, Asks: 20
[1788896192991] TUI Render Frame -> Synced: true, Seq ID: 1788896189262000000, Bids: 20, Asks: 20
[1788896193042] TUI Render Frame -> Synced: true, Seq ID: 1788896189262000000, Bids: 20, Asks: 20
[1788896193091] TUI Render Frame -> Synced: true, Seq ID: 1788896189262000000, Bids: 20, Asks: 20
[1788896193142] TUI Render Frame -> Synced: true, Seq ID: 1788896189262000000, Bids: 20, Asks: 20
[1788896193191] TUI Render Frame -> Synced: true, Seq ID: 1788896189262000000, Bids: 20, Asks: 20
[1788896193241] TUI Render Frame -> Synced: true, Seq ID: 1788896189262000000, Bids: 20, Asks: 20
[1788896193291] TUI Render Frame -> Synced: true, Seq ID: 1788896189262000000, Bids: 20, Asks: 20
[1788896193341] TUI Render Frame -> Synced: true, Seq ID: 1788896189262000000, Bids: 20, Asks: 20
[1788896193391] TUI Render Frame -> Synced: true, Seq ID: 1788896189262000000, Bids: 20, Asks: 20
[1788896193442] TUI Render Frame -> Synced: true, Seq ID: 1788896189262000000, Bids: 20, Asks: 20
[1788896193492] TUI Render Frame -> Synced: true, Seq ID: 1788896189262000000, Bids: 20, Asks: 20
[1788896193541] TUI Render Frame -> Synced: true, Seq ID: 1788896189262000000, Bids: 20, Asks: 20
[1788896193590] TUI Render Frame -> Synced: true, Seq ID: 1788896189262000000, Bids: 20, Asks: 20
[1788896193641] TUI Render Frame -> Synced: true, Seq ID: 1788896189262000000, Bids: 20, Asks: 20
[1788896193691] TUI Render Frame -> Synced: true, Seq ID: 1788896189262000000, Bids: 20, Asks: 20
[1788896193741] TUI Render Frame -> Synced: true, Seq ID: 1788896189262000000, Bids: 20, Asks: 20
[1788896193791] TUI Render Frame -> Synced: true, Seq ID: 1788896189262000000, Bids: 20, Asks: 20
[1788896193841] TUI Render Frame -> Synced: true, Seq ID: 1788896189262000000, Bids: 20, Asks: 20
[1788896193891] TUI Render Frame -> Synced: true, Seq ID: 1788896189262000000, Bids: 20, Asks: 20
[1788896193941] TUI Render Frame -> Synced: true, Seq ID: 1788896189262000000, Bids: 20, Asks: 20
[1788896193992] TUI Render Frame -> Synced: true, Seq ID: 1788896189262000000, Bids: 20, Asks: 20
[1788896194041] TUI Render Frame -> Synced: true, Seq ID: 1788896189262000000, Bids: 20, Asks: 20
[1788896194091] TUI Render Frame -> Synced: true, Seq ID: 1788896189262000000, Bids: 20, Asks: 20
[1788896194140] TUI Render Frame -> Synced: true, Seq ID: 1788896189262000000, Bids: 20, Asks: 20
[1788896194191] TUI Render Frame -> Synced: true, Seq ID: 1788896189262000000, Bids: 20, Asks: 20
[1788896194241] TUI Render Frame -> Synced: true, Seq ID: 1788896189262000000, Bids: 20, Asks: 20
[1788896194292] TUI Render Frame -> Synced: true, Seq ID: 1788896189262000000, Bids: 20, Asks: 20
[1788896194341] TUI Render Frame -> Synced: true, Seq ID: 1788896189262000000, Bids: 20, Asks: 20
[1788896194392] TUI Render Frame -> Synced: true, Seq ID: 1788896189262000000, Bids: 20, Asks: 20
[1788896194441] TUI Render Frame -> Synced: true, Seq ID: 1788896189262000000, Bids: 20, Asks: 20
[1788896194491] TUI Render Frame -> Synced: true, Seq ID: 1788896189262000000, Bids: 20, Asks: 20
[1788896194541] TUI Render Frame -> Synced: true, Seq ID: 1788896189262000000, Bids: 20, Asks: 20
[1788896194591] TUI Render Frame -> Synced: true, Seq ID: 1788896189262000000, Bids: 20, Asks: 20
[1788896194641] TUI Render Frame -> Synced: true, Seq ID: 1788896189262000000, Bids: 20, Asks: 20
[1788896194691] TUI Render Frame -> Synced: true, Seq ID: 1788896189262000000, Bids: 20, Asks: 20
[1788896194741] TUI Render Frame -> Synced: true, Seq ID: 1788896189262000000, Bids: 20, Asks: 20
[1788896194791] TUI Render Frame -> Synced: true, Seq ID: 1788896189262000000, Bids: 20, Asks: 20
[1788896194842] TUI Render Frame -> Synced: true, Seq ID: 1788896189262000000, Bids: 20, Asks: 20
[1788896194892] TUI Render Frame -> Synced: true, Seq ID: 1788896189262000000, Bids: 20, Asks: 20
[1788896194941] TUI Render Frame -> Synced: true, Seq ID: 1788896189262000000, Bids: 20, Asks: 20
[1788896194991] TUI Render Frame -> Synced: true, Seq ID: 1788896189262000000, Bids: 20, Asks: 20
[1788896195041] TUI Render Frame -> Synced: true, Seq ID: 1788896189262000000, Bids: 20, Asks: 20
[1788896195091] TUI Render Frame -> Synced: true, Seq ID: 1788896189262000000, Bids: 20, Asks: 20
[1788896195141] TUI Render Frame -> Synced: true, Seq ID: 1788896189262000000, Bids: 20, Asks: 20
[1788896195190] TUI Render Frame -> Synced: true, Seq ID: 1788896189262000000, Bids: 20, Asks: 20
[1788896195241] TUI Render Frame -> Synced: true, Seq ID: 1788896189262000000, Bids: 20, Asks: 20
[1788896195291] TUI Render Frame -> Synced: true, Seq ID: 1788896189262000000, Bids: 20, Asks: 20
[1788896195341] TUI Render Frame -> Synced: true, Seq ID: 1788896189262000000, Bids: 20, Asks: 20
[1788896195391] TUI Render Frame -> Synced: true, Seq ID: 1788896189262000000, Bids: 20, Asks: 20
[1788896195441] TUI Render Frame -> Synced: true, Seq ID: 1788896189262000000, Bids: 20, Asks: 20
[1788896195491] TUI Render Frame -> Synced: true, Seq ID: 1788896189262000000, Bids: 20, Asks: 20
[1788896195541] TUI Render Frame -> Synced: true, Seq ID: 1788896189262000000, Bids: 20, Asks: 20
[1788896195591] TUI Render Frame -> Synced: true, Seq ID: 1788896189262000000, Bids: 20, Asks: 20
[1788896195641] TUI Render Frame -> Synced: true, Seq ID: 1788896189262000000, Bids: 20, Asks: 20
[1788896195692] TUI Render Frame -> Synced: true, Seq ID: 1788896189262000000, Bids: 20, Asks: 20
[1788896195735] Msg #50: Depth received | Bids: 20, Asks: 20, Timestamp ID: 1788896194780000000
[1788896195735] Reconciler book exists: true
[1788896195735] ui_tx.send status: true, receiver count: 1
[1788896195740] TUI Render Frame -> Synced: true, Seq ID: 1788896194780000000, Bids: 20, Asks: 20
[1788896195791] TUI Render Frame -> Synced: true, Seq ID: 1788896194780000000, Bids: 20, Asks: 20
[1788896195841] TUI Render Frame -> Synced: true, Seq ID: 1788896194780000000, Bids: 20, Asks: 20
[1788896195891] TUI Render Frame -> Synced: true, Seq ID: 1788896194780000000, Bids: 20, Asks: 20
[1788896195942] TUI Render Frame -> Synced: true, Seq ID: 1788896194780000000, Bids: 20, Asks: 20
[1788896195991] TUI Render Frame -> Synced: true, Seq ID: 1788896194780000000, Bids: 20, Asks: 20
[1788896196042] TUI Render Frame -> Synced: true, Seq ID: 1788896194780000000, Bids: 20, Asks: 20
[1788896196091] TUI Render Frame -> Synced: true, Seq ID: 1788896194780000000, Bids: 20, Asks: 20
[1788896196142] TUI Render Frame -> Synced: true, Seq ID: 1788896194780000000, Bids: 20, Asks: 20
[1788896196191] TUI Render Frame -> Synced: true, Seq ID: 1788896194780000000, Bids: 20, Asks: 20
[1788896196242] TUI Render Frame -> Synced: true, Seq ID: 1788896194780000000, Bids: 20, Asks: 20
[1788896196292] TUI Render Frame -> Synced: true, Seq ID: 1788896194780000000, Bids: 20, Asks: 20
[1788896196342] TUI Render Frame -> Synced: true, Seq ID: 1788896194780000000, Bids: 20, Asks: 20
[1788896196391] TUI Render Frame -> Synced: true, Seq ID: 1788896194780000000, Bids: 20, Asks: 20
[1788896196441] TUI Render Frame -> Synced: true, Seq ID: 1788896194780000000, Bids: 20, Asks: 20
[1788896196491] TUI Render Frame -> Synced: true, Seq ID: 1788896194780000000, Bids: 20, Asks: 20
[1788896196541] TUI Render Frame -> Synced: true, Seq ID: 1788896194780000000, Bids: 20, Asks: 20
[1788896196591] TUI Render Frame -> Synced: true, Seq ID: 1788896194780000000, Bids: 20, Asks: 20
[1788896196642] TUI Render Frame -> Synced: true, Seq ID: 1788896194780000000, Bids: 20, Asks: 20
[1788896196692] TUI Render Frame -> Synced: true, Seq ID: 1788896194780000000, Bids: 20, Asks: 20
[1788896196741] TUI Render Frame -> Synced: true, Seq ID: 1788896194780000000, Bids: 20, Asks: 20
[1788896196791] TUI Render Frame -> Synced: true, Seq ID: 1788896194780000000, Bids: 20, Asks: 20
[1788896196841] TUI Render Frame -> Synced: true, Seq ID: 1788896194780000000, Bids: 20, Asks: 20
[1788896196892] TUI Render Frame -> Synced: true, Seq ID: 1788896194780000000, Bids: 20, Asks: 20
[1788896196941] TUI Render Frame -> Synced: true, Seq ID: 1788896194780000000, Bids: 20, Asks: 20
[1788896196991] TUI Render Frame -> Synced: true, Seq ID: 1788896194780000000, Bids: 20, Asks: 20
[1788896197042] TUI Render Frame -> Synced: true, Seq ID: 1788896194780000000, Bids: 20, Asks: 20
[1788896197092] TUI Render Frame -> Synced: true, Seq ID: 1788896194780000000, Bids: 20, Asks: 20
[1788896197141] TUI Render Frame -> Synced: true, Seq ID: 1788896194780000000, Bids: 20, Asks: 20
[1788896197191] TUI Render Frame -> Synced: true, Seq ID: 1788896194780000000, Bids: 20, Asks: 20
[1788896197245] TUI Render Frame -> Synced: true, Seq ID: 1788896194780000000, Bids: 20, Asks: 20
[1788896197291] TUI Render Frame -> Synced: true, Seq ID: 1788896194780000000, Bids: 20, Asks: 20
[1788896197341] TUI Render Frame -> Synced: true, Seq ID: 1788896194780000000, Bids: 20, Asks: 20
[1788896197391] TUI Render Frame -> Synced: true, Seq ID: 1788896194780000000, Bids: 20, Asks: 20
[1788896197441] TUI Render Frame -> Synced: true, Seq ID: 1788896194780000000, Bids: 20, Asks: 20
[1788896197491] TUI Render Frame -> Synced: true, Seq ID: 1788896194780000000, Bids: 20, Asks: 20
[1788896197541] TUI Render Frame -> Synced: true, Seq ID: 1788896194780000000, Bids: 20, Asks: 20
[1788896197591] TUI Render Frame -> Synced: true, Seq ID: 1788896194780000000, Bids: 20, Asks: 20
[1788896197642] TUI Render Frame -> Synced: true, Seq ID: 1788896194780000000, Bids: 20, Asks: 20
[1788896197691] TUI Render Frame -> Synced: true, Seq ID: 1788896194780000000, Bids: 20, Asks: 20
[1788896197741] TUI Render Frame -> Synced: true, Seq ID: 1788896194780000000, Bids: 20, Asks: 20
[1788896197791] TUI Render Frame -> Synced: true, Seq ID: 1788896194780000000, Bids: 20, Asks: 20
[1788896197842] TUI Render Frame -> Synced: true, Seq ID: 1788896194780000000, Bids: 20, Asks: 20
[1788896197891] TUI Render Frame -> Synced: true, Seq ID: 1788896194780000000, Bids: 20, Asks: 20
[1788896197941] TUI Render Frame -> Synced: true, Seq ID: 1788896194780000000, Bids: 20, Asks: 20
[1788896197992] TUI Render Frame -> Synced: true, Seq ID: 1788896194780000000, Bids: 20, Asks: 20
[1788896198042] TUI Render Frame -> Synced: true, Seq ID: 1788896194780000000, Bids: 20, Asks: 20
[1788896198092] TUI Render Frame -> Synced: true, Seq ID: 1788896194780000000, Bids: 20, Asks: 20
[1788896198141] TUI Render Frame -> Synced: true, Seq ID: 1788896194780000000, Bids: 20, Asks: 20
[1788896198191] TUI Render Frame -> Synced: true, Seq ID: 1788896194780000000, Bids: 20, Asks: 20
[1788896198241] TUI Render Frame -> Synced: true, Seq ID: 1788896194780000000, Bids: 20, Asks: 20
[1788896198291] TUI Render Frame -> Synced: true, Seq ID: 1788896194780000000, Bids: 20, Asks: 20
[1788896198341] TUI Render Frame -> Synced: true, Seq ID: 1788896194780000000, Bids: 20, Asks: 20
[1788896198390] TUI Render Frame -> Synced: true, Seq ID: 1788896194780000000, Bids: 20, Asks: 20
[1788896198441] TUI Render Frame -> Synced: true, Seq ID: 1788896194780000000, Bids: 20, Asks: 20
[1788896198491] TUI Render Frame -> Synced: true, Seq ID: 1788896194780000000, Bids: 20, Asks: 20
[1788896198541] TUI Render Frame -> Synced: true, Seq ID: 1788896194780000000, Bids: 20, Asks: 20
[1788896198591] TUI Render Frame -> Synced: true, Seq ID: 1788896194780000000, Bids: 20, Asks: 20
[1788896198641] TUI Render Frame -> Synced: true, Seq ID: 1788896194780000000, Bids: 20, Asks: 20
[1788896198691] TUI Render Frame -> Synced: true, Seq ID: 1788896194780000000, Bids: 20, Asks: 20
[1788896198742] TUI Render Frame -> Synced: true, Seq ID: 1788896194780000000, Bids: 20, Asks: 20
[1788896198792] TUI Render Frame -> Synced: true, Seq ID: 1788896194780000000, Bids: 20, Asks: 20
[1788896198840] TUI Render Frame -> Synced: true, Seq ID: 1788896194780000000, Bids: 20, Asks: 20
[1788896198891] TUI Render Frame -> Synced: true, Seq ID: 1788896194780000000, Bids: 20, Asks: 20
[1788896198941] TUI Render Frame -> Synced: true, Seq ID: 1788896194780000000, Bids: 20, Asks: 20
[1788896198991] TUI Render Frame -> Synced: true, Seq ID: 1788896194780000000, Bids: 20, Asks: 20
[1788896199041] TUI Render Frame -> Synced: true, Seq ID: 1788896194780000000, Bids: 20, Asks: 20
[1788896199091] TUI Render Frame -> Synced: true, Seq ID: 1788896194780000000, Bids: 20, Asks: 20
[1788896199154] TUI Render Frame -> Synced: true, Seq ID: 1788896194780000000, Bids: 20, Asks: 20
[1788896199191] TUI Render Frame -> Synced: true, Seq ID: 1788896194780000000, Bids: 20, Asks: 20
[1788896199242] TUI Render Frame -> Synced: true, Seq ID: 1788896194780000000, Bids: 20, Asks: 20
[1788896199291] TUI Render Frame -> Synced: true, Seq ID: 1788896194780000000, Bids: 20, Asks: 20
[1788896199341] TUI Render Frame -> Synced: true, Seq ID: 1788896194780000000, Bids: 20, Asks: 20
[1788896199391] TUI Render Frame -> Synced: true, Seq ID: 1788896194780000000, Bids: 20, Asks: 20
[1788896199441] TUI Render Frame -> Synced: true, Seq ID: 1788896194780000000, Bids: 20, Asks: 20
[1788896199491] TUI Render Frame -> Synced: true, Seq ID: 1788896194780000000, Bids: 20, Asks: 20
[1788896199542] TUI Render Frame -> Synced: true, Seq ID: 1788896194780000000, Bids: 20, Asks: 20
[1788896199592] TUI Render Frame -> Synced: true, Seq ID: 1788896194780000000, Bids: 20, Asks: 20
[1788896199642] TUI Render Frame -> Synced: true, Seq ID: 1788896194780000000, Bids: 20, Asks: 20
[1788896199691] TUI Render Frame -> Synced: true, Seq ID: 1788896194780000000, Bids: 20, Asks: 20
[1788896199741] TUI Render Frame -> Synced: true, Seq ID: 1788896194780000000, Bids: 20, Asks: 20
[1788896199791] TUI Render Frame -> Synced: true, Seq ID: 1788896194780000000, Bids: 20, Asks: 20
[1788896199841] TUI Render Frame -> Synced: true, Seq ID: 1788896194780000000, Bids: 20, Asks: 20
[1788896199891] TUI Render Frame -> Synced: true, Seq ID: 1788896194780000000, Bids: 20, Asks: 20
[1788896199941] TUI Render Frame -> Synced: true, Seq ID: 1788896194780000000, Bids: 20, Asks: 20
[1788896199990] TUI Render Frame -> Synced: true, Seq ID: 1788896194780000000, Bids: 20, Asks: 20
[1788896200042] TUI Render Frame -> Synced: true, Seq ID: 1788896194780000000, Bids: 20, Asks: 20
[1788896200091] TUI Render Frame -> Synced: true, Seq ID: 1788896194780000000, Bids: 20, Asks: 20
[1788896200141] TUI Render Frame -> Synced: true, Seq ID: 1788896194780000000, Bids: 20, Asks: 20
[1788896200192] TUI Render Frame -> Synced: true, Seq ID: 1788896194780000000, Bids: 20, Asks: 20
[1788896200241] TUI Render Frame -> Synced: true, Seq ID: 1788896194780000000, Bids: 20, Asks: 20
[1788896200291] TUI Render Frame -> Synced: true, Seq ID: 1788896194780000000, Bids: 20, Asks: 20
[1788896200341] TUI Render Frame -> Synced: true, Seq ID: 1788896194780000000, Bids: 20, Asks: 20
[1788896200391] TUI Render Frame -> Synced: true, Seq ID: 1788896194780000000, Bids: 20, Asks: 20
[1788896200441] TUI Render Frame -> Synced: true, Seq ID: 1788896194780000000, Bids: 20, Asks: 20
[1788896200491] TUI Render Frame -> Synced: true, Seq ID: 1788896194780000000, Bids: 20, Asks: 20
[1788896200523] Msg #51: Depth received | Bids: 20, Asks: 20, Timestamp ID: 1788896200144000000
[1788896200523] Reconciler book exists: true
[1788896200524] ui_tx.send status: true, receiver count: 1
[1788896200541] TUI Render Frame -> Synced: true, Seq ID: 1788896200144000000, Bids: 20, Asks: 20
[1788896200591] TUI Render Frame -> Synced: true, Seq ID: 1788896200144000000, Bids: 20, Asks: 20
[1788896200641] TUI Render Frame -> Synced: true, Seq ID: 1788896200144000000, Bids: 20, Asks: 20
[1788896200691] TUI Render Frame -> Synced: true, Seq ID: 1788896200144000000, Bids: 20, Asks: 20
[1788896200741] TUI Render Frame -> Synced: true, Seq ID: 1788896200144000000, Bids: 20, Asks: 20
[1788896200791] TUI Render Frame -> Synced: true, Seq ID: 1788896200144000000, Bids: 20, Asks: 20
[1788896200841] TUI Render Frame -> Synced: true, Seq ID: 1788896200144000000, Bids: 20, Asks: 20
[1788896200891] TUI Render Frame -> Synced: true, Seq ID: 1788896200144000000, Bids: 20, Asks: 20
[1788896200941] TUI Render Frame -> Synced: true, Seq ID: 1788896200144000000, Bids: 20, Asks: 20
[1788896200991] TUI Render Frame -> Synced: true, Seq ID: 1788896200144000000, Bids: 20, Asks: 20
[1788896201041] TUI Render Frame -> Synced: true, Seq ID: 1788896200144000000, Bids: 20, Asks: 20
[1788896201092] TUI Render Frame -> Synced: true, Seq ID: 1788896200144000000, Bids: 20, Asks: 20
[1788896201142] TUI Render Frame -> Synced: true, Seq ID: 1788896200144000000, Bids: 20, Asks: 20
[1788896201192] TUI Render Frame -> Synced: true, Seq ID: 1788896200144000000, Bids: 20, Asks: 20
[1788896201241] TUI Render Frame -> Synced: true, Seq ID: 1788896200144000000, Bids: 20, Asks: 20
[1788896201291] TUI Render Frame -> Synced: true, Seq ID: 1788896200144000000, Bids: 20, Asks: 20
[1788896201341] TUI Render Frame -> Synced: true, Seq ID: 1788896200144000000, Bids: 20, Asks: 20
[1788896201391] TUI Render Frame -> Synced: true, Seq ID: 1788896200144000000, Bids: 20, Asks: 20
[1788896201442] TUI Render Frame -> Synced: true, Seq ID: 1788896200144000000, Bids: 20, Asks: 20
[1788896201491] TUI Render Frame -> Synced: true, Seq ID: 1788896200144000000, Bids: 20, Asks: 20
[1788896201541] TUI Render Frame -> Synced: true, Seq ID: 1788896200144000000, Bids: 20, Asks: 20
[1788896201591] TUI Render Frame -> Synced: true, Seq ID: 1788896200144000000, Bids: 20, Asks: 20
[1788896201641] TUI Render Frame -> Synced: true, Seq ID: 1788896200144000000, Bids: 20, Asks: 20
[1788896201692] TUI Render Frame -> Synced: true, Seq ID: 1788896200144000000, Bids: 20, Asks: 20
[1788896201742] TUI Render Frame -> Synced: true, Seq ID: 1788896200144000000, Bids: 20, Asks: 20
[1788896201792] TUI Render Frame -> Synced: true, Seq ID: 1788896200144000000, Bids: 20, Asks: 20
[1788896201842] TUI Render Frame -> Synced: true, Seq ID: 1788896200144000000, Bids: 20, Asks: 20
[1788896201892] TUI Render Frame -> Synced: true, Seq ID: 1788896200144000000, Bids: 20, Asks: 20
[1788896201942] TUI Render Frame -> Synced: true, Seq ID: 1788896200144000000, Bids: 20, Asks: 20
[1788896201992] TUI Render Frame -> Synced: true, Seq ID: 1788896200144000000, Bids: 20, Asks: 20
[1788896202041] TUI Render Frame -> Synced: true, Seq ID: 1788896200144000000, Bids: 20, Asks: 20
[1788896202091] TUI Render Frame -> Synced: true, Seq ID: 1788896200144000000, Bids: 20, Asks: 20
[1788896202141] TUI Render Frame -> Synced: true, Seq ID: 1788896200144000000, Bids: 20, Asks: 20
[1788896202191] TUI Render Frame -> Synced: true, Seq ID: 1788896200144000000, Bids: 20, Asks: 20
[1788896202241] TUI Render Frame -> Synced: true, Seq ID: 1788896200144000000, Bids: 20, Asks: 20
[1788896202291] TUI Render Frame -> Synced: true, Seq ID: 1788896200144000000, Bids: 20, Asks: 20
[1788896202341] TUI Render Frame -> Synced: true, Seq ID: 1788896200144000000, Bids: 20, Asks: 20
[1788896202391] TUI Render Frame -> Synced: true, Seq ID: 1788896200144000000, Bids: 20, Asks: 20
[1788896202441] TUI Render Frame -> Synced: true, Seq ID: 1788896200144000000, Bids: 20, Asks: 20
[1788896202490] TUI Render Frame -> Synced: true, Seq ID: 1788896200144000000, Bids: 20, Asks: 20
[1788896202541] TUI Render Frame -> Synced: true, Seq ID: 1788896200144000000, Bids: 20, Asks: 20
[1788896202591] TUI Render Frame -> Synced: true, Seq ID: 1788896200144000000, Bids: 20, Asks: 20
[1788896202641] TUI Render Frame -> Synced: true, Seq ID: 1788896200144000000, Bids: 20, Asks: 20
[1788896202701] TUI Render Frame -> Synced: true, Seq ID: 1788896200144000000, Bids: 20, Asks: 20
[1788896202741] TUI Render Frame -> Synced: true, Seq ID: 1788896200144000000, Bids: 20, Asks: 20
[1788896202791] TUI Render Frame -> Synced: true, Seq ID: 1788896200144000000, Bids: 20, Asks: 20
[1788896202842] TUI Render Frame -> Synced: true, Seq ID: 1788896200144000000, Bids: 20, Asks: 20
[1788896202891] TUI Render Frame -> Synced: true, Seq ID: 1788896200144000000, Bids: 20, Asks: 20
[1788896202942] TUI Render Frame -> Synced: true, Seq ID: 1788896200144000000, Bids: 20, Asks: 20
[1788896202990] TUI Render Frame -> Synced: true, Seq ID: 1788896200144000000, Bids: 20, Asks: 20
[1788896203042] TUI Render Frame -> Synced: true, Seq ID: 1788896200144000000, Bids: 20, Asks: 20
[1788896203091] TUI Render Frame -> Synced: true, Seq ID: 1788896200144000000, Bids: 20, Asks: 20
[1788896203142] TUI Render Frame -> Synced: true, Seq ID: 1788896200144000000, Bids: 20, Asks: 20
[1788896203191] TUI Render Frame -> Synced: true, Seq ID: 1788896200144000000, Bids: 20, Asks: 20
[1788896203241] TUI Render Frame -> Synced: true, Seq ID: 1788896200144000000, Bids: 20, Asks: 20
[1788896203291] TUI Render Frame -> Synced: true, Seq ID: 1788896200144000000, Bids: 20, Asks: 20
[1788896203341] TUI Render Frame -> Synced: true, Seq ID: 1788896200144000000, Bids: 20, Asks: 20
[1788896203391] TUI Render Frame -> Synced: true, Seq ID: 1788896200144000000, Bids: 20, Asks: 20
[1788896203441] TUI Render Frame -> Synced: true, Seq ID: 1788896200144000000, Bids: 20, Asks: 20
[1788896203492] TUI Render Frame -> Synced: true, Seq ID: 1788896200144000000, Bids: 20, Asks: 20
[1788896203541] TUI Render Frame -> Synced: true, Seq ID: 1788896200144000000, Bids: 20, Asks: 20
[1788896203591] TUI Render Frame -> Synced: true, Seq ID: 1788896200144000000, Bids: 20, Asks: 20
[1788896203641] TUI Render Frame -> Synced: true, Seq ID: 1788896200144000000, Bids: 20, Asks: 20
[1788896203692] TUI Render Frame -> Synced: true, Seq ID: 1788896200144000000, Bids: 20, Asks: 20
[1788896203741] TUI Render Frame -> Synced: true, Seq ID: 1788896200144000000, Bids: 20, Asks: 20
[1788896203791] TUI Render Frame -> Synced: true, Seq ID: 1788896200144000000, Bids: 20, Asks: 20
[1788896203842] TUI Render Frame -> Synced: true, Seq ID: 1788896200144000000, Bids: 20, Asks: 20
[1788896203891] TUI Render Frame -> Synced: true, Seq ID: 1788896200144000000, Bids: 20, Asks: 20
[1788896203942] TUI Render Frame -> Synced: true, Seq ID: 1788896200144000000, Bids: 20, Asks: 20
[1788896203991] TUI Render Frame -> Synced: true, Seq ID: 1788896200144000000, Bids: 20, Asks: 20
[1788896204041] TUI Render Frame -> Synced: true, Seq ID: 1788896200144000000, Bids: 20, Asks: 20
[1788896204091] TUI Render Frame -> Synced: true, Seq ID: 1788896200144000000, Bids: 20, Asks: 20
[1788896204141] TUI Render Frame -> Synced: true, Seq ID: 1788896200144000000, Bids: 20, Asks: 20
[1788896204192] TUI Render Frame -> Synced: true, Seq ID: 1788896200144000000, Bids: 20, Asks: 20
[1788896204242] TUI Render Frame -> Synced: true, Seq ID: 1788896200144000000, Bids: 20, Asks: 20
[1788896204292] TUI Render Frame -> Synced: true, Seq ID: 1788896200144000000, Bids: 20, Asks: 20
[1788896204341] TUI Render Frame -> Synced: true, Seq ID: 1788896200144000000, Bids: 20, Asks: 20
[1788896204392] TUI Render Frame -> Synced: true, Seq ID: 1788896200144000000, Bids: 20, Asks: 20
[1788896204442] TUI Render Frame -> Synced: true, Seq ID: 1788896200144000000, Bids: 20, Asks: 20
[1788896204492] TUI Render Frame -> Synced: true, Seq ID: 1788896200144000000, Bids: 20, Asks: 20
[1788896204541] TUI Render Frame -> Synced: true, Seq ID: 1788896200144000000, Bids: 20, Asks: 20
[1788896204592] TUI Render Frame -> Synced: true, Seq ID: 1788896200144000000, Bids: 20, Asks: 20
[1788896204641] TUI Render Frame -> Synced: true, Seq ID: 1788896200144000000, Bids: 20, Asks: 20
[1788896204691] TUI Render Frame -> Synced: true, Seq ID: 1788896200144000000, Bids: 20, Asks: 20
[1788896204741] TUI Render Frame -> Synced: true, Seq ID: 1788896200144000000, Bids: 20, Asks: 20
[1788896204791] TUI Render Frame -> Synced: true, Seq ID: 1788896200144000000, Bids: 20, Asks: 20
[1788896204841] TUI Render Frame -> Synced: true, Seq ID: 1788896200144000000, Bids: 20, Asks: 20
[1788896204891] TUI Render Frame -> Synced: true, Seq ID: 1788896200144000000, Bids: 20, Asks: 20
[1788896204941] TUI Render Frame -> Synced: true, Seq ID: 1788896200144000000, Bids: 20, Asks: 20
[1788896204991] TUI Render Frame -> Synced: true, Seq ID: 1788896200144000000, Bids: 20, Asks: 20
[1788896205041] TUI Render Frame -> Synced: true, Seq ID: 1788896200144000000, Bids: 20, Asks: 20
[1788896205091] TUI Render Frame -> Synced: true, Seq ID: 1788896200144000000, Bids: 20, Asks: 20
[1788896205141] TUI Render Frame -> Synced: true, Seq ID: 1788896200144000000, Bids: 20, Asks: 20
[1788896205191] TUI Render Frame -> Synced: true, Seq ID: 1788896200144000000, Bids: 20, Asks: 20
[1788896205241] TUI Render Frame -> Synced: true, Seq ID: 1788896200144000000, Bids: 20, Asks: 20
[1788896205292] TUI Render Frame -> Synced: true, Seq ID: 1788896200144000000, Bids: 20, Asks: 20
[1788896205341] TUI Render Frame -> Synced: true, Seq ID: 1788896200144000000, Bids: 20, Asks: 20
[1788896205391] TUI Render Frame -> Synced: true, Seq ID: 1788896200144000000, Bids: 20, Asks: 20
[1788896205441] TUI Render Frame -> Synced: true, Seq ID: 1788896200144000000, Bids: 20, Asks: 20
[1788896205491] TUI Render Frame -> Synced: true, Seq ID: 1788896200144000000, Bids: 20, Asks: 20
[1788896205542] TUI Render Frame -> Synced: true, Seq ID: 1788896200144000000, Bids: 20, Asks: 20
[1788896205591] TUI Render Frame -> Synced: true, Seq ID: 1788896200144000000, Bids: 20, Asks: 20
[1788896205641] TUI Render Frame -> Synced: true, Seq ID: 1788896200144000000, Bids: 20, Asks: 20
[1788896205691] TUI Render Frame -> Synced: true, Seq ID: 1788896200144000000, Bids: 20, Asks: 20
[1788896205754] TUI Render Frame -> Synced: true, Seq ID: 1788896200144000000, Bids: 20, Asks: 20
[1788896205791] TUI Render Frame -> Synced: true, Seq ID: 1788896200144000000, Bids: 20, Asks: 20
[1788896205841] TUI Render Frame -> Synced: true, Seq ID: 1788896200144000000, Bids: 20, Asks: 20
[1788896205891] TUI Render Frame -> Synced: true, Seq ID: 1788896200144000000, Bids: 20, Asks: 20
[1788896205935] Msg #52: Depth received | Bids: 20, Asks: 20, Timestamp ID: 1788896205544000000
[1788896205935] Reconciler book exists: true
[1788896205936] ui_tx.send status: true, receiver count: 1
[1788896205940] TUI Render Frame -> Synced: true, Seq ID: 1788896205544000000, Bids: 20, Asks: 20
[1788896205991] TUI Render Frame -> Synced: true, Seq ID: 1788896205544000000, Bids: 20, Asks: 20
[1788896206041] TUI Render Frame -> Synced: true, Seq ID: 1788896205544000000, Bids: 20, Asks: 20
[1788896206091] TUI Render Frame -> Synced: true, Seq ID: 1788896205544000000, Bids: 20, Asks: 20
[1788896206142] TUI Render Frame -> Synced: true, Seq ID: 1788896205544000000, Bids: 20, Asks: 20
[1788896206191] TUI Render Frame -> Synced: true, Seq ID: 1788896205544000000, Bids: 20, Asks: 20
[1788896206242] TUI Render Frame -> Synced: true, Seq ID: 1788896205544000000, Bids: 20, Asks: 20
[1788896206292] TUI Render Frame -> Synced: true, Seq ID: 1788896205544000000, Bids: 20, Asks: 20
[1788896206342] TUI Render Frame -> Synced: true, Seq ID: 1788896205544000000, Bids: 20, Asks: 20
[1788896206391] TUI Render Frame -> Synced: true, Seq ID: 1788896205544000000, Bids: 20, Asks: 20
[1788896206442] TUI Render Frame -> Synced: true, Seq ID: 1788896205544000000, Bids: 20, Asks: 20
[1788896206492] TUI Render Frame -> Synced: true, Seq ID: 1788896205544000000, Bids: 20, Asks: 20
[1788896206541] TUI Render Frame -> Synced: true, Seq ID: 1788896205544000000, Bids: 20, Asks: 20
[1788896206591] TUI Render Frame -> Synced: true, Seq ID: 1788896205544000000, Bids: 20, Asks: 20
[1788896206642] TUI Render Frame -> Synced: true, Seq ID: 1788896205544000000, Bids: 20, Asks: 20
[1788896206691] TUI Render Frame -> Synced: true, Seq ID: 1788896205544000000, Bids: 20, Asks: 20
[1788896206742] TUI Render Frame -> Synced: true, Seq ID: 1788896205544000000, Bids: 20, Asks: 20
[1788896206791] TUI Render Frame -> Synced: true, Seq ID: 1788896205544000000, Bids: 20, Asks: 20
[1788896206840] TUI Render Frame -> Synced: true, Seq ID: 1788896205544000000, Bids: 20, Asks: 20
[1788896206891] TUI Render Frame -> Synced: true, Seq ID: 1788896205544000000, Bids: 20, Asks: 20
[1788896206942] TUI Render Frame -> Synced: true, Seq ID: 1788896205544000000, Bids: 20, Asks: 20
[1788896206991] TUI Render Frame -> Synced: true, Seq ID: 1788896205544000000, Bids: 20, Asks: 20
[1788896207042] TUI Render Frame -> Synced: true, Seq ID: 1788896205544000000, Bids: 20, Asks: 20
[1788896207091] TUI Render Frame -> Synced: true, Seq ID: 1788896205544000000, Bids: 20, Asks: 20
[1788896207141] TUI Render Frame -> Synced: true, Seq ID: 1788896205544000000, Bids: 20, Asks: 20
[1788896207191] TUI Render Frame -> Synced: true, Seq ID: 1788896205544000000, Bids: 20, Asks: 20
[1788896207242] TUI Render Frame -> Synced: true, Seq ID: 1788896205544000000, Bids: 20, Asks: 20
[1788896207290] TUI Render Frame -> Synced: true, Seq ID: 1788896205544000000, Bids: 20, Asks: 20
[1788896207341] TUI Render Frame -> Synced: true, Seq ID: 1788896205544000000, Bids: 20, Asks: 20
[1788896207391] TUI Render Frame -> Synced: true, Seq ID: 1788896205544000000, Bids: 20, Asks: 20
[1788896207441] TUI Render Frame -> Synced: true, Seq ID: 1788896205544000000, Bids: 20, Asks: 20
[1788896207492] TUI Render Frame -> Synced: true, Seq ID: 1788896205544000000, Bids: 20, Asks: 20
[1788896207541] TUI Render Frame -> Synced: true, Seq ID: 1788896205544000000, Bids: 20, Asks: 20
[1788896207591] TUI Render Frame -> Synced: true, Seq ID: 1788896205544000000, Bids: 20, Asks: 20
[1788896207641] TUI Render Frame -> Synced: true, Seq ID: 1788896205544000000, Bids: 20, Asks: 20
[1788896207691] TUI Render Frame -> Synced: true, Seq ID: 1788896205544000000, Bids: 20, Asks: 20
[1788896207741] TUI Render Frame -> Synced: true, Seq ID: 1788896205544000000, Bids: 20, Asks: 20
[1788896207792] TUI Render Frame -> Synced: true, Seq ID: 1788896205544000000, Bids: 20, Asks: 20
[1788896207841] TUI Render Frame -> Synced: true, Seq ID: 1788896205544000000, Bids: 20, Asks: 20
[1788896207892] TUI Render Frame -> Synced: true, Seq ID: 1788896205544000000, Bids: 20, Asks: 20
[1788896207942] TUI Render Frame -> Synced: true, Seq ID: 1788896205544000000, Bids: 20, Asks: 20
[1788896207990] TUI Render Frame -> Synced: true, Seq ID: 1788896205544000000, Bids: 20, Asks: 20
[1788896208042] TUI Render Frame -> Synced: true, Seq ID: 1788896205544000000, Bids: 20, Asks: 20
[1788896208092] TUI Render Frame -> Synced: true, Seq ID: 1788896205544000000, Bids: 20, Asks: 20
[1788896208142] TUI Render Frame -> Synced: true, Seq ID: 1788896205544000000, Bids: 20, Asks: 20
[1788896208191] TUI Render Frame -> Synced: true, Seq ID: 1788896205544000000, Bids: 20, Asks: 20
[1788896208241] TUI Render Frame -> Synced: true, Seq ID: 1788896205544000000, Bids: 20, Asks: 20
[1788896208292] TUI Render Frame -> Synced: true, Seq ID: 1788896205544000000, Bids: 20, Asks: 20
[1788896208341] TUI Render Frame -> Synced: true, Seq ID: 1788896205544000000, Bids: 20, Asks: 20
[1788896208391] TUI Render Frame -> Synced: true, Seq ID: 1788896205544000000, Bids: 20, Asks: 20
[1788896208440] TUI Render Frame -> Synced: true, Seq ID: 1788896205544000000, Bids: 20, Asks: 20
[1788896208492] TUI Render Frame -> Synced: true, Seq ID: 1788896205544000000, Bids: 20, Asks: 20
[1788896208541] TUI Render Frame -> Synced: true, Seq ID: 1788896205544000000, Bids: 20, Asks: 20
[1788896208592] TUI Render Frame -> Synced: true, Seq ID: 1788896205544000000, Bids: 20, Asks: 20
[1788896208641] TUI Render Frame -> Synced: true, Seq ID: 1788896205544000000, Bids: 20, Asks: 20
[1788896208691] TUI Render Frame -> Synced: true, Seq ID: 1788896205544000000, Bids: 20, Asks: 20
[1788896208762] TUI Render Frame -> Synced: true, Seq ID: 1788896205544000000, Bids: 20, Asks: 20
[1788896208791] TUI Render Frame -> Synced: true, Seq ID: 1788896205544000000, Bids: 20, Asks: 20
[1788896208842] TUI Render Frame -> Synced: true, Seq ID: 1788896205544000000, Bids: 20, Asks: 20
[1788896208891] TUI Render Frame -> Synced: true, Seq ID: 1788896205544000000, Bids: 20, Asks: 20
[1788896208942] TUI Render Frame -> Synced: true, Seq ID: 1788896205544000000, Bids: 20, Asks: 20
[1788896208992] TUI Render Frame -> Synced: true, Seq ID: 1788896205544000000, Bids: 20, Asks: 20
[1788896209041] TUI Render Frame -> Synced: true, Seq ID: 1788896205544000000, Bids: 20, Asks: 20
[1788896209091] TUI Render Frame -> Synced: true, Seq ID: 1788896205544000000, Bids: 20, Asks: 20
[1788896209141] TUI Render Frame -> Synced: true, Seq ID: 1788896205544000000, Bids: 20, Asks: 20
[1788896209191] TUI Render Frame -> Synced: true, Seq ID: 1788896205544000000, Bids: 20, Asks: 20
[1788896209241] TUI Render Frame -> Synced: true, Seq ID: 1788896205544000000, Bids: 20, Asks: 20
[1788896209291] TUI Render Frame -> Synced: true, Seq ID: 1788896205544000000, Bids: 20, Asks: 20
[1788896209341] TUI Render Frame -> Synced: true, Seq ID: 1788896205544000000, Bids: 20, Asks: 20
[1788896209392] TUI Render Frame -> Synced: true, Seq ID: 1788896205544000000, Bids: 20, Asks: 20
[1788896209441] TUI Render Frame -> Synced: true, Seq ID: 1788896205544000000, Bids: 20, Asks: 20
[1788896209492] TUI Render Frame -> Synced: true, Seq ID: 1788896205544000000, Bids: 20, Asks: 20
[1788896209541] TUI Render Frame -> Synced: true, Seq ID: 1788896205544000000, Bids: 20, Asks: 20
[1788896209590] TUI Render Frame -> Synced: true, Seq ID: 1788896205544000000, Bids: 20, Asks: 20
[1788896209641] TUI Render Frame -> Synced: true, Seq ID: 1788896205544000000, Bids: 20, Asks: 20
[1788896209691] TUI Render Frame -> Synced: true, Seq ID: 1788896205544000000, Bids: 20, Asks: 20
[1788896209741] TUI Render Frame -> Synced: true, Seq ID: 1788896205544000000, Bids: 20, Asks: 20
[1788896209791] TUI Render Frame -> Synced: true, Seq ID: 1788896205544000000, Bids: 20, Asks: 20
[1788896209842] TUI Render Frame -> Synced: true, Seq ID: 1788896205544000000, Bids: 20, Asks: 20
[1788896209891] TUI Render Frame -> Synced: true, Seq ID: 1788896205544000000, Bids: 20, Asks: 20
[1788896209941] TUI Render Frame -> Synced: true, Seq ID: 1788896205544000000, Bids: 20, Asks: 20
[1788896209992] TUI Render Frame -> Synced: true, Seq ID: 1788896205544000000, Bids: 20, Asks: 20
[1788896210040] TUI Render Frame -> Synced: true, Seq ID: 1788896205544000000, Bids: 20, Asks: 20
[1788896210091] TUI Render Frame -> Synced: true, Seq ID: 1788896205544000000, Bids: 20, Asks: 20
[1788896210141] TUI Render Frame -> Synced: true, Seq ID: 1788896205544000000, Bids: 20, Asks: 20
[1788896210192] TUI Render Frame -> Synced: true, Seq ID: 1788896205544000000, Bids: 20, Asks: 20
[1788896210241] TUI Render Frame -> Synced: true, Seq ID: 1788896205544000000, Bids: 20, Asks: 20
[1788896210291] TUI Render Frame -> Synced: true, Seq ID: 1788896205544000000, Bids: 20, Asks: 20
[1788896210341] TUI Render Frame -> Synced: true, Seq ID: 1788896205544000000, Bids: 20, Asks: 20
[1788896210391] TUI Render Frame -> Synced: true, Seq ID: 1788896205544000000, Bids: 20, Asks: 20
[1788896210441] TUI Render Frame -> Synced: true, Seq ID: 1788896205544000000, Bids: 20, Asks: 20
[1788896210491] TUI Render Frame -> Synced: true, Seq ID: 1788896205544000000, Bids: 20, Asks: 20
[1788896210541] TUI Render Frame -> Synced: true, Seq ID: 1788896205544000000, Bids: 20, Asks: 20
[1788896210591] TUI Render Frame -> Synced: true, Seq ID: 1788896205544000000, Bids: 20, Asks: 20
[1788896210642] TUI Render Frame -> Synced: true, Seq ID: 1788896205544000000, Bids: 20, Asks: 20
[1788896210691] TUI Render Frame -> Synced: true, Seq ID: 1788896205544000000, Bids: 20, Asks: 20
[1788896210742] TUI Render Frame -> Synced: true, Seq ID: 1788896205544000000, Bids: 20, Asks: 20
[1788896210792] TUI Render Frame -> Synced: true, Seq ID: 1788896205544000000, Bids: 20, Asks: 20
[1788896210841] TUI Render Frame -> Synced: true, Seq ID: 1788896205544000000, Bids: 20, Asks: 20
[1788896210892] TUI Render Frame -> Synced: true, Seq ID: 1788896205544000000, Bids: 20, Asks: 20
[1788896210942] TUI Render Frame -> Synced: true, Seq ID: 1788896205544000000, Bids: 20, Asks: 20
[1788896210992] TUI Render Frame -> Synced: true, Seq ID: 1788896205544000000, Bids: 20, Asks: 20
[1788896211042] TUI Render Frame -> Synced: true, Seq ID: 1788896205544000000, Bids: 20, Asks: 20
[1788896211092] TUI Render Frame -> Synced: true, Seq ID: 1788896205544000000, Bids: 20, Asks: 20
[1788896211141] TUI Render Frame -> Synced: true, Seq ID: 1788896205544000000, Bids: 20, Asks: 20
[1788896211191] TUI Render Frame -> Synced: true, Seq ID: 1788896205544000000, Bids: 20, Asks: 20
[1788896211241] TUI Render Frame -> Synced: true, Seq ID: 1788896205544000000, Bids: 20, Asks: 20
[1788896211281] Msg #53: Depth received | Bids: 20, Asks: 20, Timestamp ID: 1788896210938000000
[1788896211282] Reconciler book exists: true
[1788896211282] ui_tx.send status: true, receiver count: 1
[1788896211291] TUI Render Frame -> Synced: true, Seq ID: 1788896210938000000, Bids: 20, Asks: 20
[1788896211341] TUI Render Frame -> Synced: true, Seq ID: 1788896210938000000, Bids: 20, Asks: 20
[1788896211392] TUI Render Frame -> Synced: true, Seq ID: 1788896210938000000, Bids: 20, Asks: 20
[1788896211442] TUI Render Frame -> Synced: true, Seq ID: 1788896210938000000, Bids: 20, Asks: 20
[1788896211491] TUI Render Frame -> Synced: true, Seq ID: 1788896210938000000, Bids: 20, Asks: 20
[1788896211575] TUI Render Frame -> Synced: true, Seq ID: 1788896210938000000, Bids: 20, Asks: 20
[1788896211591] TUI Render Frame -> Synced: true, Seq ID: 1788896210938000000, Bids: 20, Asks: 20
[1788896211640] TUI Render Frame -> Synced: true, Seq ID: 1788896210938000000, Bids: 20, Asks: 20
[1788896211691] TUI Render Frame -> Synced: true, Seq ID: 1788896210938000000, Bids: 20, Asks: 20
[1788896211741] TUI Render Frame -> Synced: true, Seq ID: 1788896210938000000, Bids: 20, Asks: 20
[1788896211792] TUI Render Frame -> Synced: true, Seq ID: 1788896210938000000, Bids: 20, Asks: 20
[1788896211842] TUI Render Frame -> Synced: true, Seq ID: 1788896210938000000, Bids: 20, Asks: 20
[1788896211891] TUI Render Frame -> Synced: true, Seq ID: 1788896210938000000, Bids: 20, Asks: 20
[1788896211941] TUI Render Frame -> Synced: true, Seq ID: 1788896210938000000, Bids: 20, Asks: 20
[1788896211991] TUI Render Frame -> Synced: true, Seq ID: 1788896210938000000, Bids: 20, Asks: 20
[1788896212041] TUI Render Frame -> Synced: true, Seq ID: 1788896210938000000, Bids: 20, Asks: 20
[1788896212091] TUI Render Frame -> Synced: true, Seq ID: 1788896210938000000, Bids: 20, Asks: 20
[1788896212141] TUI Render Frame -> Synced: true, Seq ID: 1788896210938000000, Bids: 20, Asks: 20
[1788896212191] TUI Render Frame -> Synced: true, Seq ID: 1788896210938000000, Bids: 20, Asks: 20
[1788896212242] TUI Render Frame -> Synced: true, Seq ID: 1788896210938000000, Bids: 20, Asks: 20
[1788896212291] TUI Render Frame -> Synced: true, Seq ID: 1788896210938000000, Bids: 20, Asks: 20
[1788896212341] TUI Render Frame -> Synced: true, Seq ID: 1788896210938000000, Bids: 20, Asks: 20
[1788896212391] TUI Render Frame -> Synced: true, Seq ID: 1788896210938000000, Bids: 20, Asks: 20
[1788896212442] TUI Render Frame -> Synced: true, Seq ID: 1788896210938000000, Bids: 20, Asks: 20
[1788896212492] TUI Render Frame -> Synced: true, Seq ID: 1788896210938000000, Bids: 20, Asks: 20
[1788896212541] TUI Render Frame -> Synced: true, Seq ID: 1788896210938000000, Bids: 20, Asks: 20
[1788896212591] TUI Render Frame -> Synced: true, Seq ID: 1788896210938000000, Bids: 20, Asks: 20
[1788896212641] TUI Render Frame -> Synced: true, Seq ID: 1788896210938000000, Bids: 20, Asks: 20
[1788896212691] TUI Render Frame -> Synced: true, Seq ID: 1788896210938000000, Bids: 20, Asks: 20
[1788896212741] TUI Render Frame -> Synced: true, Seq ID: 1788896210938000000, Bids: 20, Asks: 20
[1788896212790] TUI Render Frame -> Synced: true, Seq ID: 1788896210938000000, Bids: 20, Asks: 20
[1788896212841] TUI Render Frame -> Synced: true, Seq ID: 1788896210938000000, Bids: 20, Asks: 20
[1788896212891] TUI Render Frame -> Synced: true, Seq ID: 1788896210938000000, Bids: 20, Asks: 20
[1788896212941] TUI Render Frame -> Synced: true, Seq ID: 1788896210938000000, Bids: 20, Asks: 20
[1788896212991] TUI Render Frame -> Synced: true, Seq ID: 1788896210938000000, Bids: 20, Asks: 20
[1788896213042] TUI Render Frame -> Synced: true, Seq ID: 1788896210938000000, Bids: 20, Asks: 20
[1788896213091] TUI Render Frame -> Synced: true, Seq ID: 1788896210938000000, Bids: 20, Asks: 20
[1788896213141] TUI Render Frame -> Synced: true, Seq ID: 1788896210938000000, Bids: 20, Asks: 20
[1788896213191] TUI Render Frame -> Synced: true, Seq ID: 1788896210938000000, Bids: 20, Asks: 20
[1788896213241] TUI Render Frame -> Synced: true, Seq ID: 1788896210938000000, Bids: 20, Asks: 20
[1788896213291] TUI Render Frame -> Synced: true, Seq ID: 1788896210938000000, Bids: 20, Asks: 20
[1788896213341] TUI Render Frame -> Synced: true, Seq ID: 1788896210938000000, Bids: 20, Asks: 20
[1788896213391] TUI Render Frame -> Synced: true, Seq ID: 1788896210938000000, Bids: 20, Asks: 20
[1788896213441] TUI Render Frame -> Synced: true, Seq ID: 1788896210938000000, Bids: 20, Asks: 20
[1788896213491] TUI Render Frame -> Synced: true, Seq ID: 1788896210938000000, Bids: 20, Asks: 20
[1788896213541] TUI Render Frame -> Synced: true, Seq ID: 1788896210938000000, Bids: 20, Asks: 20
[1788896213591] TUI Render Frame -> Synced: true, Seq ID: 1788896210938000000, Bids: 20, Asks: 20
[1788896213641] TUI Render Frame -> Synced: true, Seq ID: 1788896210938000000, Bids: 20, Asks: 20
[1788896213691] TUI Render Frame -> Synced: true, Seq ID: 1788896210938000000, Bids: 20, Asks: 20
[1788896213741] TUI Render Frame -> Synced: true, Seq ID: 1788896210938000000, Bids: 20, Asks: 20
[1788896213792] TUI Render Frame -> Synced: true, Seq ID: 1788896210938000000, Bids: 20, Asks: 20
[1788896213841] TUI Render Frame -> Synced: true, Seq ID: 1788896210938000000, Bids: 20, Asks: 20
[1788896213891] TUI Render Frame -> Synced: true, Seq ID: 1788896210938000000, Bids: 20, Asks: 20
[1788896213942] TUI Render Frame -> Synced: true, Seq ID: 1788896210938000000, Bids: 20, Asks: 20
[1788896213992] TUI Render Frame -> Synced: true, Seq ID: 1788896210938000000, Bids: 20, Asks: 20
[1788896214041] TUI Render Frame -> Synced: true, Seq ID: 1788896210938000000, Bids: 20, Asks: 20
[1788896214091] TUI Render Frame -> Synced: true, Seq ID: 1788896210938000000, Bids: 20, Asks: 20
[1788896214141] TUI Render Frame -> Synced: true, Seq ID: 1788896210938000000, Bids: 20, Asks: 20
[1788896214192] TUI Render Frame -> Synced: true, Seq ID: 1788896210938000000, Bids: 20, Asks: 20
[1788896214241] TUI Render Frame -> Synced: true, Seq ID: 1788896210938000000, Bids: 20, Asks: 20
[1788896214291] TUI Render Frame -> Synced: true, Seq ID: 1788896210938000000, Bids: 20, Asks: 20
[1788896214341] TUI Render Frame -> Synced: true, Seq ID: 1788896210938000000, Bids: 20, Asks: 20
[1788896214391] TUI Render Frame -> Synced: true, Seq ID: 1788896210938000000, Bids: 20, Asks: 20
[1788896214441] TUI Render Frame -> Synced: true, Seq ID: 1788896210938000000, Bids: 20, Asks: 20
[1788896214491] TUI Render Frame -> Synced: true, Seq ID: 1788896210938000000, Bids: 20, Asks: 20
[1788896214541] TUI Render Frame -> Synced: true, Seq ID: 1788896210938000000, Bids: 20, Asks: 20
[1788896214591] TUI Render Frame -> Synced: true, Seq ID: 1788896210938000000, Bids: 20, Asks: 20
[1788896214641] TUI Render Frame -> Synced: true, Seq ID: 1788896210938000000, Bids: 20, Asks: 20
[1788896214691] TUI Render Frame -> Synced: true, Seq ID: 1788896210938000000, Bids: 20, Asks: 20
[1788896214741] TUI Render Frame -> Synced: true, Seq ID: 1788896210938000000, Bids: 20, Asks: 20
[1788896214791] TUI Render Frame -> Synced: true, Seq ID: 1788896210938000000, Bids: 20, Asks: 20
[1788896214840] TUI Render Frame -> Synced: true, Seq ID: 1788896210938000000, Bids: 20, Asks: 20
[1788896214891] TUI Render Frame -> Synced: true, Seq ID: 1788896210938000000, Bids: 20, Asks: 20
[1788896214942] TUI Render Frame -> Synced: true, Seq ID: 1788896210938000000, Bids: 20, Asks: 20
[1788896214992] TUI Render Frame -> Synced: true, Seq ID: 1788896210938000000, Bids: 20, Asks: 20
[1788896215042] TUI Render Frame -> Synced: true, Seq ID: 1788896210938000000, Bids: 20, Asks: 20
[1788896215092] TUI Render Frame -> Synced: true, Seq ID: 1788896210938000000, Bids: 20, Asks: 20
[1788896215142] TUI Render Frame -> Synced: true, Seq ID: 1788896210938000000, Bids: 20, Asks: 20
[1788896215191] TUI Render Frame -> Synced: true, Seq ID: 1788896210938000000, Bids: 20, Asks: 20
[1788896215241] TUI Render Frame -> Synced: true, Seq ID: 1788896210938000000, Bids: 20, Asks: 20
[1788896215291] TUI Render Frame -> Synced: true, Seq ID: 1788896210938000000, Bids: 20, Asks: 20
[1788896215341] TUI Render Frame -> Synced: true, Seq ID: 1788896210938000000, Bids: 20, Asks: 20
[1788896215391] TUI Render Frame -> Synced: true, Seq ID: 1788896210938000000, Bids: 20, Asks: 20
[1788896215441] TUI Render Frame -> Synced: true, Seq ID: 1788896210938000000, Bids: 20, Asks: 20
[1788896215491] TUI Render Frame -> Synced: true, Seq ID: 1788896210938000000, Bids: 20, Asks: 20
[1788896215541] TUI Render Frame -> Synced: true, Seq ID: 1788896210938000000, Bids: 20, Asks: 20
[1788896215591] TUI Render Frame -> Synced: true, Seq ID: 1788896210938000000, Bids: 20, Asks: 20
[1788896215642] TUI Render Frame -> Synced: true, Seq ID: 1788896210938000000, Bids: 20, Asks: 20
[1788896215691] TUI Render Frame -> Synced: true, Seq ID: 1788896210938000000, Bids: 20, Asks: 20
[1788896215741] TUI Render Frame -> Synced: true, Seq ID: 1788896210938000000, Bids: 20, Asks: 20
[1788896215792] TUI Render Frame -> Synced: true, Seq ID: 1788896210938000000, Bids: 20, Asks: 20
[1788896215841] TUI Render Frame -> Synced: true, Seq ID: 1788896210938000000, Bids: 20, Asks: 20
[1788896215892] TUI Render Frame -> Synced: true, Seq ID: 1788896210938000000, Bids: 20, Asks: 20
[1788896215942] TUI Render Frame -> Synced: true, Seq ID: 1788896210938000000, Bids: 20, Asks: 20
[1788896215990] TUI Render Frame -> Synced: true, Seq ID: 1788896210938000000, Bids: 20, Asks: 20
[1788896216041] TUI Render Frame -> Synced: true, Seq ID: 1788896210938000000, Bids: 20, Asks: 20
[1788896216091] TUI Render Frame -> Synced: true, Seq ID: 1788896210938000000, Bids: 20, Asks: 20
[1788896216142] TUI Render Frame -> Synced: true, Seq ID: 1788896210938000000, Bids: 20, Asks: 20
[1788896216191] TUI Render Frame -> Synced: true, Seq ID: 1788896210938000000, Bids: 20, Asks: 20
[1788896216241] TUI Render Frame -> Synced: true, Seq ID: 1788896210938000000, Bids: 20, Asks: 20
[1788896216292] TUI Render Frame -> Synced: true, Seq ID: 1788896210938000000, Bids: 20, Asks: 20
[1788896216342] TUI Render Frame -> Synced: true, Seq ID: 1788896210938000000, Bids: 20, Asks: 20
[1788896216391] TUI Render Frame -> Synced: true, Seq ID: 1788896210938000000, Bids: 20, Asks: 20
[1788896216440] TUI Render Frame -> Synced: true, Seq ID: 1788896210938000000, Bids: 20, Asks: 20
[1788896216491] TUI Render Frame -> Synced: true, Seq ID: 1788896210938000000, Bids: 20, Asks: 20
[1788896216541] TUI Render Frame -> Synced: true, Seq ID: 1788896210938000000, Bids: 20, Asks: 20
[1788896216592] TUI Render Frame -> Synced: true, Seq ID: 1788896210938000000, Bids: 20, Asks: 20
[1788896216642] TUI Render Frame -> Synced: true, Seq ID: 1788896210938000000, Bids: 20, Asks: 20
[1788896216692] TUI Render Frame -> Synced: true, Seq ID: 1788896210938000000, Bids: 20, Asks: 20
[1788896216741] TUI Render Frame -> Synced: true, Seq ID: 1788896210938000000, Bids: 20, Asks: 20
[1788896216791] TUI Render Frame -> Synced: true, Seq ID: 1788896210938000000, Bids: 20, Asks: 20
[1788896216797] Msg #54: Depth received | Bids: 20, Asks: 20, Timestamp ID: 1788896216369000000
[1788896216798] Reconciler book exists: true
[1788896216798] ui_tx.send status: true, receiver count: 1
[1788896216841] TUI Render Frame -> Synced: true, Seq ID: 1788896216369000000, Bids: 20, Asks: 20
[1788896216891] TUI Render Frame -> Synced: true, Seq ID: 1788896216369000000, Bids: 20, Asks: 20
[1788896216941] TUI Render Frame -> Synced: true, Seq ID: 1788896216369000000, Bids: 20, Asks: 20
[1788896216991] TUI Render Frame -> Synced: true, Seq ID: 1788896216369000000, Bids: 20, Asks: 20
[1788896217041] TUI Render Frame -> Synced: true, Seq ID: 1788896216369000000, Bids: 20, Asks: 20
[1788896217092] TUI Render Frame -> Synced: true, Seq ID: 1788896216369000000, Bids: 20, Asks: 20
[1788896217141] TUI Render Frame -> Synced: true, Seq ID: 1788896216369000000, Bids: 20, Asks: 20
[1788896217191] TUI Render Frame -> Synced: true, Seq ID: 1788896216369000000, Bids: 20, Asks: 20
[1788896217241] TUI Render Frame -> Synced: true, Seq ID: 1788896216369000000, Bids: 20, Asks: 20
[1788896217291] TUI Render Frame -> Synced: true, Seq ID: 1788896216369000000, Bids: 20, Asks: 20
[1788896217341] TUI Render Frame -> Synced: true, Seq ID: 1788896216369000000, Bids: 20, Asks: 20
[1788896217391] TUI Render Frame -> Synced: true, Seq ID: 1788896216369000000, Bids: 20, Asks: 20
[1788896217442] TUI Render Frame -> Synced: true, Seq ID: 1788896216369000000, Bids: 20, Asks: 20
[1788896217491] TUI Render Frame -> Synced: true, Seq ID: 1788896216369000000, Bids: 20, Asks: 20
[1788896217542] TUI Render Frame -> Synced: true, Seq ID: 1788896216369000000, Bids: 20, Asks: 20
[1788896217591] TUI Render Frame -> Synced: true, Seq ID: 1788896216369000000, Bids: 20, Asks: 20
[1788896217641] TUI Render Frame -> Synced: true, Seq ID: 1788896216369000000, Bids: 20, Asks: 20
[1788896217691] TUI Render Frame -> Synced: true, Seq ID: 1788896216369000000, Bids: 20, Asks: 20
[1788896217741] TUI Render Frame -> Synced: true, Seq ID: 1788896216369000000, Bids: 20, Asks: 20
[1788896217791] TUI Render Frame -> Synced: true, Seq ID: 1788896216369000000, Bids: 20, Asks: 20
[1788896217842] TUI Render Frame -> Synced: true, Seq ID: 1788896216369000000, Bids: 20, Asks: 20
[1788896217891] TUI Render Frame -> Synced: true, Seq ID: 1788896216369000000, Bids: 20, Asks: 20
[1788896217941] TUI Render Frame -> Synced: true, Seq ID: 1788896216369000000, Bids: 20, Asks: 20
[1788896217991] TUI Render Frame -> Synced: true, Seq ID: 1788896216369000000, Bids: 20, Asks: 20
[1788896218040] TUI Render Frame -> Synced: true, Seq ID: 1788896216369000000, Bids: 20, Asks: 20
[1788896218092] TUI Render Frame -> Synced: true, Seq ID: 1788896216369000000, Bids: 20, Asks: 20
[1788896218142] TUI Render Frame -> Synced: true, Seq ID: 1788896216369000000, Bids: 20, Asks: 20
[1788896218194] TUI Render Frame -> Synced: true, Seq ID: 1788896216369000000, Bids: 20, Asks: 20
[1788896218241] TUI Render Frame -> Synced: true, Seq ID: 1788896216369000000, Bids: 20, Asks: 20
[1788896218291] TUI Render Frame -> Synced: true, Seq ID: 1788896216369000000, Bids: 20, Asks: 20
[1788896218341] TUI Render Frame -> Synced: true, Seq ID: 1788896216369000000, Bids: 20, Asks: 20
[1788896218391] TUI Render Frame -> Synced: true, Seq ID: 1788896216369000000, Bids: 20, Asks: 20
[1788896218441] TUI Render Frame -> Synced: true, Seq ID: 1788896216369000000, Bids: 20, Asks: 20
[1788896218491] TUI Render Frame -> Synced: true, Seq ID: 1788896216369000000, Bids: 20, Asks: 20
[1788896218542] TUI Render Frame -> Synced: true, Seq ID: 1788896216369000000, Bids: 20, Asks: 20
[1788896218592] TUI Render Frame -> Synced: true, Seq ID: 1788896216369000000, Bids: 20, Asks: 20
[1788896218641] TUI Render Frame -> Synced: true, Seq ID: 1788896216369000000, Bids: 20, Asks: 20
[1788896218691] TUI Render Frame -> Synced: true, Seq ID: 1788896216369000000, Bids: 20, Asks: 20
[1788896218742] TUI Render Frame -> Synced: true, Seq ID: 1788896216369000000, Bids: 20, Asks: 20
[1788896218791] TUI Render Frame -> Synced: true, Seq ID: 1788896216369000000, Bids: 20, Asks: 20
[1788896218842] TUI Render Frame -> Synced: true, Seq ID: 1788896216369000000, Bids: 20, Asks: 20
[1788896218891] TUI Render Frame -> Synced: true, Seq ID: 1788896216369000000, Bids: 20, Asks: 20
[1788896218941] TUI Render Frame -> Synced: true, Seq ID: 1788896216369000000, Bids: 20, Asks: 20
[1788896218992] TUI Render Frame -> Synced: true, Seq ID: 1788896216369000000, Bids: 20, Asks: 20
[1788896219042] TUI Render Frame -> Synced: true, Seq ID: 1788896216369000000, Bids: 20, Asks: 20
[1788896219092] TUI Render Frame -> Synced: true, Seq ID: 1788896216369000000, Bids: 20, Asks: 20
[1788896219141] TUI Render Frame -> Synced: true, Seq ID: 1788896216369000000, Bids: 20, Asks: 20
[1788896219190] TUI Render Frame -> Synced: true, Seq ID: 1788896216369000000, Bids: 20, Asks: 20
[1788896219241] TUI Render Frame -> Synced: true, Seq ID: 1788896216369000000, Bids: 20, Asks: 20
[1788896219291] TUI Render Frame -> Synced: true, Seq ID: 1788896216369000000, Bids: 20, Asks: 20
[1788896219341] TUI Render Frame -> Synced: true, Seq ID: 1788896216369000000, Bids: 20, Asks: 20
[1788896219391] TUI Render Frame -> Synced: true, Seq ID: 1788896216369000000, Bids: 20, Asks: 20
[1788896219441] TUI Render Frame -> Synced: true, Seq ID: 1788896216369000000, Bids: 20, Asks: 20
[1788896219492] TUI Render Frame -> Synced: true, Seq ID: 1788896216369000000, Bids: 20, Asks: 20
[1788896219541] TUI Render Frame -> Synced: true, Seq ID: 1788896216369000000, Bids: 20, Asks: 20
[1788896219592] TUI Render Frame -> Synced: true, Seq ID: 1788896216369000000, Bids: 20, Asks: 20
[1788896219641] TUI Render Frame -> Synced: true, Seq ID: 1788896216369000000, Bids: 20, Asks: 20
[1788896219691] TUI Render Frame -> Synced: true, Seq ID: 1788896216369000000, Bids: 20, Asks: 20
[1788896219743] TUI Render Frame -> Synced: true, Seq ID: 1788896216369000000, Bids: 20, Asks: 20
[1788896219791] TUI Render Frame -> Synced: true, Seq ID: 1788896216369000000, Bids: 20, Asks: 20
[1788896219840] TUI Render Frame -> Synced: true, Seq ID: 1788896216369000000, Bids: 20, Asks: 20
[1788896219891] TUI Render Frame -> Synced: true, Seq ID: 1788896216369000000, Bids: 20, Asks: 20
[1788896219941] TUI Render Frame -> Synced: true, Seq ID: 1788896216369000000, Bids: 20, Asks: 20
[1788896219991] TUI Render Frame -> Synced: true, Seq ID: 1788896216369000000, Bids: 20, Asks: 20
[1788896220042] TUI Render Frame -> Synced: true, Seq ID: 1788896216369000000, Bids: 20, Asks: 20
[1788896220091] TUI Render Frame -> Synced: true, Seq ID: 1788896216369000000, Bids: 20, Asks: 20
[1788896220141] TUI Render Frame -> Synced: true, Seq ID: 1788896216369000000, Bids: 20, Asks: 20
[1788896220191] TUI Render Frame -> Synced: true, Seq ID: 1788896216369000000, Bids: 20, Asks: 20
[1788896220241] TUI Render Frame -> Synced: true, Seq ID: 1788896216369000000, Bids: 20, Asks: 20
[1788896220292] TUI Render Frame -> Synced: true, Seq ID: 1788896216369000000, Bids: 20, Asks: 20
[1788896220341] TUI Render Frame -> Synced: true, Seq ID: 1788896216369000000, Bids: 20, Asks: 20
[1788896220392] TUI Render Frame -> Synced: true, Seq ID: 1788896216369000000, Bids: 20, Asks: 20
[1788896220441] TUI Render Frame -> Synced: true, Seq ID: 1788896216369000000, Bids: 20, Asks: 20
[1788896220491] TUI Render Frame -> Synced: true, Seq ID: 1788896216369000000, Bids: 20, Asks: 20
[1788896220541] TUI Render Frame -> Synced: true, Seq ID: 1788896216369000000, Bids: 20, Asks: 20
[1788896220592] TUI Render Frame -> Synced: true, Seq ID: 1788896216369000000, Bids: 20, Asks: 20
[1788896220641] TUI Render Frame -> Synced: true, Seq ID: 1788896216369000000, Bids: 20, Asks: 20
[1788896220692] TUI Render Frame -> Synced: true, Seq ID: 1788896216369000000, Bids: 20, Asks: 20
[1788896220742] TUI Render Frame -> Synced: true, Seq ID: 1788896216369000000, Bids: 20, Asks: 20
[1788896220790] TUI Render Frame -> Synced: true, Seq ID: 1788896216369000000, Bids: 20, Asks: 20
[1788896220842] TUI Render Frame -> Synced: true, Seq ID: 1788896216369000000, Bids: 20, Asks: 20
[1788896220892] TUI Render Frame -> Synced: true, Seq ID: 1788896216369000000, Bids: 20, Asks: 20
[1788896220942] TUI Render Frame -> Synced: true, Seq ID: 1788896216369000000, Bids: 20, Asks: 20
[1788896220991] TUI Render Frame -> Synced: true, Seq ID: 1788896216369000000, Bids: 20, Asks: 20
[1788896221041] TUI Render Frame -> Synced: true, Seq ID: 1788896216369000000, Bids: 20, Asks: 20
[1788896221092] TUI Render Frame -> Synced: true, Seq ID: 1788896216369000000, Bids: 20, Asks: 20
[1788896221142] TUI Render Frame -> Synced: true, Seq ID: 1788896216369000000, Bids: 20, Asks: 20
[1788896221192] TUI Render Frame -> Synced: true, Seq ID: 1788896216369000000, Bids: 20, Asks: 20
[1788896221240] TUI Render Frame -> Synced: true, Seq ID: 1788896216369000000, Bids: 20, Asks: 20
[1788896221291] TUI Render Frame -> Synced: true, Seq ID: 1788896216369000000, Bids: 20, Asks: 20
[1788896221341] TUI Render Frame -> Synced: true, Seq ID: 1788896216369000000, Bids: 20, Asks: 20
[1788896221392] TUI Render Frame -> Synced: true, Seq ID: 1788896216369000000, Bids: 20, Asks: 20
[1788896221441] TUI Render Frame -> Synced: true, Seq ID: 1788896216369000000, Bids: 20, Asks: 20
[1788896221492] TUI Render Frame -> Synced: true, Seq ID: 1788896216369000000, Bids: 20, Asks: 20
[1788896221542] TUI Render Frame -> Synced: true, Seq ID: 1788896216369000000, Bids: 20, Asks: 20
[1788896221592] TUI Render Frame -> Synced: true, Seq ID: 1788896216369000000, Bids: 20, Asks: 20
[1788896221642] TUI Render Frame -> Synced: true, Seq ID: 1788896216369000000, Bids: 20, Asks: 20
[1788896221691] TUI Render Frame -> Synced: true, Seq ID: 1788896216369000000, Bids: 20, Asks: 20
[1788896221741] TUI Render Frame -> Synced: true, Seq ID: 1788896216369000000, Bids: 20, Asks: 20
[1788896221791] TUI Render Frame -> Synced: true, Seq ID: 1788896216369000000, Bids: 20, Asks: 20
[1788896221841] TUI Render Frame -> Synced: true, Seq ID: 1788896216369000000, Bids: 20, Asks: 20
[1788896221892] TUI Render Frame -> Synced: true, Seq ID: 1788896216369000000, Bids: 20, Asks: 20
[1788896221941] TUI Render Frame -> Synced: true, Seq ID: 1788896216369000000, Bids: 20, Asks: 20
[1788896221991] TUI Render Frame -> Synced: true, Seq ID: 1788896216369000000, Bids: 20, Asks: 20
[1788896222042] TUI Render Frame -> Synced: true, Seq ID: 1788896216369000000, Bids: 20, Asks: 20
[1788896222092] TUI Render Frame -> Synced: true, Seq ID: 1788896216369000000, Bids: 20, Asks: 20
[1788896222141] TUI Render Frame -> Synced: true, Seq ID: 1788896216369000000, Bids: 20, Asks: 20
[1788896222192] TUI Render Frame -> Synced: true, Seq ID: 1788896216369000000, Bids: 20, Asks: 20
[1788896222241] TUI Render Frame -> Synced: true, Seq ID: 1788896216369000000, Bids: 20, Asks: 20
[1788896222292] TUI Render Frame -> Synced: true, Seq ID: 1788896216369000000, Bids: 20, Asks: 20
[1788896222313] Msg #55: Depth received | Bids: 20, Asks: 20, Timestamp ID: 1788896221863000000
[1788896222313] Reconciler book exists: true
[1788896222313] ui_tx.send status: true, receiver count: 1
[1788896222341] TUI Render Frame -> Synced: true, Seq ID: 1788896221863000000, Bids: 20, Asks: 20
[1788896222391] TUI Render Frame -> Synced: true, Seq ID: 1788896221863000000, Bids: 20, Asks: 20
[1788896222441] TUI Render Frame -> Synced: true, Seq ID: 1788896221863000000, Bids: 20, Asks: 20
[1788896222491] TUI Render Frame -> Synced: true, Seq ID: 1788896221863000000, Bids: 20, Asks: 20
[1788896222541] TUI Render Frame -> Synced: true, Seq ID: 1788896221863000000, Bids: 20, Asks: 20
[1788896222591] TUI Render Frame -> Synced: true, Seq ID: 1788896221863000000, Bids: 20, Asks: 20
[1788896222642] TUI Render Frame -> Synced: true, Seq ID: 1788896221863000000, Bids: 20, Asks: 20
[1788896222691] TUI Render Frame -> Synced: true, Seq ID: 1788896221863000000, Bids: 20, Asks: 20
[1788896222741] TUI Render Frame -> Synced: true, Seq ID: 1788896221863000000, Bids: 20, Asks: 20
[1788896222791] TUI Render Frame -> Synced: true, Seq ID: 1788896221863000000, Bids: 20, Asks: 20
[1788896222840] TUI Render Frame -> Synced: true, Seq ID: 1788896221863000000, Bids: 20, Asks: 20
[1788896222891] TUI Render Frame -> Synced: true, Seq ID: 1788896221863000000, Bids: 20, Asks: 20
[1788896222942] TUI Render Frame -> Synced: true, Seq ID: 1788896221863000000, Bids: 20, Asks: 20
[1788896222991] TUI Render Frame -> Synced: true, Seq ID: 1788896221863000000, Bids: 20, Asks: 20
[1788896223041] TUI Render Frame -> Synced: true, Seq ID: 1788896221863000000, Bids: 20, Asks: 20
[1788896223092] TUI Render Frame -> Synced: true, Seq ID: 1788896221863000000, Bids: 20, Asks: 20
[1788896223142] TUI Render Frame -> Synced: true, Seq ID: 1788896221863000000, Bids: 20, Asks: 20
[1788896223191] TUI Render Frame -> Synced: true, Seq ID: 1788896221863000000, Bids: 20, Asks: 20
[1788896223241] TUI Render Frame -> Synced: true, Seq ID: 1788896221863000000, Bids: 20, Asks: 20
[1788896223290] TUI Render Frame -> Synced: true, Seq ID: 1788896221863000000, Bids: 20, Asks: 20
[1788896223342] TUI Render Frame -> Synced: true, Seq ID: 1788896221863000000, Bids: 20, Asks: 20
[1788896223391] TUI Render Frame -> Synced: true, Seq ID: 1788896221863000000, Bids: 20, Asks: 20
[1788896223442] TUI Render Frame -> Synced: true, Seq ID: 1788896221863000000, Bids: 20, Asks: 20
[1788896223492] TUI Render Frame -> Synced: true, Seq ID: 1788896221863000000, Bids: 20, Asks: 20
[1788896223541] TUI Render Frame -> Synced: true, Seq ID: 1788896221863000000, Bids: 20, Asks: 20
[1788896223591] TUI Render Frame -> Synced: true, Seq ID: 1788896221863000000, Bids: 20, Asks: 20
[1788896223642] TUI Render Frame -> Synced: true, Seq ID: 1788896221863000000, Bids: 20, Asks: 20
[1788896223700] TUI Render Frame -> Synced: true, Seq ID: 1788896221863000000, Bids: 20, Asks: 20
[1788896223740] TUI Render Frame -> Synced: true, Seq ID: 1788896221863000000, Bids: 20, Asks: 20
[1788896223791] TUI Render Frame -> Synced: true, Seq ID: 1788896221863000000, Bids: 20, Asks: 20
[1788896223842] TUI Render Frame -> Synced: true, Seq ID: 1788896221863000000, Bids: 20, Asks: 20
[1788896223892] TUI Render Frame -> Synced: true, Seq ID: 1788896221863000000, Bids: 20, Asks: 20
[1788896223941] TUI Render Frame -> Synced: true, Seq ID: 1788896221863000000, Bids: 20, Asks: 20
[1788896223991] TUI Render Frame -> Synced: true, Seq ID: 1788896221863000000, Bids: 20, Asks: 20
[1788896224042] TUI Render Frame -> Synced: true, Seq ID: 1788896221863000000, Bids: 20, Asks: 20
[1788896224091] TUI Render Frame -> Synced: true, Seq ID: 1788896221863000000, Bids: 20, Asks: 20
[1788896224141] TUI Render Frame -> Synced: true, Seq ID: 1788896221863000000, Bids: 20, Asks: 20
[1788896224191] TUI Render Frame -> Synced: true, Seq ID: 1788896221863000000, Bids: 20, Asks: 20
[1788896224242] TUI Render Frame -> Synced: true, Seq ID: 1788896221863000000, Bids: 20, Asks: 20
[1788896224291] TUI Render Frame -> Synced: true, Seq ID: 1788896221863000000, Bids: 20, Asks: 20
[1788896224341] TUI Render Frame -> Synced: true, Seq ID: 1788896221863000000, Bids: 20, Asks: 20
[1788896224391] TUI Render Frame -> Synced: true, Seq ID: 1788896221863000000, Bids: 20, Asks: 20
[1788896224441] TUI Render Frame -> Synced: true, Seq ID: 1788896221863000000, Bids: 20, Asks: 20
[1788896224491] TUI Render Frame -> Synced: true, Seq ID: 1788896221863000000, Bids: 20, Asks: 20
[1788896224541] TUI Render Frame -> Synced: true, Seq ID: 1788896221863000000, Bids: 20, Asks: 20
[1788896224592] TUI Render Frame -> Synced: true, Seq ID: 1788896221863000000, Bids: 20, Asks: 20
[1788896224642] TUI Render Frame -> Synced: true, Seq ID: 1788896221863000000, Bids: 20, Asks: 20
[1788896224693] TUI Render Frame -> Synced: true, Seq ID: 1788896221863000000, Bids: 20, Asks: 20
[1788896224741] TUI Render Frame -> Synced: true, Seq ID: 1788896221863000000, Bids: 20, Asks: 20
[1788896224791] TUI Render Frame -> Synced: true, Seq ID: 1788896221863000000, Bids: 20, Asks: 20
[1788896224841] TUI Render Frame -> Synced: true, Seq ID: 1788896221863000000, Bids: 20, Asks: 20
[1788896224891] TUI Render Frame -> Synced: true, Seq ID: 1788896221863000000, Bids: 20, Asks: 20
[1788896224941] TUI Render Frame -> Synced: true, Seq ID: 1788896221863000000, Bids: 20, Asks: 20
[1788896224992] TUI Render Frame -> Synced: true, Seq ID: 1788896221863000000, Bids: 20, Asks: 20
[1788896225041] TUI Render Frame -> Synced: true, Seq ID: 1788896221863000000, Bids: 20, Asks: 20
[1788896225092] TUI Render Frame -> Synced: true, Seq ID: 1788896221863000000, Bids: 20, Asks: 20
[1788896225142] TUI Render Frame -> Synced: true, Seq ID: 1788896221863000000, Bids: 20, Asks: 20
[1788896225192] TUI Render Frame -> Synced: true, Seq ID: 1788896221863000000, Bids: 20, Asks: 20
[1788896225241] TUI Render Frame -> Synced: true, Seq ID: 1788896221863000000, Bids: 20, Asks: 20
[1788896225292] TUI Render Frame -> Synced: true, Seq ID: 1788896221863000000, Bids: 20, Asks: 20
[1788896225341] TUI Render Frame -> Synced: true, Seq ID: 1788896221863000000, Bids: 20, Asks: 20
[1788896225391] TUI Render Frame -> Synced: true, Seq ID: 1788896221863000000, Bids: 20, Asks: 20
[1788896225441] TUI Render Frame -> Synced: true, Seq ID: 1788896221863000000, Bids: 20, Asks: 20
[1788896225492] TUI Render Frame -> Synced: true, Seq ID: 1788896221863000000, Bids: 20, Asks: 20
[1788896225542] TUI Render Frame -> Synced: true, Seq ID: 1788896221863000000, Bids: 20, Asks: 20
[1788896225590] TUI Render Frame -> Synced: true, Seq ID: 1788896221863000000, Bids: 20, Asks: 20
[1788896225641] TUI Render Frame -> Synced: true, Seq ID: 1788896221863000000, Bids: 20, Asks: 20
[1788896225691] TUI Render Frame -> Synced: true, Seq ID: 1788896221863000000, Bids: 20, Asks: 20
[1788896225741] TUI Render Frame -> Synced: true, Seq ID: 1788896221863000000, Bids: 20, Asks: 20
[1788896225792] TUI Render Frame -> Synced: true, Seq ID: 1788896221863000000, Bids: 20, Asks: 20
[1788896225841] TUI Render Frame -> Synced: true, Seq ID: 1788896221863000000, Bids: 20, Asks: 20
[1788896225892] TUI Render Frame -> Synced: true, Seq ID: 1788896221863000000, Bids: 20, Asks: 20
[1788896225941] TUI Render Frame -> Synced: true, Seq ID: 1788896221863000000, Bids: 20, Asks: 20
[1788896225991] TUI Render Frame -> Synced: true, Seq ID: 1788896221863000000, Bids: 20, Asks: 20
[1788896226041] TUI Render Frame -> Synced: true, Seq ID: 1788896221863000000, Bids: 20, Asks: 20
[1788896226091] TUI Render Frame -> Synced: true, Seq ID: 1788896221863000000, Bids: 20, Asks: 20
[1788896226142] TUI Render Frame -> Synced: true, Seq ID: 1788896221863000000, Bids: 20, Asks: 20
[1788896226191] TUI Render Frame -> Synced: true, Seq ID: 1788896221863000000, Bids: 20, Asks: 20
[1788896226241] TUI Render Frame -> Synced: true, Seq ID: 1788896221863000000, Bids: 20, Asks: 20
[1788896226291] TUI Render Frame -> Synced: true, Seq ID: 1788896221863000000, Bids: 20, Asks: 20
[1788896226341] TUI Render Frame -> Synced: true, Seq ID: 1788896221863000000, Bids: 20, Asks: 20
[1788896226391] TUI Render Frame -> Synced: true, Seq ID: 1788896221863000000, Bids: 20, Asks: 20
[1788896226441] TUI Render Frame -> Synced: true, Seq ID: 1788896221863000000, Bids: 20, Asks: 20
[1788896226491] TUI Render Frame -> Synced: true, Seq ID: 1788896221863000000, Bids: 20, Asks: 20
[1788896226542] TUI Render Frame -> Synced: true, Seq ID: 1788896221863000000, Bids: 20, Asks: 20
[1788896226592] TUI Render Frame -> Synced: true, Seq ID: 1788896221863000000, Bids: 20, Asks: 20
[1788896226642] TUI Render Frame -> Synced: true, Seq ID: 1788896221863000000, Bids: 20, Asks: 20
[1788896226692] TUI Render Frame -> Synced: true, Seq ID: 1788896221863000000, Bids: 20, Asks: 20
[1788896226742] TUI Render Frame -> Synced: true, Seq ID: 1788896221863000000, Bids: 20, Asks: 20
[1788896226791] TUI Render Frame -> Synced: true, Seq ID: 1788896221863000000, Bids: 20, Asks: 20
[1788896226841] TUI Render Frame -> Synced: true, Seq ID: 1788896221863000000, Bids: 20, Asks: 20
[1788896226892] TUI Render Frame -> Synced: true, Seq ID: 1788896221863000000, Bids: 20, Asks: 20
[1788896226942] TUI Render Frame -> Synced: true, Seq ID: 1788896221863000000, Bids: 20, Asks: 20
[1788896226992] TUI Render Frame -> Synced: true, Seq ID: 1788896221863000000, Bids: 20, Asks: 20
[1788896227041] TUI Render Frame -> Synced: true, Seq ID: 1788896221863000000, Bids: 20, Asks: 20
[1788896227092] TUI Render Frame -> Synced: true, Seq ID: 1788896221863000000, Bids: 20, Asks: 20
[1788896227141] TUI Render Frame -> Synced: true, Seq ID: 1788896221863000000, Bids: 20, Asks: 20
[1788896227191] TUI Render Frame -> Synced: true, Seq ID: 1788896221863000000, Bids: 20, Asks: 20
[1788896227241] TUI Render Frame -> Synced: true, Seq ID: 1788896221863000000, Bids: 20, Asks: 20
[1788896227292] TUI Render Frame -> Synced: true, Seq ID: 1788896221863000000, Bids: 20, Asks: 20
[1788896227342] TUI Render Frame -> Synced: true, Seq ID: 1788896221863000000, Bids: 20, Asks: 20
[1788896227392] TUI Render Frame -> Synced: true, Seq ID: 1788896221863000000, Bids: 20, Asks: 20
[1788896227426] Msg #56: Depth received | Bids: 20, Asks: 20, Timestamp ID: 1788896226893000000
[1788896227427] Reconciler book exists: true
[1788896227427] ui_tx.send status: true, receiver count: 1
[1788896227442] TUI Render Frame -> Synced: true, Seq ID: 1788896226893000000, Bids: 20, Asks: 20
[1788896227491] TUI Render Frame -> Synced: true, Seq ID: 1788896226893000000, Bids: 20, Asks: 20
[1788896227541] TUI Render Frame -> Synced: true, Seq ID: 1788896226893000000, Bids: 20, Asks: 20
[1788896227591] TUI Render Frame -> Synced: true, Seq ID: 1788896226893000000, Bids: 20, Asks: 20
[1788896227641] TUI Render Frame -> Synced: true, Seq ID: 1788896226893000000, Bids: 20, Asks: 20
[1788896227691] TUI Render Frame -> Synced: true, Seq ID: 1788896226893000000, Bids: 20, Asks: 20
[1788896227741] TUI Render Frame -> Synced: true, Seq ID: 1788896226893000000, Bids: 20, Asks: 20
[1788896227792] TUI Render Frame -> Synced: true, Seq ID: 1788896226893000000, Bids: 20, Asks: 20
[1788896227842] TUI Render Frame -> Synced: true, Seq ID: 1788896226893000000, Bids: 20, Asks: 20
[1788896227891] TUI Render Frame -> Synced: true, Seq ID: 1788896226893000000, Bids: 20, Asks: 20
[1788896227941] TUI Render Frame -> Synced: true, Seq ID: 1788896226893000000, Bids: 20, Asks: 20
[1788896227991] TUI Render Frame -> Synced: true, Seq ID: 1788896226893000000, Bids: 20, Asks: 20
[1788896228041] TUI Render Frame -> Synced: true, Seq ID: 1788896226893000000, Bids: 20, Asks: 20
[1788896228091] TUI Render Frame -> Synced: true, Seq ID: 1788896226893000000, Bids: 20, Asks: 20
[1788896228142] TUI Render Frame -> Synced: true, Seq ID: 1788896226893000000, Bids: 20, Asks: 20
[1788896228191] TUI Render Frame -> Synced: true, Seq ID: 1788896226893000000, Bids: 20, Asks: 20
[1788896228241] TUI Render Frame -> Synced: true, Seq ID: 1788896226893000000, Bids: 20, Asks: 20
[1788896228291] TUI Render Frame -> Synced: true, Seq ID: 1788896226893000000, Bids: 20, Asks: 20
[1788896228341] TUI Render Frame -> Synced: true, Seq ID: 1788896226893000000, Bids: 20, Asks: 20
[1788896228391] TUI Render Frame -> Synced: true, Seq ID: 1788896226893000000, Bids: 20, Asks: 20
[1788896228442] TUI Render Frame -> Synced: true, Seq ID: 1788896226893000000, Bids: 20, Asks: 20
[1788896228491] TUI Render Frame -> Synced: true, Seq ID: 1788896226893000000, Bids: 20, Asks: 20
[1788896228541] TUI Render Frame -> Synced: true, Seq ID: 1788896226893000000, Bids: 20, Asks: 20
[1788896228592] TUI Render Frame -> Synced: true, Seq ID: 1788896226893000000, Bids: 20, Asks: 20
[1788896228641] TUI Render Frame -> Synced: true, Seq ID: 1788896226893000000, Bids: 20, Asks: 20
[1788896228700] TUI Render Frame -> Synced: true, Seq ID: 1788896226893000000, Bids: 20, Asks: 20
[1788896228742] TUI Render Frame -> Synced: true, Seq ID: 1788896226893000000, Bids: 20, Asks: 20
[1788896228790] TUI Render Frame -> Synced: true, Seq ID: 1788896226893000000, Bids: 20, Asks: 20
[1788896228841] TUI Render Frame -> Synced: true, Seq ID: 1788896226893000000, Bids: 20, Asks: 20
[1788896228892] TUI Render Frame -> Synced: true, Seq ID: 1788896226893000000, Bids: 20, Asks: 20
[1788896228941] TUI Render Frame -> Synced: true, Seq ID: 1788896226893000000, Bids: 20, Asks: 20
[1788896228992] TUI Render Frame -> Synced: true, Seq ID: 1788896226893000000, Bids: 20, Asks: 20
[1788896229041] TUI Render Frame -> Synced: true, Seq ID: 1788896226893000000, Bids: 20, Asks: 20
[1788896229091] TUI Render Frame -> Synced: true, Seq ID: 1788896226893000000, Bids: 20, Asks: 20
[1788896229142] TUI Render Frame -> Synced: true, Seq ID: 1788896226893000000, Bids: 20, Asks: 20
[1788896229191] TUI Render Frame -> Synced: true, Seq ID: 1788896226893000000, Bids: 20, Asks: 20
[1788896229240] TUI Render Frame -> Synced: true, Seq ID: 1788896226893000000, Bids: 20, Asks: 20
[1788896229292] TUI Render Frame -> Synced: true, Seq ID: 1788896226893000000, Bids: 20, Asks: 20
[1788896229342] TUI Render Frame -> Synced: true, Seq ID: 1788896226893000000, Bids: 20, Asks: 20
[1788896229392] TUI Render Frame -> Synced: true, Seq ID: 1788896226893000000, Bids: 20, Asks: 20
[1788896229441] TUI Render Frame -> Synced: true, Seq ID: 1788896226893000000, Bids: 20, Asks: 20
[1788896229492] TUI Render Frame -> Synced: true, Seq ID: 1788896226893000000, Bids: 20, Asks: 20
[1788896229541] TUI Render Frame -> Synced: true, Seq ID: 1788896226893000000, Bids: 20, Asks: 20
[1788896229591] TUI Render Frame -> Synced: true, Seq ID: 1788896226893000000, Bids: 20, Asks: 20
[1788896229641] TUI Render Frame -> Synced: true, Seq ID: 1788896226893000000, Bids: 20, Asks: 20
[1788896229691] TUI Render Frame -> Synced: true, Seq ID: 1788896226893000000, Bids: 20, Asks: 20
[1788896229742] TUI Render Frame -> Synced: true, Seq ID: 1788896226893000000, Bids: 20, Asks: 20
[1788896229791] TUI Render Frame -> Synced: true, Seq ID: 1788896226893000000, Bids: 20, Asks: 20
[1788896229841] TUI Render Frame -> Synced: true, Seq ID: 1788896226893000000, Bids: 20, Asks: 20
[1788896229892] TUI Render Frame -> Synced: true, Seq ID: 1788896226893000000, Bids: 20, Asks: 20
[1788896229942] TUI Render Frame -> Synced: true, Seq ID: 1788896226893000000, Bids: 20, Asks: 20
[1788896229991] TUI Render Frame -> Synced: true, Seq ID: 1788896226893000000, Bids: 20, Asks: 20
[1788896230042] TUI Render Frame -> Synced: true, Seq ID: 1788896226893000000, Bids: 20, Asks: 20
[1788896230091] TUI Render Frame -> Synced: true, Seq ID: 1788896226893000000, Bids: 20, Asks: 20
[1788896230141] TUI Render Frame -> Synced: true, Seq ID: 1788896226893000000, Bids: 20, Asks: 20
[1788896230191] TUI Render Frame -> Synced: true, Seq ID: 1788896226893000000, Bids: 20, Asks: 20
[1788896230242] TUI Render Frame -> Synced: true, Seq ID: 1788896226893000000, Bids: 20, Asks: 20
[1788896230292] TUI Render Frame -> Synced: true, Seq ID: 1788896226893000000, Bids: 20, Asks: 20
[1788896230342] TUI Render Frame -> Synced: true, Seq ID: 1788896226893000000, Bids: 20, Asks: 20
[1788896230391] TUI Render Frame -> Synced: true, Seq ID: 1788896226893000000, Bids: 20, Asks: 20
[1788896230442] TUI Render Frame -> Synced: true, Seq ID: 1788896226893000000, Bids: 20, Asks: 20
[1788896230492] TUI Render Frame -> Synced: true, Seq ID: 1788896226893000000, Bids: 20, Asks: 20
[1788896230541] TUI Render Frame -> Synced: true, Seq ID: 1788896226893000000, Bids: 20, Asks: 20
[1788896230590] TUI Render Frame -> Synced: true, Seq ID: 1788896226893000000, Bids: 20, Asks: 20
[1788896230641] TUI Render Frame -> Synced: true, Seq ID: 1788896226893000000, Bids: 20, Asks: 20
[1788896230692] TUI Render Frame -> Synced: true, Seq ID: 1788896226893000000, Bids: 20, Asks: 20
[1788896230741] TUI Render Frame -> Synced: true, Seq ID: 1788896226893000000, Bids: 20, Asks: 20
[1788896230791] TUI Render Frame -> Synced: true, Seq ID: 1788896226893000000, Bids: 20, Asks: 20
[1788896230841] TUI Render Frame -> Synced: true, Seq ID: 1788896226893000000, Bids: 20, Asks: 20
[1788896230891] TUI Render Frame -> Synced: true, Seq ID: 1788896226893000000, Bids: 20, Asks: 20
[1788896230942] TUI Render Frame -> Synced: true, Seq ID: 1788896226893000000, Bids: 20, Asks: 20
[1788896230992] TUI Render Frame -> Synced: true, Seq ID: 1788896226893000000, Bids: 20, Asks: 20
[1788896231041] TUI Render Frame -> Synced: true, Seq ID: 1788896226893000000, Bids: 20, Asks: 20
[1788896231091] TUI Render Frame -> Synced: true, Seq ID: 1788896226893000000, Bids: 20, Asks: 20
[1788896231141] TUI Render Frame -> Synced: true, Seq ID: 1788896226893000000, Bids: 20, Asks: 20
[1788896231191] TUI Render Frame -> Synced: true, Seq ID: 1788896226893000000, Bids: 20, Asks: 20
[1788896231242] TUI Render Frame -> Synced: true, Seq ID: 1788896226893000000, Bids: 20, Asks: 20
[1788896231290] TUI Render Frame -> Synced: true, Seq ID: 1788896226893000000, Bids: 20, Asks: 20
[1788896231342] TUI Render Frame -> Synced: true, Seq ID: 1788896226893000000, Bids: 20, Asks: 20
[1788896231397] TUI Render Frame -> Synced: true, Seq ID: 1788896226893000000, Bids: 20, Asks: 20
[1788896231441] TUI Render Frame -> Synced: true, Seq ID: 1788896226893000000, Bids: 20, Asks: 20
[1788896231491] TUI Render Frame -> Synced: true, Seq ID: 1788896226893000000, Bids: 20, Asks: 20
[1788896231541] TUI Render Frame -> Synced: true, Seq ID: 1788896226893000000, Bids: 20, Asks: 20
[1788896231592] TUI Render Frame -> Synced: true, Seq ID: 1788896226893000000, Bids: 20, Asks: 20
[1788896231641] TUI Render Frame -> Synced: true, Seq ID: 1788896226893000000, Bids: 20, Asks: 20
[1788896231692] TUI Render Frame -> Synced: true, Seq ID: 1788896226893000000, Bids: 20, Asks: 20
[1788896231741] TUI Render Frame -> Synced: true, Seq ID: 1788896226893000000, Bids: 20, Asks: 20
[1788896231791] TUI Render Frame -> Synced: true, Seq ID: 1788896226893000000, Bids: 20, Asks: 20
[1788896231841] TUI Render Frame -> Synced: true, Seq ID: 1788896226893000000, Bids: 20, Asks: 20
[1788896231892] TUI Render Frame -> Synced: true, Seq ID: 1788896226893000000, Bids: 20, Asks: 20
[1788896231942] TUI Render Frame -> Synced: true, Seq ID: 1788896226893000000, Bids: 20, Asks: 20
[1788896231990] TUI Render Frame -> Synced: true, Seq ID: 1788896226893000000, Bids: 20, Asks: 20
[1788896232041] TUI Render Frame -> Synced: true, Seq ID: 1788896226893000000, Bids: 20, Asks: 20
[1788896232091] TUI Render Frame -> Synced: true, Seq ID: 1788896226893000000, Bids: 20, Asks: 20
[1788896232142] TUI Render Frame -> Synced: true, Seq ID: 1788896226893000000, Bids: 20, Asks: 20
[1788896232191] TUI Render Frame -> Synced: true, Seq ID: 1788896226893000000, Bids: 20, Asks: 20
[1788896232242] TUI Render Frame -> Synced: true, Seq ID: 1788896226893000000, Bids: 20, Asks: 20
[1788896232291] TUI Render Frame -> Synced: true, Seq ID: 1788896226893000000, Bids: 20, Asks: 20
[1788896232341] TUI Render Frame -> Synced: true, Seq ID: 1788896226893000000, Bids: 20, Asks: 20
[1788896232391] TUI Render Frame -> Synced: true, Seq ID: 1788896226893000000, Bids: 20, Asks: 20
[1788896232441] TUI Render Frame -> Synced: true, Seq ID: 1788896226893000000, Bids: 20, Asks: 20
[1788896232491] TUI Render Frame -> Synced: true, Seq ID: 1788896226893000000, Bids: 20, Asks: 20
[1788896232529] Msg #57: Depth received | Bids: 20, Asks: 20, Timestamp ID: 1788896232197000000
[1788896232529] Reconciler book exists: true
[1788896232529] ui_tx.send status: true, receiver count: 1
[1788896232542] TUI Render Frame -> Synced: true, Seq ID: 1788896232197000000, Bids: 20, Asks: 20
[1788896232592] TUI Render Frame -> Synced: true, Seq ID: 1788896232197000000, Bids: 20, Asks: 20
[1788896232642] TUI Render Frame -> Synced: true, Seq ID: 1788896232197000000, Bids: 20, Asks: 20
[1788896232692] TUI Render Frame -> Synced: true, Seq ID: 1788896232197000000, Bids: 20, Asks: 20
[1788896232742] TUI Render Frame -> Synced: true, Seq ID: 1788896232197000000, Bids: 20, Asks: 20
[1788896232792] TUI Render Frame -> Synced: true, Seq ID: 1788896232197000000, Bids: 20, Asks: 20
[1788896232842] TUI Render Frame -> Synced: true, Seq ID: 1788896232197000000, Bids: 20, Asks: 20
[1788896232891] TUI Render Frame -> Synced: true, Seq ID: 1788896232197000000, Bids: 20, Asks: 20
[1788896232941] TUI Render Frame -> Synced: true, Seq ID: 1788896232197000000, Bids: 20, Asks: 20
[1788896232991] TUI Render Frame -> Synced: true, Seq ID: 1788896232197000000, Bids: 20, Asks: 20
[1788896233041] TUI Render Frame -> Synced: true, Seq ID: 1788896232197000000, Bids: 20, Asks: 20
[1788896233092] TUI Render Frame -> Synced: true, Seq ID: 1788896232197000000, Bids: 20, Asks: 20
[1788896233141] TUI Render Frame -> Synced: true, Seq ID: 1788896232197000000, Bids: 20, Asks: 20
[1788896233192] TUI Render Frame -> Synced: true, Seq ID: 1788896232197000000, Bids: 20, Asks: 20
[1788896233241] TUI Render Frame -> Synced: true, Seq ID: 1788896232197000000, Bids: 20, Asks: 20
[1788896233291] TUI Render Frame -> Synced: true, Seq ID: 1788896232197000000, Bids: 20, Asks: 20
[1788896233341] TUI Render Frame -> Synced: true, Seq ID: 1788896232197000000, Bids: 20, Asks: 20
[1788896233392] TUI Render Frame -> Synced: true, Seq ID: 1788896232197000000, Bids: 20, Asks: 20
[1788896233442] TUI Render Frame -> Synced: true, Seq ID: 1788896232197000000, Bids: 20, Asks: 20
[1788896233492] TUI Render Frame -> Synced: true, Seq ID: 1788896232197000000, Bids: 20, Asks: 20
[1788896233542] TUI Render Frame -> Synced: true, Seq ID: 1788896232197000000, Bids: 20, Asks: 20
[1788896233590] TUI Render Frame -> Synced: true, Seq ID: 1788896232197000000, Bids: 20, Asks: 20
[1788896233641] TUI Render Frame -> Synced: true, Seq ID: 1788896232197000000, Bids: 20, Asks: 20
[1788896233692] TUI Render Frame -> Synced: true, Seq ID: 1788896232197000000, Bids: 20, Asks: 20
[1788896233742] TUI Render Frame -> Synced: true, Seq ID: 1788896232197000000, Bids: 20, Asks: 20
[1788896233791] TUI Render Frame -> Synced: true, Seq ID: 1788896232197000000, Bids: 20, Asks: 20
[1788896233841] TUI Render Frame -> Synced: true, Seq ID: 1788896232197000000, Bids: 20, Asks: 20
[1788896233891] TUI Render Frame -> Synced: true, Seq ID: 1788896232197000000, Bids: 20, Asks: 20
[1788896233942] TUI Render Frame -> Synced: true, Seq ID: 1788896232197000000, Bids: 20, Asks: 20
[1788896233992] TUI Render Frame -> Synced: true, Seq ID: 1788896232197000000, Bids: 20, Asks: 20
[1788896234041] TUI Render Frame -> Synced: true, Seq ID: 1788896232197000000, Bids: 20, Asks: 20
[1788896234092] TUI Render Frame -> Synced: true, Seq ID: 1788896232197000000, Bids: 20, Asks: 20
[1788896234142] TUI Render Frame -> Synced: true, Seq ID: 1788896232197000000, Bids: 20, Asks: 20
[1788896234192] TUI Render Frame -> Synced: true, Seq ID: 1788896232197000000, Bids: 20, Asks: 20
[1788896234241] TUI Render Frame -> Synced: true, Seq ID: 1788896232197000000, Bids: 20, Asks: 20
[1788896234292] TUI Render Frame -> Synced: true, Seq ID: 1788896232197000000, Bids: 20, Asks: 20
[1788896234341] TUI Render Frame -> Synced: true, Seq ID: 1788896232197000000, Bids: 20, Asks: 20
[1788896234392] TUI Render Frame -> Synced: true, Seq ID: 1788896232197000000, Bids: 20, Asks: 20
[1788896234441] TUI Render Frame -> Synced: true, Seq ID: 1788896232197000000, Bids: 20, Asks: 20
[1788896234491] TUI Render Frame -> Synced: true, Seq ID: 1788896232197000000, Bids: 20, Asks: 20
[1788896234542] TUI Render Frame -> Synced: true, Seq ID: 1788896232197000000, Bids: 20, Asks: 20
[1788896234591] TUI Render Frame -> Synced: true, Seq ID: 1788896232197000000, Bids: 20, Asks: 20
[1788896234642] TUI Render Frame -> Synced: true, Seq ID: 1788896232197000000, Bids: 20, Asks: 20
[1788896234690] TUI Render Frame -> Synced: true, Seq ID: 1788896232197000000, Bids: 20, Asks: 20
[1788896234742] TUI Render Frame -> Synced: true, Seq ID: 1788896232197000000, Bids: 20, Asks: 20
[1788896234791] TUI Render Frame -> Synced: true, Seq ID: 1788896232197000000, Bids: 20, Asks: 20
[1788896234841] TUI Render Frame -> Synced: true, Seq ID: 1788896232197000000, Bids: 20, Asks: 20
[1788896234891] TUI Render Frame -> Synced: true, Seq ID: 1788896232197000000, Bids: 20, Asks: 20
[1788896234941] TUI Render Frame -> Synced: true, Seq ID: 1788896232197000000, Bids: 20, Asks: 20
[1788896234992] TUI Render Frame -> Synced: true, Seq ID: 1788896232197000000, Bids: 20, Asks: 20
[1788896235041] TUI Render Frame -> Synced: true, Seq ID: 1788896232197000000, Bids: 20, Asks: 20
[1788896235092] TUI Render Frame -> Synced: true, Seq ID: 1788896232197000000, Bids: 20, Asks: 20
[1788896235142] TUI Render Frame -> Synced: true, Seq ID: 1788896232197000000, Bids: 20, Asks: 20
[1788896235190] TUI Render Frame -> Synced: true, Seq ID: 1788896232197000000, Bids: 20, Asks: 20
[1788896235241] TUI Render Frame -> Synced: true, Seq ID: 1788896232197000000, Bids: 20, Asks: 20
[1788896235292] TUI Render Frame -> Synced: true, Seq ID: 1788896232197000000, Bids: 20, Asks: 20
[1788896235342] TUI Render Frame -> Synced: true, Seq ID: 1788896232197000000, Bids: 20, Asks: 20
[1788896235396] TUI Render Frame -> Synced: true, Seq ID: 1788896232197000000, Bids: 20, Asks: 20
[1788896235441] TUI Render Frame -> Synced: true, Seq ID: 1788896232197000000, Bids: 20, Asks: 20
[1788896235491] TUI Render Frame -> Synced: true, Seq ID: 1788896232197000000, Bids: 20, Asks: 20
[1788896235542] TUI Render Frame -> Synced: true, Seq ID: 1788896232197000000, Bids: 20, Asks: 20
[1788896235592] TUI Render Frame -> Synced: true, Seq ID: 1788896232197000000, Bids: 20, Asks: 20
[1788896235641] TUI Render Frame -> Synced: true, Seq ID: 1788896232197000000, Bids: 20, Asks: 20
[1788896235692] TUI Render Frame -> Synced: true, Seq ID: 1788896232197000000, Bids: 20, Asks: 20
[1788896235742] TUI Render Frame -> Synced: true, Seq ID: 1788896232197000000, Bids: 20, Asks: 20
[1788896235792] TUI Render Frame -> Synced: true, Seq ID: 1788896232197000000, Bids: 20, Asks: 20
[1788896235841] TUI Render Frame -> Synced: true, Seq ID: 1788896232197000000, Bids: 20, Asks: 20
[1788896235891] TUI Render Frame -> Synced: true, Seq ID: 1788896232197000000, Bids: 20, Asks: 20
[1788896235941] TUI Render Frame -> Synced: true, Seq ID: 1788896232197000000, Bids: 20, Asks: 20
[1788896235992] TUI Render Frame -> Synced: true, Seq ID: 1788896232197000000, Bids: 20, Asks: 20
[1788896236041] TUI Render Frame -> Synced: true, Seq ID: 1788896232197000000, Bids: 20, Asks: 20
[1788896236091] TUI Render Frame -> Synced: true, Seq ID: 1788896232197000000, Bids: 20, Asks: 20
[1788896236141] TUI Render Frame -> Synced: true, Seq ID: 1788896232197000000, Bids: 20, Asks: 20
[1788896236192] TUI Render Frame -> Synced: true, Seq ID: 1788896232197000000, Bids: 20, Asks: 20
[1788896236241] TUI Render Frame -> Synced: true, Seq ID: 1788896232197000000, Bids: 20, Asks: 20
[1788896236291] TUI Render Frame -> Synced: true, Seq ID: 1788896232197000000, Bids: 20, Asks: 20
[1788896236341] TUI Render Frame -> Synced: true, Seq ID: 1788896232197000000, Bids: 20, Asks: 20
[1788896236392] TUI Render Frame -> Synced: true, Seq ID: 1788896232197000000, Bids: 20, Asks: 20
[1788896236442] TUI Render Frame -> Synced: true, Seq ID: 1788896232197000000, Bids: 20, Asks: 20
[1788896236492] TUI Render Frame -> Synced: true, Seq ID: 1788896232197000000, Bids: 20, Asks: 20
[1788896236541] TUI Render Frame -> Synced: true, Seq ID: 1788896232197000000, Bids: 20, Asks: 20
[1788896236591] TUI Render Frame -> Synced: true, Seq ID: 1788896232197000000, Bids: 20, Asks: 20
[1788896236642] TUI Render Frame -> Synced: true, Seq ID: 1788896232197000000, Bids: 20, Asks: 20
[1788896236692] TUI Render Frame -> Synced: true, Seq ID: 1788896232197000000, Bids: 20, Asks: 20
[1788896236741] TUI Render Frame -> Synced: true, Seq ID: 1788896232197000000, Bids: 20, Asks: 20
[1788896236790] TUI Render Frame -> Synced: true, Seq ID: 1788896232197000000, Bids: 20, Asks: 20
[1788896236842] TUI Render Frame -> Synced: true, Seq ID: 1788896232197000000, Bids: 20, Asks: 20
[1788896236891] TUI Render Frame -> Synced: true, Seq ID: 1788896232197000000, Bids: 20, Asks: 20
[1788896236941] TUI Render Frame -> Synced: true, Seq ID: 1788896232197000000, Bids: 20, Asks: 20
[1788896236991] TUI Render Frame -> Synced: true, Seq ID: 1788896232197000000, Bids: 20, Asks: 20
[1788896237042] TUI Render Frame -> Synced: true, Seq ID: 1788896232197000000, Bids: 20, Asks: 20
[1788896237091] TUI Render Frame -> Synced: true, Seq ID: 1788896232197000000, Bids: 20, Asks: 20
[1788896237141] TUI Render Frame -> Synced: true, Seq ID: 1788896232197000000, Bids: 20, Asks: 20
[1788896237191] TUI Render Frame -> Synced: true, Seq ID: 1788896232197000000, Bids: 20, Asks: 20
[1788896237241] TUI Render Frame -> Synced: true, Seq ID: 1788896232197000000, Bids: 20, Asks: 20
[1788896237291] TUI Render Frame -> Synced: true, Seq ID: 1788896232197000000, Bids: 20, Asks: 20
[1788896237342] TUI Render Frame -> Synced: true, Seq ID: 1788896232197000000, Bids: 20, Asks: 20
[1788896237395] TUI Render Frame -> Synced: true, Seq ID: 1788896232197000000, Bids: 20, Asks: 20
[1788896237442] TUI Render Frame -> Synced: true, Seq ID: 1788896232197000000, Bids: 20, Asks: 20
[1788896237491] TUI Render Frame -> Synced: true, Seq ID: 1788896232197000000, Bids: 20, Asks: 20
[1788896237541] TUI Render Frame -> Synced: true, Seq ID: 1788896232197000000, Bids: 20, Asks: 20
[1788896237591] TUI Render Frame -> Synced: true, Seq ID: 1788896232197000000, Bids: 20, Asks: 20
[1788896237641] TUI Render Frame -> Synced: true, Seq ID: 1788896232197000000, Bids: 20, Asks: 20
[1788896237691] TUI Render Frame -> Synced: true, Seq ID: 1788896232197000000, Bids: 20, Asks: 20
[1788896237741] TUI Render Frame -> Synced: true, Seq ID: 1788896232197000000, Bids: 20, Asks: 20
[1788896237792] TUI Render Frame -> Synced: true, Seq ID: 1788896232197000000, Bids: 20, Asks: 20
[1788896237842] TUI Render Frame -> Synced: true, Seq ID: 1788896232197000000, Bids: 20, Asks: 20
[1788896237892] TUI Render Frame -> Synced: true, Seq ID: 1788896232197000000, Bids: 20, Asks: 20
[1788896237942] TUI Render Frame -> Synced: true, Seq ID: 1788896232197000000, Bids: 20, Asks: 20
[1788896237978] Msg #58: Depth received | Bids: 20, Asks: 20, Timestamp ID: 1788896237567000000
[1788896237978] Reconciler book exists: true
[1788896237979] ui_tx.send status: true, receiver count: 1
[1788896237992] TUI Render Frame -> Synced: true, Seq ID: 1788896237567000000, Bids: 20, Asks: 20
[1788896238042] TUI Render Frame -> Synced: true, Seq ID: 1788896237567000000, Bids: 20, Asks: 20
[1788896238091] TUI Render Frame -> Synced: true, Seq ID: 1788896237567000000, Bids: 20, Asks: 20
[1788896238140] TUI Render Frame -> Synced: true, Seq ID: 1788896237567000000, Bids: 20, Asks: 20
[1788896238191] TUI Render Frame -> Synced: true, Seq ID: 1788896237567000000, Bids: 20, Asks: 20
[1788896238241] TUI Render Frame -> Synced: true, Seq ID: 1788896237567000000, Bids: 20, Asks: 20
[1788896238292] TUI Render Frame -> Synced: true, Seq ID: 1788896237567000000, Bids: 20, Asks: 20
[1788896238341] TUI Render Frame -> Synced: true, Seq ID: 1788896237567000000, Bids: 20, Asks: 20
[1788896238391] TUI Render Frame -> Synced: true, Seq ID: 1788896237567000000, Bids: 20, Asks: 20
[1788896238442] TUI Render Frame -> Synced: true, Seq ID: 1788896237567000000, Bids: 20, Asks: 20
[1788896238491] TUI Render Frame -> Synced: true, Seq ID: 1788896237567000000, Bids: 20, Asks: 20
[1788896238542] TUI Render Frame -> Synced: true, Seq ID: 1788896237567000000, Bids: 20, Asks: 20
[1788896238592] TUI Render Frame -> Synced: true, Seq ID: 1788896237567000000, Bids: 20, Asks: 20
[1788896238641] TUI Render Frame -> Synced: true, Seq ID: 1788896237567000000, Bids: 20, Asks: 20
[1788896238692] TUI Render Frame -> Synced: true, Seq ID: 1788896237567000000, Bids: 20, Asks: 20
[1788896238741] TUI Render Frame -> Synced: true, Seq ID: 1788896237567000000, Bids: 20, Asks: 20
[1788896238792] TUI Render Frame -> Synced: true, Seq ID: 1788896237567000000, Bids: 20, Asks: 20
[1788896238841] TUI Render Frame -> Synced: true, Seq ID: 1788896237567000000, Bids: 20, Asks: 20
[1788896238891] TUI Render Frame -> Synced: true, Seq ID: 1788896237567000000, Bids: 20, Asks: 20
[1788896238942] TUI Render Frame -> Synced: true, Seq ID: 1788896237567000000, Bids: 20, Asks: 20
[1788896238991] TUI Render Frame -> Synced: true, Seq ID: 1788896237567000000, Bids: 20, Asks: 20
[1788896239041] TUI Render Frame -> Synced: true, Seq ID: 1788896237567000000, Bids: 20, Asks: 20
[1788896239091] TUI Render Frame -> Synced: true, Seq ID: 1788896237567000000, Bids: 20, Asks: 20
[1788896239141] TUI Render Frame -> Synced: true, Seq ID: 1788896237567000000, Bids: 20, Asks: 20
[1788896239191] TUI Render Frame -> Synced: true, Seq ID: 1788896237567000000, Bids: 20, Asks: 20
[1788896239241] TUI Render Frame -> Synced: true, Seq ID: 1788896237567000000, Bids: 20, Asks: 20
[1788896239290] TUI Render Frame -> Synced: true, Seq ID: 1788896237567000000, Bids: 20, Asks: 20
[1788896239341] TUI Render Frame -> Synced: true, Seq ID: 1788896237567000000, Bids: 20, Asks: 20
[1788896239392] TUI Render Frame -> Synced: true, Seq ID: 1788896237567000000, Bids: 20, Asks: 20
[1788896239442] TUI Render Frame -> Synced: true, Seq ID: 1788896237567000000, Bids: 20, Asks: 20
[1788896239491] TUI Render Frame -> Synced: true, Seq ID: 1788896237567000000, Bids: 20, Asks: 20
[1788896239542] TUI Render Frame -> Synced: true, Seq ID: 1788896237567000000, Bids: 20, Asks: 20
[1788896239592] TUI Render Frame -> Synced: true, Seq ID: 1788896237567000000, Bids: 20, Asks: 20
[1788896239641] TUI Render Frame -> Synced: true, Seq ID: 1788896237567000000, Bids: 20, Asks: 20
[1788896239692] TUI Render Frame -> Synced: true, Seq ID: 1788896237567000000, Bids: 20, Asks: 20
[1788896239741] TUI Render Frame -> Synced: true, Seq ID: 1788896237567000000, Bids: 20, Asks: 20
[1788896239792] TUI Render Frame -> Synced: true, Seq ID: 1788896237567000000, Bids: 20, Asks: 20
[1788896239842] TUI Render Frame -> Synced: true, Seq ID: 1788896237567000000, Bids: 20, Asks: 20
[1788896239891] TUI Render Frame -> Synced: true, Seq ID: 1788896237567000000, Bids: 20, Asks: 20
[1788896239942] TUI Render Frame -> Synced: true, Seq ID: 1788896237567000000, Bids: 20, Asks: 20
[1788896239991] TUI Render Frame -> Synced: true, Seq ID: 1788896237567000000, Bids: 20, Asks: 20
[1788896240042] TUI Render Frame -> Synced: true, Seq ID: 1788896237567000000, Bids: 20, Asks: 20
[1788896240092] TUI Render Frame -> Synced: true, Seq ID: 1788896237567000000, Bids: 20, Asks: 20
[1788896240142] TUI Render Frame -> Synced: true, Seq ID: 1788896237567000000, Bids: 20, Asks: 20
[1788896240192] TUI Render Frame -> Synced: true, Seq ID: 1788896237567000000, Bids: 20, Asks: 20
[1788896240242] TUI Render Frame -> Synced: true, Seq ID: 1788896237567000000, Bids: 20, Asks: 20
[1788896240292] TUI Render Frame -> Synced: true, Seq ID: 1788896237567000000, Bids: 20, Asks: 20
[1788896240341] TUI Render Frame -> Synced: true, Seq ID: 1788896237567000000, Bids: 20, Asks: 20
[1788896240392] TUI Render Frame -> Synced: true, Seq ID: 1788896237567000000, Bids: 20, Asks: 20
[1788896240441] TUI Render Frame -> Synced: true, Seq ID: 1788896237567000000, Bids: 20, Asks: 20
[1788896240492] TUI Render Frame -> Synced: true, Seq ID: 1788896237567000000, Bids: 20, Asks: 20
[1788896240542] TUI Render Frame -> Synced: true, Seq ID: 1788896237567000000, Bids: 20, Asks: 20
[1788896240591] TUI Render Frame -> Synced: true, Seq ID: 1788896237567000000, Bids: 20, Asks: 20
[1788896240641] TUI Render Frame -> Synced: true, Seq ID: 1788896237567000000, Bids: 20, Asks: 20
[1788896240691] TUI Render Frame -> Synced: true, Seq ID: 1788896237567000000, Bids: 20, Asks: 20
[1788896240741] TUI Render Frame -> Synced: true, Seq ID: 1788896237567000000, Bids: 20, Asks: 20
[1788896240792] TUI Render Frame -> Synced: true, Seq ID: 1788896237567000000, Bids: 20, Asks: 20
[1788896240841] TUI Render Frame -> Synced: true, Seq ID: 1788896237567000000, Bids: 20, Asks: 20
[1788896240891] TUI Render Frame -> Synced: true, Seq ID: 1788896237567000000, Bids: 20, Asks: 20
[1788896240941] TUI Render Frame -> Synced: true, Seq ID: 1788896237567000000, Bids: 20, Asks: 20
[1788896240991] TUI Render Frame -> Synced: true, Seq ID: 1788896237567000000, Bids: 20, Asks: 20
[1788896241042] TUI Render Frame -> Synced: true, Seq ID: 1788896237567000000, Bids: 20, Asks: 20
[1788896241091] TUI Render Frame -> Synced: true, Seq ID: 1788896237567000000, Bids: 20, Asks: 20
[1788896241142] TUI Render Frame -> Synced: true, Seq ID: 1788896237567000000, Bids: 20, Asks: 20
[1788896241191] TUI Render Frame -> Synced: true, Seq ID: 1788896237567000000, Bids: 20, Asks: 20
[1788896241242] TUI Render Frame -> Synced: true, Seq ID: 1788896237567000000, Bids: 20, Asks: 20
[1788896241291] TUI Render Frame -> Synced: true, Seq ID: 1788896237567000000, Bids: 20, Asks: 20
[1788896241341] TUI Render Frame -> Synced: true, Seq ID: 1788896237567000000, Bids: 20, Asks: 20
[1788896241392] TUI Render Frame -> Synced: true, Seq ID: 1788896237567000000, Bids: 20, Asks: 20
[1788896241442] TUI Render Frame -> Synced: true, Seq ID: 1788896237567000000, Bids: 20, Asks: 20
[1788896241492] TUI Render Frame -> Synced: true, Seq ID: 1788896237567000000, Bids: 20, Asks: 20
[1788896241541] TUI Render Frame -> Synced: true, Seq ID: 1788896237567000000, Bids: 20, Asks: 20
[1788896241591] TUI Render Frame -> Synced: true, Seq ID: 1788896237567000000, Bids: 20, Asks: 20
[1788896241641] TUI Render Frame -> Synced: true, Seq ID: 1788896237567000000, Bids: 20, Asks: 20
[1788896241691] TUI Render Frame -> Synced: true, Seq ID: 1788896237567000000, Bids: 20, Asks: 20
[1788896241742] TUI Render Frame -> Synced: true, Seq ID: 1788896237567000000, Bids: 20, Asks: 20
[1788896241791] TUI Render Frame -> Synced: true, Seq ID: 1788896237567000000, Bids: 20, Asks: 20
[1788896241843] TUI Render Frame -> Synced: true, Seq ID: 1788896237567000000, Bids: 20, Asks: 20
[1788896241891] TUI Render Frame -> Synced: true, Seq ID: 1788896237567000000, Bids: 20, Asks: 20
[1788896241942] TUI Render Frame -> Synced: true, Seq ID: 1788896237567000000, Bids: 20, Asks: 20
[1788896241992] TUI Render Frame -> Synced: true, Seq ID: 1788896237567000000, Bids: 20, Asks: 20
[1788896242041] TUI Render Frame -> Synced: true, Seq ID: 1788896237567000000, Bids: 20, Asks: 20
[1788896242091] TUI Render Frame -> Synced: true, Seq ID: 1788896237567000000, Bids: 20, Asks: 20
[1788896242141] TUI Render Frame -> Synced: true, Seq ID: 1788896237567000000, Bids: 20, Asks: 20
[1788896242191] TUI Render Frame -> Synced: true, Seq ID: 1788896237567000000, Bids: 20, Asks: 20
[1788896242241] TUI Render Frame -> Synced: true, Seq ID: 1788896237567000000, Bids: 20, Asks: 20
[1788896242291] TUI Render Frame -> Synced: true, Seq ID: 1788896237567000000, Bids: 20, Asks: 20
[1788896242342] TUI Render Frame -> Synced: true, Seq ID: 1788896237567000000, Bids: 20, Asks: 20
[1788896242392] TUI Render Frame -> Synced: true, Seq ID: 1788896237567000000, Bids: 20, Asks: 20
[1788896242442] TUI Render Frame -> Synced: true, Seq ID: 1788896237567000000, Bids: 20, Asks: 20
[1788896242491] TUI Render Frame -> Synced: true, Seq ID: 1788896237567000000, Bids: 20, Asks: 20
[1788896242541] TUI Render Frame -> Synced: true, Seq ID: 1788896237567000000, Bids: 20, Asks: 20
[1788896242602] TUI Render Frame -> Synced: true, Seq ID: 1788896237567000000, Bids: 20, Asks: 20
[1788896242641] TUI Render Frame -> Synced: true, Seq ID: 1788896237567000000, Bids: 20, Asks: 20
[1788896242692] TUI Render Frame -> Synced: true, Seq ID: 1788896237567000000, Bids: 20, Asks: 20
[1788896242742] TUI Render Frame -> Synced: true, Seq ID: 1788896237567000000, Bids: 20, Asks: 20
[1788896242792] TUI Render Frame -> Synced: true, Seq ID: 1788896237567000000, Bids: 20, Asks: 20
[1788896242841] TUI Render Frame -> Synced: true, Seq ID: 1788896237567000000, Bids: 20, Asks: 20
[1788896242892] TUI Render Frame -> Synced: true, Seq ID: 1788896237567000000, Bids: 20, Asks: 20
[1788896242941] TUI Render Frame -> Synced: true, Seq ID: 1788896237567000000, Bids: 20, Asks: 20
[1788896242992] TUI Render Frame -> Synced: true, Seq ID: 1788896237567000000, Bids: 20, Asks: 20
[1788896243041] TUI Render Frame -> Synced: true, Seq ID: 1788896237567000000, Bids: 20, Asks: 20
[1788896243092] TUI Render Frame -> Synced: true, Seq ID: 1788896237567000000, Bids: 20, Asks: 20
[1788896243142] TUI Render Frame -> Synced: true, Seq ID: 1788896237567000000, Bids: 20, Asks: 20
[1788896243191] TUI Render Frame -> Synced: true, Seq ID: 1788896237567000000, Bids: 20, Asks: 20
[1788896243241] TUI Render Frame -> Synced: true, Seq ID: 1788896237567000000, Bids: 20, Asks: 20
[1788896243291] TUI Render Frame -> Synced: true, Seq ID: 1788896237567000000, Bids: 20, Asks: 20
[1788896243341] TUI Render Frame -> Synced: true, Seq ID: 1788896237567000000, Bids: 20, Asks: 20
[1788896243391] TUI Render Frame -> Synced: true, Seq ID: 1788896237567000000, Bids: 20, Asks: 20
[1788896243403] Msg #59: Depth received | Bids: 20, Asks: 20, Timestamp ID: 1788896242964000000
[1788896243403] Reconciler book exists: true
[1788896243403] ui_tx.send status: true, receiver count: 1
[1788896243441] TUI Render Frame -> Synced: true, Seq ID: 1788896242964000000, Bids: 20, Asks: 20
[1788896243492] TUI Render Frame -> Synced: true, Seq ID: 1788896242964000000, Bids: 20, Asks: 20
[1788896243541] TUI Render Frame -> Synced: true, Seq ID: 1788896242964000000, Bids: 20, Asks: 20
[1788896243592] TUI Render Frame -> Synced: true, Seq ID: 1788896242964000000, Bids: 20, Asks: 20
[1788896243641] TUI Render Frame -> Synced: true, Seq ID: 1788896242964000000, Bids: 20, Asks: 20
[1788896243691] TUI Render Frame -> Synced: true, Seq ID: 1788896242964000000, Bids: 20, Asks: 20
[1788896243741] TUI Render Frame -> Synced: true, Seq ID: 1788896242964000000, Bids: 20, Asks: 20
[1788896243792] TUI Render Frame -> Synced: true, Seq ID: 1788896242964000000, Bids: 20, Asks: 20
[1788896243841] TUI Render Frame -> Synced: true, Seq ID: 1788896242964000000, Bids: 20, Asks: 20
[1788896243895] TUI Render Frame -> Synced: true, Seq ID: 1788896242964000000, Bids: 20, Asks: 20
[1788896243941] TUI Render Frame -> Synced: true, Seq ID: 1788896242964000000, Bids: 20, Asks: 20
[1788896243991] TUI Render Frame -> Synced: true, Seq ID: 1788896242964000000, Bids: 20, Asks: 20
[1788896244042] TUI Render Frame -> Synced: true, Seq ID: 1788896242964000000, Bids: 20, Asks: 20
[1788896244090] TUI Render Frame -> Synced: true, Seq ID: 1788896242964000000, Bids: 20, Asks: 20
[1788896244141] TUI Render Frame -> Synced: true, Seq ID: 1788896242964000000, Bids: 20, Asks: 20
[1788896244192] TUI Render Frame -> Synced: true, Seq ID: 1788896242964000000, Bids: 20, Asks: 20
[1788896244246] TUI Render Frame -> Synced: true, Seq ID: 1788896242964000000, Bids: 20, Asks: 20
[1788896244291] TUI Render Frame -> Synced: true, Seq ID: 1788896242964000000, Bids: 20, Asks: 20
[1788896244341] TUI Render Frame -> Synced: true, Seq ID: 1788896242964000000, Bids: 20, Asks: 20
[1788896244392] TUI Render Frame -> Synced: true, Seq ID: 1788896242964000000, Bids: 20, Asks: 20
[1788896244442] TUI Render Frame -> Synced: true, Seq ID: 1788896242964000000, Bids: 20, Asks: 20
[1788896244492] TUI Render Frame -> Synced: true, Seq ID: 1788896242964000000, Bids: 20, Asks: 20
[1788896244541] TUI Render Frame -> Synced: true, Seq ID: 1788896242964000000, Bids: 20, Asks: 20
[1788896244591] TUI Render Frame -> Synced: true, Seq ID: 1788896242964000000, Bids: 20, Asks: 20
[1788896244641] TUI Render Frame -> Synced: true, Seq ID: 1788896242964000000, Bids: 20, Asks: 20
[1788896244692] TUI Render Frame -> Synced: true, Seq ID: 1788896242964000000, Bids: 20, Asks: 20
[1788896244742] TUI Render Frame -> Synced: true, Seq ID: 1788896242964000000, Bids: 20, Asks: 20
[1788896244790] TUI Render Frame -> Synced: true, Seq ID: 1788896242964000000, Bids: 20, Asks: 20
[1788896244842] TUI Render Frame -> Synced: true, Seq ID: 1788896242964000000, Bids: 20, Asks: 20
[1788896244892] TUI Render Frame -> Synced: true, Seq ID: 1788896242964000000, Bids: 20, Asks: 20
[1788896244941] TUI Render Frame -> Synced: true, Seq ID: 1788896242964000000, Bids: 20, Asks: 20
[1788896244991] TUI Render Frame -> Synced: true, Seq ID: 1788896242964000000, Bids: 20, Asks: 20
[1788896245042] TUI Render Frame -> Synced: true, Seq ID: 1788896242964000000, Bids: 20, Asks: 20
[1788896245091] TUI Render Frame -> Synced: true, Seq ID: 1788896242964000000, Bids: 20, Asks: 20
[1788896245141] TUI Render Frame -> Synced: true, Seq ID: 1788896242964000000, Bids: 20, Asks: 20
[1788896245191] TUI Render Frame -> Synced: true, Seq ID: 1788896242964000000, Bids: 20, Asks: 20
[1788896245241] TUI Render Frame -> Synced: true, Seq ID: 1788896242964000000, Bids: 20, Asks: 20
[1788896245291] TUI Render Frame -> Synced: true, Seq ID: 1788896242964000000, Bids: 20, Asks: 20
[1788896245342] TUI Render Frame -> Synced: true, Seq ID: 1788896242964000000, Bids: 20, Asks: 20
[1788896245392] TUI Render Frame -> Synced: true, Seq ID: 1788896242964000000, Bids: 20, Asks: 20
[1788896245441] TUI Render Frame -> Synced: true, Seq ID: 1788896242964000000, Bids: 20, Asks: 20
[1788896245492] TUI Render Frame -> Synced: true, Seq ID: 1788896242964000000, Bids: 20, Asks: 20
[1788896245541] TUI Render Frame -> Synced: true, Seq ID: 1788896242964000000, Bids: 20, Asks: 20
[1788896245592] TUI Render Frame -> Synced: true, Seq ID: 1788896242964000000, Bids: 20, Asks: 20
[1788896245641] TUI Render Frame -> Synced: true, Seq ID: 1788896242964000000, Bids: 20, Asks: 20
[1788896245691] TUI Render Frame -> Synced: true, Seq ID: 1788896242964000000, Bids: 20, Asks: 20
[1788896245742] TUI Render Frame -> Synced: true, Seq ID: 1788896242964000000, Bids: 20, Asks: 20
[1788896245791] TUI Render Frame -> Synced: true, Seq ID: 1788896242964000000, Bids: 20, Asks: 20
[1788896245842] TUI Render Frame -> Synced: true, Seq ID: 1788896242964000000, Bids: 20, Asks: 20
[1788896245891] TUI Render Frame -> Synced: true, Seq ID: 1788896242964000000, Bids: 20, Asks: 20
[1788896245942] TUI Render Frame -> Synced: true, Seq ID: 1788896242964000000, Bids: 20, Asks: 20
[1788896245991] TUI Render Frame -> Synced: true, Seq ID: 1788896242964000000, Bids: 20, Asks: 20
[1788896246042] TUI Render Frame -> Synced: true, Seq ID: 1788896242964000000, Bids: 20, Asks: 20
[1788896246092] TUI Render Frame -> Synced: true, Seq ID: 1788896242964000000, Bids: 20, Asks: 20
[1788896246141] TUI Render Frame -> Synced: true, Seq ID: 1788896242964000000, Bids: 20, Asks: 20
[1788896246192] TUI Render Frame -> Synced: true, Seq ID: 1788896242964000000, Bids: 20, Asks: 20
[1788896246242] TUI Render Frame -> Synced: true, Seq ID: 1788896242964000000, Bids: 20, Asks: 20
[1788896246292] TUI Render Frame -> Synced: true, Seq ID: 1788896242964000000, Bids: 20, Asks: 20
[1788896246341] TUI Render Frame -> Synced: true, Seq ID: 1788896242964000000, Bids: 20, Asks: 20
[1788896246391] TUI Render Frame -> Synced: true, Seq ID: 1788896242964000000, Bids: 20, Asks: 20
[1788896246441] TUI Render Frame -> Synced: true, Seq ID: 1788896242964000000, Bids: 20, Asks: 20
[1788896246491] TUI Render Frame -> Synced: true, Seq ID: 1788896242964000000, Bids: 20, Asks: 20
[1788896246542] TUI Render Frame -> Synced: true, Seq ID: 1788896242964000000, Bids: 20, Asks: 20
[1788896246591] TUI Render Frame -> Synced: true, Seq ID: 1788896242964000000, Bids: 20, Asks: 20
[1788896246642] TUI Render Frame -> Synced: true, Seq ID: 1788896242964000000, Bids: 20, Asks: 20
[1788896246692] TUI Render Frame -> Synced: true, Seq ID: 1788896242964000000, Bids: 20, Asks: 20
[1788896246741] TUI Render Frame -> Synced: true, Seq ID: 1788896242964000000, Bids: 20, Asks: 20
[1788896246791] TUI Render Frame -> Synced: true, Seq ID: 1788896242964000000, Bids: 20, Asks: 20
[1788896246841] TUI Render Frame -> Synced: true, Seq ID: 1788896242964000000, Bids: 20, Asks: 20
[1788896246892] TUI Render Frame -> Synced: true, Seq ID: 1788896242964000000, Bids: 20, Asks: 20
[1788896246941] TUI Render Frame -> Synced: true, Seq ID: 1788896242964000000, Bids: 20, Asks: 20
[1788896246992] TUI Render Frame -> Synced: true, Seq ID: 1788896242964000000, Bids: 20, Asks: 20
[1788896247042] TUI Render Frame -> Synced: true, Seq ID: 1788896242964000000, Bids: 20, Asks: 20
[1788896247092] TUI Render Frame -> Synced: true, Seq ID: 1788896242964000000, Bids: 20, Asks: 20
[1788896247141] TUI Render Frame -> Synced: true, Seq ID: 1788896242964000000, Bids: 20, Asks: 20
[1788896247191] TUI Render Frame -> Synced: true, Seq ID: 1788896242964000000, Bids: 20, Asks: 20
[1788896247241] TUI Render Frame -> Synced: true, Seq ID: 1788896242964000000, Bids: 20, Asks: 20
[1788896247291] TUI Render Frame -> Synced: true, Seq ID: 1788896242964000000, Bids: 20, Asks: 20
[1788896247342] TUI Render Frame -> Synced: true, Seq ID: 1788896242964000000, Bids: 20, Asks: 20
[1788896247391] TUI Render Frame -> Synced: true, Seq ID: 1788896242964000000, Bids: 20, Asks: 20
[1788896247442] TUI Render Frame -> Synced: true, Seq ID: 1788896242964000000, Bids: 20, Asks: 20
[1788896247492] TUI Render Frame -> Synced: true, Seq ID: 1788896242964000000, Bids: 20, Asks: 20
[1788896247541] TUI Render Frame -> Synced: true, Seq ID: 1788896242964000000, Bids: 20, Asks: 20
[1788896247591] TUI Render Frame -> Synced: true, Seq ID: 1788896242964000000, Bids: 20, Asks: 20
[1788896247641] TUI Render Frame -> Synced: true, Seq ID: 1788896242964000000, Bids: 20, Asks: 20
[1788896247691] TUI Render Frame -> Synced: true, Seq ID: 1788896242964000000, Bids: 20, Asks: 20
[1788896247742] TUI Render Frame -> Synced: true, Seq ID: 1788896242964000000, Bids: 20, Asks: 20
[1788896247791] TUI Render Frame -> Synced: true, Seq ID: 1788896242964000000, Bids: 20, Asks: 20
[1788896247841] TUI Render Frame -> Synced: true, Seq ID: 1788896242964000000, Bids: 20, Asks: 20
[1788896247891] TUI Render Frame -> Synced: true, Seq ID: 1788896242964000000, Bids: 20, Asks: 20
[1788896247942] TUI Render Frame -> Synced: true, Seq ID: 1788896242964000000, Bids: 20, Asks: 20
[1788896247990] TUI Render Frame -> Synced: true, Seq ID: 1788896242964000000, Bids: 20, Asks: 20
[1788896248042] TUI Render Frame -> Synced: true, Seq ID: 1788896242964000000, Bids: 20, Asks: 20
[1788896248091] TUI Render Frame -> Synced: true, Seq ID: 1788896242964000000, Bids: 20, Asks: 20
[1788896248142] TUI Render Frame -> Synced: true, Seq ID: 1788896242964000000, Bids: 20, Asks: 20
[1788896248192] TUI Render Frame -> Synced: true, Seq ID: 1788896242964000000, Bids: 20, Asks: 20
[1788896248241] TUI Render Frame -> Synced: true, Seq ID: 1788896242964000000, Bids: 20, Asks: 20
[1788896248292] TUI Render Frame -> Synced: true, Seq ID: 1788896242964000000, Bids: 20, Asks: 20
[1788896248342] TUI Render Frame -> Synced: true, Seq ID: 1788896242964000000, Bids: 20, Asks: 20
[1788896248391] TUI Render Frame -> Synced: true, Seq ID: 1788896242964000000, Bids: 20, Asks: 20
[1788896248440] TUI Render Frame -> Synced: true, Seq ID: 1788896242964000000, Bids: 20, Asks: 20
[1788896248492] TUI Render Frame -> Synced: true, Seq ID: 1788896242964000000, Bids: 20, Asks: 20
[1788896248541] TUI Render Frame -> Synced: true, Seq ID: 1788896242964000000, Bids: 20, Asks: 20
[1788896248592] TUI Render Frame -> Synced: true, Seq ID: 1788896242964000000, Bids: 20, Asks: 20
[1788896248641] TUI Render Frame -> Synced: true, Seq ID: 1788896242964000000, Bids: 20, Asks: 20
[1788896248691] TUI Render Frame -> Synced: true, Seq ID: 1788896242964000000, Bids: 20, Asks: 20
[1788896248742] TUI Render Frame -> Synced: true, Seq ID: 1788896242964000000, Bids: 20, Asks: 20
[1788896248791] TUI Render Frame -> Synced: true, Seq ID: 1788896242964000000, Bids: 20, Asks: 20
[1788896248842] TUI Render Frame -> Synced: true, Seq ID: 1788896242964000000, Bids: 20, Asks: 20
[1788896248891] TUI Render Frame -> Synced: true, Seq ID: 1788896242964000000, Bids: 20, Asks: 20
[1788896248942] TUI Render Frame -> Synced: true, Seq ID: 1788896242964000000, Bids: 20, Asks: 20
[1788896248991] TUI Render Frame -> Synced: true, Seq ID: 1788896242964000000, Bids: 20, Asks: 20
[1788896248998] Msg #60: Depth received | Bids: 20, Asks: 20, Timestamp ID: 1788896248299000000
[1788896248998] Reconciler book exists: true
[1788896248998] ui_tx.send status: true, receiver count: 1
[1788896249042] TUI Render Frame -> Synced: true, Seq ID: 1788896248299000000, Bids: 20, Asks: 20
[1788896249091] TUI Render Frame -> Synced: true, Seq ID: 1788896248299000000, Bids: 20, Asks: 20
[1788896249141] TUI Render Frame -> Synced: true, Seq ID: 1788896248299000000, Bids: 20, Asks: 20
[1788896249191] TUI Render Frame -> Synced: true, Seq ID: 1788896248299000000, Bids: 20, Asks: 20
[1788896249241] TUI Render Frame -> Synced: true, Seq ID: 1788896248299000000, Bids: 20, Asks: 20
[1788896249292] TUI Render Frame -> Synced: true, Seq ID: 1788896248299000000, Bids: 20, Asks: 20
[1788896249341] TUI Render Frame -> Synced: true, Seq ID: 1788896248299000000, Bids: 20, Asks: 20
[1788896249391] TUI Render Frame -> Synced: true, Seq ID: 1788896248299000000, Bids: 20, Asks: 20
[1788896249442] TUI Render Frame -> Synced: true, Seq ID: 1788896248299000000, Bids: 20, Asks: 20
[1788896249492] TUI Render Frame -> Synced: true, Seq ID: 1788896248299000000, Bids: 20, Asks: 20
[1788896249542] TUI Render Frame -> Synced: true, Seq ID: 1788896248299000000, Bids: 20, Asks: 20
[1788896249591] TUI Render Frame -> Synced: true, Seq ID: 1788896248299000000, Bids: 20, Asks: 20
[1788896249641] TUI Render Frame -> Synced: true, Seq ID: 1788896248299000000, Bids: 20, Asks: 20
[1788896249692] TUI Render Frame -> Synced: true, Seq ID: 1788896248299000000, Bids: 20, Asks: 20
[1788896249742] TUI Render Frame -> Synced: true, Seq ID: 1788896248299000000, Bids: 20, Asks: 20
[1788896249791] TUI Render Frame -> Synced: true, Seq ID: 1788896248299000000, Bids: 20, Asks: 20
[1788896249841] TUI Render Frame -> Synced: true, Seq ID: 1788896248299000000, Bids: 20, Asks: 20
[1788896249892] TUI Render Frame -> Synced: true, Seq ID: 1788896248299000000, Bids: 20, Asks: 20
[1788896249942] TUI Render Frame -> Synced: true, Seq ID: 1788896248299000000, Bids: 20, Asks: 20
[1788896249991] TUI Render Frame -> Synced: true, Seq ID: 1788896248299000000, Bids: 20, Asks: 20
[1788896250041] TUI Render Frame -> Synced: true, Seq ID: 1788896248299000000, Bids: 20, Asks: 20
[1788896250092] TUI Render Frame -> Synced: true, Seq ID: 1788896248299000000, Bids: 20, Asks: 20
[1788896250142] TUI Render Frame -> Synced: true, Seq ID: 1788896248299000000, Bids: 20, Asks: 20
[1788896250191] TUI Render Frame -> Synced: true, Seq ID: 1788896248299000000, Bids: 20, Asks: 20
[1788896250242] TUI Render Frame -> Synced: true, Seq ID: 1788896248299000000, Bids: 20, Asks: 20
[1788896250291] TUI Render Frame -> Synced: true, Seq ID: 1788896248299000000, Bids: 20, Asks: 20
[1788896250347] TUI Render Frame -> Synced: true, Seq ID: 1788896248299000000, Bids: 20, Asks: 20
[1788896250391] TUI Render Frame -> Synced: true, Seq ID: 1788896248299000000, Bids: 20, Asks: 20
[1788896250442] TUI Render Frame -> Synced: true, Seq ID: 1788896248299000000, Bids: 20, Asks: 20
[1788896250490] TUI Render Frame -> Synced: true, Seq ID: 1788896248299000000, Bids: 20, Asks: 20
[1788896250541] TUI Render Frame -> Synced: true, Seq ID: 1788896248299000000, Bids: 20, Asks: 20
[1788896250591] TUI Render Frame -> Synced: true, Seq ID: 1788896248299000000, Bids: 20, Asks: 20
[1788896250642] TUI Render Frame -> Synced: true, Seq ID: 1788896248299000000, Bids: 20, Asks: 20
[1788896250691] TUI Render Frame -> Synced: true, Seq ID: 1788896248299000000, Bids: 20, Asks: 20
[1788896250742] TUI Render Frame -> Synced: true, Seq ID: 1788896248299000000, Bids: 20, Asks: 20
[1788896250791] TUI Render Frame -> Synced: true, Seq ID: 1788896248299000000, Bids: 20, Asks: 20
[1788896250841] TUI Render Frame -> Synced: true, Seq ID: 1788896248299000000, Bids: 20, Asks: 20
[1788896250891] TUI Render Frame -> Synced: true, Seq ID: 1788896248299000000, Bids: 20, Asks: 20
[1788896250941] TUI Render Frame -> Synced: true, Seq ID: 1788896248299000000, Bids: 20, Asks: 20
[1788896250991] TUI Render Frame -> Synced: true, Seq ID: 1788896248299000000, Bids: 20, Asks: 20
[1788896251042] TUI Render Frame -> Synced: true, Seq ID: 1788896248299000000, Bids: 20, Asks: 20
[1788896251091] TUI Render Frame -> Synced: true, Seq ID: 1788896248299000000, Bids: 20, Asks: 20
[1788896251141] TUI Render Frame -> Synced: true, Seq ID: 1788896248299000000, Bids: 20, Asks: 20
[1788896251191] TUI Render Frame -> Synced: true, Seq ID: 1788896248299000000, Bids: 20, Asks: 20
[1788896251242] TUI Render Frame -> Synced: true, Seq ID: 1788896248299000000, Bids: 20, Asks: 20
[1788896251292] TUI Render Frame -> Synced: true, Seq ID: 1788896248299000000, Bids: 20, Asks: 20
[1788896251342] TUI Render Frame -> Synced: true, Seq ID: 1788896248299000000, Bids: 20, Asks: 20
[1788896251391] TUI Render Frame -> Synced: true, Seq ID: 1788896248299000000, Bids: 20, Asks: 20
[1788896251441] TUI Render Frame -> Synced: true, Seq ID: 1788896248299000000, Bids: 20, Asks: 20
[1788896251494] TUI Render Frame -> Synced: true, Seq ID: 1788896248299000000, Bids: 20, Asks: 20
[1788896251541] TUI Render Frame -> Synced: true, Seq ID: 1788896248299000000, Bids: 20, Asks: 20
[1788896251591] TUI Render Frame -> Synced: true, Seq ID: 1788896248299000000, Bids: 20, Asks: 20
[1788896251641] TUI Render Frame -> Synced: true, Seq ID: 1788896248299000000, Bids: 20, Asks: 20
[1788896251691] TUI Render Frame -> Synced: true, Seq ID: 1788896248299000000, Bids: 20, Asks: 20
[1788896251742] TUI Render Frame -> Synced: true, Seq ID: 1788896248299000000, Bids: 20, Asks: 20
[1788896251791] TUI Render Frame -> Synced: true, Seq ID: 1788896248299000000, Bids: 20, Asks: 20
[1788896251841] TUI Render Frame -> Synced: true, Seq ID: 1788896248299000000, Bids: 20, Asks: 20
[1788896251891] TUI Render Frame -> Synced: true, Seq ID: 1788896248299000000, Bids: 20, Asks: 20
[1788896251942] TUI Render Frame -> Synced: true, Seq ID: 1788896248299000000, Bids: 20, Asks: 20
[1788896251991] TUI Render Frame -> Synced: true, Seq ID: 1788896248299000000, Bids: 20, Asks: 20
[1788896252042] TUI Render Frame -> Synced: true, Seq ID: 1788896248299000000, Bids: 20, Asks: 20
[1788896252090] TUI Render Frame -> Synced: true, Seq ID: 1788896248299000000, Bids: 20, Asks: 20
[1788896252141] TUI Render Frame -> Synced: true, Seq ID: 1788896248299000000, Bids: 20, Asks: 20
[1788896252191] TUI Render Frame -> Synced: true, Seq ID: 1788896248299000000, Bids: 20, Asks: 20
[1788896252242] TUI Render Frame -> Synced: true, Seq ID: 1788896248299000000, Bids: 20, Asks: 20
[1788896252291] TUI Render Frame -> Synced: true, Seq ID: 1788896248299000000, Bids: 20, Asks: 20
[1788896252341] TUI Render Frame -> Synced: true, Seq ID: 1788896248299000000, Bids: 20, Asks: 20
[1788896252392] TUI Render Frame -> Synced: true, Seq ID: 1788896248299000000, Bids: 20, Asks: 20
[1788896252442] TUI Render Frame -> Synced: true, Seq ID: 1788896248299000000, Bids: 20, Asks: 20
[1788896252491] TUI Render Frame -> Synced: true, Seq ID: 1788896248299000000, Bids: 20, Asks: 20
[1788896252541] TUI Render Frame -> Synced: true, Seq ID: 1788896248299000000, Bids: 20, Asks: 20
[1788896252591] TUI Render Frame -> Synced: true, Seq ID: 1788896248299000000, Bids: 20, Asks: 20
[1788896252641] TUI Render Frame -> Synced: true, Seq ID: 1788896248299000000, Bids: 20, Asks: 20
[1788896252692] TUI Render Frame -> Synced: true, Seq ID: 1788896248299000000, Bids: 20, Asks: 20
[1788896252742] TUI Render Frame -> Synced: true, Seq ID: 1788896248299000000, Bids: 20, Asks: 20
[1788896252790] TUI Render Frame -> Synced: true, Seq ID: 1788896248299000000, Bids: 20, Asks: 20
[1788896252841] TUI Render Frame -> Synced: true, Seq ID: 1788896248299000000, Bids: 20, Asks: 20
[1788896252892] TUI Render Frame -> Synced: true, Seq ID: 1788896248299000000, Bids: 20, Asks: 20
[1788896252942] TUI Render Frame -> Synced: true, Seq ID: 1788896248299000000, Bids: 20, Asks: 20
[1788896252992] TUI Render Frame -> Synced: true, Seq ID: 1788896248299000000, Bids: 20, Asks: 20
[1788896253041] TUI Render Frame -> Synced: true, Seq ID: 1788896248299000000, Bids: 20, Asks: 20
[1788896253091] TUI Render Frame -> Synced: true, Seq ID: 1788896248299000000, Bids: 20, Asks: 20
[1788896253142] TUI Render Frame -> Synced: true, Seq ID: 1788896248299000000, Bids: 20, Asks: 20
[1788896253192] TUI Render Frame -> Synced: true, Seq ID: 1788896248299000000, Bids: 20, Asks: 20
[1788896253241] TUI Render Frame -> Synced: true, Seq ID: 1788896248299000000, Bids: 20, Asks: 20
[1788896253291] TUI Render Frame -> Synced: true, Seq ID: 1788896248299000000, Bids: 20, Asks: 20
[1788896253342] TUI Render Frame -> Synced: true, Seq ID: 1788896248299000000, Bids: 20, Asks: 20
[1788896253392] TUI Render Frame -> Synced: true, Seq ID: 1788896248299000000, Bids: 20, Asks: 20
[1788896253442] TUI Render Frame -> Synced: true, Seq ID: 1788896248299000000, Bids: 20, Asks: 20
[1788896253491] TUI Render Frame -> Synced: true, Seq ID: 1788896248299000000, Bids: 20, Asks: 20
[1788896253541] TUI Render Frame -> Synced: true, Seq ID: 1788896248299000000, Bids: 20, Asks: 20
[1788896253592] TUI Render Frame -> Synced: true, Seq ID: 1788896248299000000, Bids: 20, Asks: 20
[1788896253642] TUI Render Frame -> Synced: true, Seq ID: 1788896248299000000, Bids: 20, Asks: 20
[1788896253691] TUI Render Frame -> Synced: true, Seq ID: 1788896248299000000, Bids: 20, Asks: 20
[1788896253741] TUI Render Frame -> Synced: true, Seq ID: 1788896248299000000, Bids: 20, Asks: 20
[1788896253792] TUI Render Frame -> Synced: true, Seq ID: 1788896248299000000, Bids: 20, Asks: 20
[1788896253842] TUI Render Frame -> Synced: true, Seq ID: 1788896248299000000, Bids: 20, Asks: 20
[1788896253892] TUI Render Frame -> Synced: true, Seq ID: 1788896248299000000, Bids: 20, Asks: 20
[1788896253941] TUI Render Frame -> Synced: true, Seq ID: 1788896248299000000, Bids: 20, Asks: 20
[1788896253991] TUI Render Frame -> Synced: true, Seq ID: 1788896248299000000, Bids: 20, Asks: 20
[1788896254041] TUI Render Frame -> Synced: true, Seq ID: 1788896248299000000, Bids: 20, Asks: 20
[1788896254091] TUI Render Frame -> Synced: true, Seq ID: 1788896248299000000, Bids: 20, Asks: 20
[1788896254141] TUI Render Frame -> Synced: true, Seq ID: 1788896248299000000, Bids: 20, Asks: 20
[1788896254191] TUI Render Frame -> Synced: true, Seq ID: 1788896248299000000, Bids: 20, Asks: 20
[1788896254241] TUI Render Frame -> Synced: true, Seq ID: 1788896248299000000, Bids: 20, Asks: 20
[1788896254291] TUI Render Frame -> Synced: true, Seq ID: 1788896248299000000, Bids: 20, Asks: 20
[1788896254341] TUI Render Frame -> Synced: true, Seq ID: 1788896248299000000, Bids: 20, Asks: 20
[1788896254390] TUI Render Frame -> Synced: true, Seq ID: 1788896248299000000, Bids: 20, Asks: 20
[1788896254442] TUI Render Frame -> Synced: true, Seq ID: 1788896248299000000, Bids: 20, Asks: 20
[1788896254466] Msg #61: Depth received | Bids: 20, Asks: 20, Timestamp ID: 1788896253701000000
[1788896254466] Reconciler book exists: true
[1788896254466] ui_tx.send status: true, receiver count: 1
[1788896254491] TUI Render Frame -> Synced: true, Seq ID: 1788896253701000000, Bids: 20, Asks: 20
[1788896254542] TUI Render Frame -> Synced: true, Seq ID: 1788896253701000000, Bids: 20, Asks: 20
[1788896254593] TUI Render Frame -> Synced: true, Seq ID: 1788896253701000000, Bids: 20, Asks: 20
[1788896254641] TUI Render Frame -> Synced: true, Seq ID: 1788896253701000000, Bids: 20, Asks: 20
[1788896254691] TUI Render Frame -> Synced: true, Seq ID: 1788896253701000000, Bids: 20, Asks: 20
[1788896254742] TUI Render Frame -> Synced: true, Seq ID: 1788896253701000000, Bids: 20, Asks: 20
[1788896254792] TUI Render Frame -> Synced: true, Seq ID: 1788896253701000000, Bids: 20, Asks: 20
[1788896254841] TUI Render Frame -> Synced: true, Seq ID: 1788896253701000000, Bids: 20, Asks: 20
[1788896254891] TUI Render Frame -> Synced: true, Seq ID: 1788896253701000000, Bids: 20, Asks: 20
[1788896254941] TUI Render Frame -> Synced: true, Seq ID: 1788896253701000000, Bids: 20, Asks: 20
[1788896254992] TUI Render Frame -> Synced: true, Seq ID: 1788896253701000000, Bids: 20, Asks: 20
[1788896255042] TUI Render Frame -> Synced: true, Seq ID: 1788896253701000000, Bids: 20, Asks: 20
[1788896255091] TUI Render Frame -> Synced: true, Seq ID: 1788896253701000000, Bids: 20, Asks: 20
[1788896255142] TUI Render Frame -> Synced: true, Seq ID: 1788896253701000000, Bids: 20, Asks: 20
[1788896255192] TUI Render Frame -> Synced: true, Seq ID: 1788896253701000000, Bids: 20, Asks: 20
[1788896255241] TUI Render Frame -> Synced: true, Seq ID: 1788896253701000000, Bids: 20, Asks: 20
[1788896255291] TUI Render Frame -> Synced: true, Seq ID: 1788896253701000000, Bids: 20, Asks: 20
[1788896255342] TUI Render Frame -> Synced: true, Seq ID: 1788896253701000000, Bids: 20, Asks: 20
[1788896255392] TUI Render Frame -> Synced: true, Seq ID: 1788896253701000000, Bids: 20, Asks: 20
[1788896255441] TUI Render Frame -> Synced: true, Seq ID: 1788896253701000000, Bids: 20, Asks: 20
[1788896255492] TUI Render Frame -> Synced: true, Seq ID: 1788896253701000000, Bids: 20, Asks: 20
[1788896255542] TUI Render Frame -> Synced: true, Seq ID: 1788896253701000000, Bids: 20, Asks: 20
[1788896255593] TUI Render Frame -> Synced: true, Seq ID: 1788896253701000000, Bids: 20, Asks: 20
[1788896255642] TUI Render Frame -> Synced: true, Seq ID: 1788896253701000000, Bids: 20, Asks: 20
[1788896255691] TUI Render Frame -> Synced: true, Seq ID: 1788896253701000000, Bids: 20, Asks: 20
[1788896255741] TUI Render Frame -> Synced: true, Seq ID: 1788896253701000000, Bids: 20, Asks: 20
[1788896255791] TUI Render Frame -> Synced: true, Seq ID: 1788896253701000000, Bids: 20, Asks: 20
[1788896255841] TUI Render Frame -> Synced: true, Seq ID: 1788896253701000000, Bids: 20, Asks: 20
[1788896255891] TUI Render Frame -> Synced: true, Seq ID: 1788896253701000000, Bids: 20, Asks: 20
[1788896255941] TUI Render Frame -> Synced: true, Seq ID: 1788896253701000000, Bids: 20, Asks: 20
[1788896255991] TUI Render Frame -> Synced: true, Seq ID: 1788896253701000000, Bids: 20, Asks: 20
[1788896256041] TUI Render Frame -> Synced: true, Seq ID: 1788896253701000000, Bids: 20, Asks: 20
[1788896256091] TUI Render Frame -> Synced: true, Seq ID: 1788896253701000000, Bids: 20, Asks: 20
[1788896256142] TUI Render Frame -> Synced: true, Seq ID: 1788896253701000000, Bids: 20, Asks: 20
[1788896256192] TUI Render Frame -> Synced: true, Seq ID: 1788896253701000000, Bids: 20, Asks: 20
[1788896256241] TUI Render Frame -> Synced: true, Seq ID: 1788896253701000000, Bids: 20, Asks: 20
[1788896256292] TUI Render Frame -> Synced: true, Seq ID: 1788896253701000000, Bids: 20, Asks: 20
[1788896256341] TUI Render Frame -> Synced: true, Seq ID: 1788896253701000000, Bids: 20, Asks: 20
[1788896256392] TUI Render Frame -> Synced: true, Seq ID: 1788896253701000000, Bids: 20, Asks: 20
[1788896256441] TUI Render Frame -> Synced: true, Seq ID: 1788896253701000000, Bids: 20, Asks: 20
[1788896256492] TUI Render Frame -> Synced: true, Seq ID: 1788896253701000000, Bids: 20, Asks: 20
[1788896256542] TUI Render Frame -> Synced: true, Seq ID: 1788896253701000000, Bids: 20, Asks: 20
[1788896256592] TUI Render Frame -> Synced: true, Seq ID: 1788896253701000000, Bids: 20, Asks: 20
[1788896256642] TUI Render Frame -> Synced: true, Seq ID: 1788896253701000000, Bids: 20, Asks: 20
[1788896256691] TUI Render Frame -> Synced: true, Seq ID: 1788896253701000000, Bids: 20, Asks: 20
[1788896256742] TUI Render Frame -> Synced: true, Seq ID: 1788896253701000000, Bids: 20, Asks: 20
[1788896256791] TUI Render Frame -> Synced: true, Seq ID: 1788896253701000000, Bids: 20, Asks: 20
[1788896256842] TUI Render Frame -> Synced: true, Seq ID: 1788896253701000000, Bids: 20, Asks: 20
[1788896256890] TUI Render Frame -> Synced: true, Seq ID: 1788896253701000000, Bids: 20, Asks: 20
[1788896256941] TUI Render Frame -> Synced: true, Seq ID: 1788896253701000000, Bids: 20, Asks: 20
[1788896256992] TUI Render Frame -> Synced: true, Seq ID: 1788896253701000000, Bids: 20, Asks: 20
[1788896257047] TUI Render Frame -> Synced: true, Seq ID: 1788896253701000000, Bids: 20, Asks: 20
[1788896257092] TUI Render Frame -> Synced: true, Seq ID: 1788896253701000000, Bids: 20, Asks: 20
[1788896257141] TUI Render Frame -> Synced: true, Seq ID: 1788896253701000000, Bids: 20, Asks: 20
[1788896257191] TUI Render Frame -> Synced: true, Seq ID: 1788896253701000000, Bids: 20, Asks: 20
[1788896257242] TUI Render Frame -> Synced: true, Seq ID: 1788896253701000000, Bids: 20, Asks: 20
[1788896257292] TUI Render Frame -> Synced: true, Seq ID: 1788896253701000000, Bids: 20, Asks: 20
[1788896257341] TUI Render Frame -> Synced: true, Seq ID: 1788896253701000000, Bids: 20, Asks: 20
[1788896257392] TUI Render Frame -> Synced: true, Seq ID: 1788896253701000000, Bids: 20, Asks: 20
[1788896257442] TUI Render Frame -> Synced: true, Seq ID: 1788896253701000000, Bids: 20, Asks: 20
[1788896257492] TUI Render Frame -> Synced: true, Seq ID: 1788896253701000000, Bids: 20, Asks: 20
[1788896257541] TUI Render Frame -> Synced: true, Seq ID: 1788896253701000000, Bids: 20, Asks: 20
[1788896257590] TUI Render Frame -> Synced: true, Seq ID: 1788896253701000000, Bids: 20, Asks: 20
[1788896257642] TUI Render Frame -> Synced: true, Seq ID: 1788896253701000000, Bids: 20, Asks: 20
[1788896257691] TUI Render Frame -> Synced: true, Seq ID: 1788896253701000000, Bids: 20, Asks: 20
[1788896257741] TUI Render Frame -> Synced: true, Seq ID: 1788896253701000000, Bids: 20, Asks: 20
[1788896257791] TUI Render Frame -> Synced: true, Seq ID: 1788896253701000000, Bids: 20, Asks: 20
[1788896257842] TUI Render Frame -> Synced: true, Seq ID: 1788896253701000000, Bids: 20, Asks: 20
[1788896257892] TUI Render Frame -> Synced: true, Seq ID: 1788896253701000000, Bids: 20, Asks: 20
[1788896257941] TUI Render Frame -> Synced: true, Seq ID: 1788896253701000000, Bids: 20, Asks: 20
[1788896257991] TUI Render Frame -> Synced: true, Seq ID: 1788896253701000000, Bids: 20, Asks: 20
[1788896258041] TUI Render Frame -> Synced: true, Seq ID: 1788896253701000000, Bids: 20, Asks: 20
[1788896258092] TUI Render Frame -> Synced: true, Seq ID: 1788896253701000000, Bids: 20, Asks: 20
[1788896258142] TUI Render Frame -> Synced: true, Seq ID: 1788896253701000000, Bids: 20, Asks: 20
[1788896258192] TUI Render Frame -> Synced: true, Seq ID: 1788896253701000000, Bids: 20, Asks: 20
[1788896258241] TUI Render Frame -> Synced: true, Seq ID: 1788896253701000000, Bids: 20, Asks: 20
[1788896258291] TUI Render Frame -> Synced: true, Seq ID: 1788896253701000000, Bids: 20, Asks: 20
[1788896258342] TUI Render Frame -> Synced: true, Seq ID: 1788896253701000000, Bids: 20, Asks: 20
[1788896258391] TUI Render Frame -> Synced: true, Seq ID: 1788896253701000000, Bids: 20, Asks: 20
[1788896258441] TUI Render Frame -> Synced: true, Seq ID: 1788896253701000000, Bids: 20, Asks: 20
[1788896258491] TUI Render Frame -> Synced: true, Seq ID: 1788896253701000000, Bids: 20, Asks: 20
[1788896258541] TUI Render Frame -> Synced: true, Seq ID: 1788896253701000000, Bids: 20, Asks: 20
[1788896258591] TUI Render Frame -> Synced: true, Seq ID: 1788896253701000000, Bids: 20, Asks: 20
[1788896258642] TUI Render Frame -> Synced: true, Seq ID: 1788896253701000000, Bids: 20, Asks: 20
[1788896258692] TUI Render Frame -> Synced: true, Seq ID: 1788896253701000000, Bids: 20, Asks: 20
[1788896258742] TUI Render Frame -> Synced: true, Seq ID: 1788896253701000000, Bids: 20, Asks: 20
[1788896258791] TUI Render Frame -> Synced: true, Seq ID: 1788896253701000000, Bids: 20, Asks: 20
[1788896258842] TUI Render Frame -> Synced: true, Seq ID: 1788896253701000000, Bids: 20, Asks: 20
[1788896258891] TUI Render Frame -> Synced: true, Seq ID: 1788896253701000000, Bids: 20, Asks: 20
[1788896258942] TUI Render Frame -> Synced: true, Seq ID: 1788896253701000000, Bids: 20, Asks: 20
[1788896258992] TUI Render Frame -> Synced: true, Seq ID: 1788896253701000000, Bids: 20, Asks: 20
[1788896259041] TUI Render Frame -> Synced: true, Seq ID: 1788896253701000000, Bids: 20, Asks: 20
[1788896259092] TUI Render Frame -> Synced: true, Seq ID: 1788896253701000000, Bids: 20, Asks: 20
[1788896259142] TUI Render Frame -> Synced: true, Seq ID: 1788896253701000000, Bids: 20, Asks: 20
[1788896259190] TUI Render Frame -> Synced: true, Seq ID: 1788896253701000000, Bids: 20, Asks: 20
[1788896259241] TUI Render Frame -> Synced: true, Seq ID: 1788896253701000000, Bids: 20, Asks: 20
[1788896259292] TUI Render Frame -> Synced: true, Seq ID: 1788896253701000000, Bids: 20, Asks: 20
[1788896259341] TUI Render Frame -> Synced: true, Seq ID: 1788896253701000000, Bids: 20, Asks: 20
[1788896259391] TUI Render Frame -> Synced: true, Seq ID: 1788896253701000000, Bids: 20, Asks: 20
[1788896259441] TUI Render Frame -> Synced: true, Seq ID: 1788896253701000000, Bids: 20, Asks: 20
[1788896259492] TUI Render Frame -> Synced: true, Seq ID: 1788896253701000000, Bids: 20, Asks: 20
[1788896259542] TUI Render Frame -> Synced: true, Seq ID: 1788896253701000000, Bids: 20, Asks: 20
[1788896259591] TUI Render Frame -> Synced: true, Seq ID: 1788896253701000000, Bids: 20, Asks: 20
[1788896259607] Msg #62: Depth received | Bids: 20, Asks: 20, Timestamp ID: 1788896259094000000
[1788896259608] Reconciler book exists: true
[1788896259608] ui_tx.send status: true, receiver count: 1
[1788896259640] TUI Render Frame -> Synced: true, Seq ID: 1788896259094000000, Bids: 20, Asks: 20
[1788896259691] TUI Render Frame -> Synced: true, Seq ID: 1788896259094000000, Bids: 20, Asks: 20
[1788896259741] TUI Render Frame -> Synced: true, Seq ID: 1788896259094000000, Bids: 20, Asks: 20
[1788896259791] TUI Render Frame -> Synced: true, Seq ID: 1788896259094000000, Bids: 20, Asks: 20
[1788896259841] TUI Render Frame -> Synced: true, Seq ID: 1788896259094000000, Bids: 20, Asks: 20
[1788896259891] TUI Render Frame -> Synced: true, Seq ID: 1788896259094000000, Bids: 20, Asks: 20
[1788896259941] TUI Render Frame -> Synced: true, Seq ID: 1788896259094000000, Bids: 20, Asks: 20
[1788896259991] TUI Render Frame -> Synced: true, Seq ID: 1788896259094000000, Bids: 20, Asks: 20
[1788896260041] TUI Render Frame -> Synced: true, Seq ID: 1788896259094000000, Bids: 20, Asks: 20
[1788896260091] TUI Render Frame -> Synced: true, Seq ID: 1788896259094000000, Bids: 20, Asks: 20
[1788896260141] TUI Render Frame -> Synced: true, Seq ID: 1788896259094000000, Bids: 20, Asks: 20
[1788896260191] TUI Render Frame -> Synced: true, Seq ID: 1788896259094000000, Bids: 20, Asks: 20
[1788896260242] TUI Render Frame -> Synced: true, Seq ID: 1788896259094000000, Bids: 20, Asks: 20
[1788896260291] TUI Render Frame -> Synced: true, Seq ID: 1788896259094000000, Bids: 20, Asks: 20
[1788896260342] TUI Render Frame -> Synced: true, Seq ID: 1788896259094000000, Bids: 20, Asks: 20
[1788896260391] TUI Render Frame -> Synced: true, Seq ID: 1788896259094000000, Bids: 20, Asks: 20
[1788896260441] TUI Render Frame -> Synced: true, Seq ID: 1788896259094000000, Bids: 20, Asks: 20
[1788896260491] TUI Render Frame -> Synced: true, Seq ID: 1788896259094000000, Bids: 20, Asks: 20
[1788896260541] TUI Render Frame -> Synced: true, Seq ID: 1788896259094000000, Bids: 20, Asks: 20
[1788896260592] TUI Render Frame -> Synced: true, Seq ID: 1788896259094000000, Bids: 20, Asks: 20
[1788896260641] TUI Render Frame -> Synced: true, Seq ID: 1788896259094000000, Bids: 20, Asks: 20
[1788896260691] TUI Render Frame -> Synced: true, Seq ID: 1788896259094000000, Bids: 20, Asks: 20
[1788896260741] TUI Render Frame -> Synced: true, Seq ID: 1788896259094000000, Bids: 20, Asks: 20
[1788896260790] TUI Render Frame -> Synced: true, Seq ID: 1788896259094000000, Bids: 20, Asks: 20
[1788896260842] TUI Render Frame -> Synced: true, Seq ID: 1788896259094000000, Bids: 20, Asks: 20
[1788896260891] TUI Render Frame -> Synced: true, Seq ID: 1788896259094000000, Bids: 20, Asks: 20
[1788896260941] TUI Render Frame -> Synced: true, Seq ID: 1788896259094000000, Bids: 20, Asks: 20
[1788896260991] TUI Render Frame -> Synced: true, Seq ID: 1788896259094000000, Bids: 20, Asks: 20
[1788896261042] TUI Render Frame -> Synced: true, Seq ID: 1788896259094000000, Bids: 20, Asks: 20
[1788896261092] TUI Render Frame -> Synced: true, Seq ID: 1788896259094000000, Bids: 20, Asks: 20
[1788896261141] TUI Render Frame -> Synced: true, Seq ID: 1788896259094000000, Bids: 20, Asks: 20
[1788896261191] TUI Render Frame -> Synced: true, Seq ID: 1788896259094000000, Bids: 20, Asks: 20
[1788896261241] TUI Render Frame -> Synced: true, Seq ID: 1788896259094000000, Bids: 20, Asks: 20
[1788896261291] TUI Render Frame -> Synced: true, Seq ID: 1788896259094000000, Bids: 20, Asks: 20
[1788896261341] TUI Render Frame -> Synced: true, Seq ID: 1788896259094000000, Bids: 20, Asks: 20
[1788896261391] TUI Render Frame -> Synced: true, Seq ID: 1788896259094000000, Bids: 20, Asks: 20
[1788896261441] TUI Render Frame -> Synced: true, Seq ID: 1788896259094000000, Bids: 20, Asks: 20
[1788896261491] TUI Render Frame -> Synced: true, Seq ID: 1788896259094000000, Bids: 20, Asks: 20
[1788896261542] TUI Render Frame -> Synced: true, Seq ID: 1788896259094000000, Bids: 20, Asks: 20
[1788896261592] TUI Render Frame -> Synced: true, Seq ID: 1788896259094000000, Bids: 20, Asks: 20
[1788896261644] TUI Render Frame -> Synced: true, Seq ID: 1788896259094000000, Bids: 20, Asks: 20
[1788896261691] TUI Render Frame -> Synced: true, Seq ID: 1788896259094000000, Bids: 20, Asks: 20
[1788896261747] TUI Render Frame -> Synced: true, Seq ID: 1788896259094000000, Bids: 20, Asks: 20
[1788896261791] TUI Render Frame -> Synced: true, Seq ID: 1788896259094000000, Bids: 20, Asks: 20
[1788896261841] TUI Render Frame -> Synced: true, Seq ID: 1788896259094000000, Bids: 20, Asks: 20
[1788896261896] TUI Render Frame -> Synced: true, Seq ID: 1788896259094000000, Bids: 20, Asks: 20
[1788896261941] TUI Render Frame -> Synced: true, Seq ID: 1788896259094000000, Bids: 20, Asks: 20
[1788896261991] TUI Render Frame -> Synced: true, Seq ID: 1788896259094000000, Bids: 20, Asks: 20
[1788896262041] TUI Render Frame -> Synced: true, Seq ID: 1788896259094000000, Bids: 20, Asks: 20
[1788896262091] TUI Render Frame -> Synced: true, Seq ID: 1788896259094000000, Bids: 20, Asks: 20
[1788896262141] TUI Render Frame -> Synced: true, Seq ID: 1788896259094000000, Bids: 20, Asks: 20
[1788896262191] TUI Render Frame -> Synced: true, Seq ID: 1788896259094000000, Bids: 20, Asks: 20
[1788896262241] TUI Render Frame -> Synced: true, Seq ID: 1788896259094000000, Bids: 20, Asks: 20
[1788896262291] TUI Render Frame -> Synced: true, Seq ID: 1788896259094000000, Bids: 20, Asks: 20
[1788896262342] TUI Render Frame -> Synced: true, Seq ID: 1788896259094000000, Bids: 20, Asks: 20
[1788896262391] TUI Render Frame -> Synced: true, Seq ID: 1788896259094000000, Bids: 20, Asks: 20
[1788896262442] TUI Render Frame -> Synced: true, Seq ID: 1788896259094000000, Bids: 20, Asks: 20
[1788896262492] TUI Render Frame -> Synced: true, Seq ID: 1788896259094000000, Bids: 20, Asks: 20
[1788896262541] TUI Render Frame -> Synced: true, Seq ID: 1788896259094000000, Bids: 20, Asks: 20
[1788896262591] TUI Render Frame -> Synced: true, Seq ID: 1788896259094000000, Bids: 20, Asks: 20
[1788896262641] TUI Render Frame -> Synced: true, Seq ID: 1788896259094000000, Bids: 20, Asks: 20
[1788896262692] TUI Render Frame -> Synced: true, Seq ID: 1788896259094000000, Bids: 20, Asks: 20
[1788896262742] TUI Render Frame -> Synced: true, Seq ID: 1788896259094000000, Bids: 20, Asks: 20
[1788896262791] TUI Render Frame -> Synced: true, Seq ID: 1788896259094000000, Bids: 20, Asks: 20
[1788896262841] TUI Render Frame -> Synced: true, Seq ID: 1788896259094000000, Bids: 20, Asks: 20
[1788896262891] TUI Render Frame -> Synced: true, Seq ID: 1788896259094000000, Bids: 20, Asks: 20
[1788896262941] TUI Render Frame -> Synced: true, Seq ID: 1788896259094000000, Bids: 20, Asks: 20
[1788896262992] TUI Render Frame -> Synced: true, Seq ID: 1788896259094000000, Bids: 20, Asks: 20
[1788896263041] TUI Render Frame -> Synced: true, Seq ID: 1788896259094000000, Bids: 20, Asks: 20
[1788896263091] TUI Render Frame -> Synced: true, Seq ID: 1788896259094000000, Bids: 20, Asks: 20
[1788896263141] TUI Render Frame -> Synced: true, Seq ID: 1788896259094000000, Bids: 20, Asks: 20
[1788896263192] TUI Render Frame -> Synced: true, Seq ID: 1788896259094000000, Bids: 20, Asks: 20
[1788896263241] TUI Render Frame -> Synced: true, Seq ID: 1788896259094000000, Bids: 20, Asks: 20
[1788896263291] TUI Render Frame -> Synced: true, Seq ID: 1788896259094000000, Bids: 20, Asks: 20
[1788896263341] TUI Render Frame -> Synced: true, Seq ID: 1788896259094000000, Bids: 20, Asks: 20
[1788896263391] TUI Render Frame -> Synced: true, Seq ID: 1788896259094000000, Bids: 20, Asks: 20
[1788896263442] TUI Render Frame -> Synced: true, Seq ID: 1788896259094000000, Bids: 20, Asks: 20
[1788896263491] TUI Render Frame -> Synced: true, Seq ID: 1788896259094000000, Bids: 20, Asks: 20
[1788896263542] TUI Render Frame -> Synced: true, Seq ID: 1788896259094000000, Bids: 20, Asks: 20
[1788896263592] TUI Render Frame -> Synced: true, Seq ID: 1788896259094000000, Bids: 20, Asks: 20
[1788896263641] TUI Render Frame -> Synced: true, Seq ID: 1788896259094000000, Bids: 20, Asks: 20
[1788896263692] TUI Render Frame -> Synced: true, Seq ID: 1788896259094000000, Bids: 20, Asks: 20
[1788896263741] TUI Render Frame -> Synced: true, Seq ID: 1788896259094000000, Bids: 20, Asks: 20
[1788896263791] TUI Render Frame -> Synced: true, Seq ID: 1788896259094000000, Bids: 20, Asks: 20
[1788896263842] TUI Render Frame -> Synced: true, Seq ID: 1788896259094000000, Bids: 20, Asks: 20
[1788896263892] TUI Render Frame -> Synced: true, Seq ID: 1788896259094000000, Bids: 20, Asks: 20
[1788896263942] TUI Render Frame -> Synced: true, Seq ID: 1788896259094000000, Bids: 20, Asks: 20
[1788896263990] TUI Render Frame -> Synced: true, Seq ID: 1788896259094000000, Bids: 20, Asks: 20
[1788896264041] TUI Render Frame -> Synced: true, Seq ID: 1788896259094000000, Bids: 20, Asks: 20
[1788896264092] TUI Render Frame -> Synced: true, Seq ID: 1788896259094000000, Bids: 20, Asks: 20
[1788896264142] TUI Render Frame -> Synced: true, Seq ID: 1788896259094000000, Bids: 20, Asks: 20
[1788896264191] TUI Render Frame -> Synced: true, Seq ID: 1788896259094000000, Bids: 20, Asks: 20
[1788896264240] TUI Render Frame -> Synced: true, Seq ID: 1788896259094000000, Bids: 20, Asks: 20
[1788896264292] TUI Render Frame -> Synced: true, Seq ID: 1788896259094000000, Bids: 20, Asks: 20
[1788896264341] TUI Render Frame -> Synced: true, Seq ID: 1788896259094000000, Bids: 20, Asks: 20
[1788896264391] TUI Render Frame -> Synced: true, Seq ID: 1788896259094000000, Bids: 20, Asks: 20
[1788896264440] TUI Render Frame -> Synced: true, Seq ID: 1788896259094000000, Bids: 20, Asks: 20
[1788896264492] TUI Render Frame -> Synced: true, Seq ID: 1788896259094000000, Bids: 20, Asks: 20
[1788896264541] TUI Render Frame -> Synced: true, Seq ID: 1788896259094000000, Bids: 20, Asks: 20
[1788896264592] TUI Render Frame -> Synced: true, Seq ID: 1788896259094000000, Bids: 20, Asks: 20
[1788896264641] TUI Render Frame -> Synced: true, Seq ID: 1788896259094000000, Bids: 20, Asks: 20
[1788896264692] TUI Render Frame -> Synced: true, Seq ID: 1788896259094000000, Bids: 20, Asks: 20
[1788896264742] TUI Render Frame -> Synced: true, Seq ID: 1788896259094000000, Bids: 20, Asks: 20
[1788896264791] TUI Render Frame -> Synced: true, Seq ID: 1788896259094000000, Bids: 20, Asks: 20
[1788896264841] TUI Render Frame -> Synced: true, Seq ID: 1788896259094000000, Bids: 20, Asks: 20
[1788896264891] TUI Render Frame -> Synced: true, Seq ID: 1788896259094000000, Bids: 20, Asks: 20
[1788896264909] Msg #63: Depth received | Bids: 20, Asks: 20, Timestamp ID: 1788896264467000000
[1788896264909] Reconciler book exists: true
[1788896264909] ui_tx.send status: true, receiver count: 1
[1788896264942] TUI Render Frame -> Synced: true, Seq ID: 1788896264467000000, Bids: 20, Asks: 20
[1788896264992] TUI Render Frame -> Synced: true, Seq ID: 1788896264467000000, Bids: 20, Asks: 20
[1788896265041] TUI Render Frame -> Synced: true, Seq ID: 1788896264467000000, Bids: 20, Asks: 20
[1788896265092] TUI Render Frame -> Synced: true, Seq ID: 1788896264467000000, Bids: 20, Asks: 20
[1788896265141] TUI Render Frame -> Synced: true, Seq ID: 1788896264467000000, Bids: 20, Asks: 20
[1788896265191] TUI Render Frame -> Synced: true, Seq ID: 1788896264467000000, Bids: 20, Asks: 20
[1788896265241] TUI Render Frame -> Synced: true, Seq ID: 1788896264467000000, Bids: 20, Asks: 20
[1788896265291] TUI Render Frame -> Synced: true, Seq ID: 1788896264467000000, Bids: 20, Asks: 20
[1788896265342] TUI Render Frame -> Synced: true, Seq ID: 1788896264467000000, Bids: 20, Asks: 20
[1788896265391] TUI Render Frame -> Synced: true, Seq ID: 1788896264467000000, Bids: 20, Asks: 20
[1788896265442] TUI Render Frame -> Synced: true, Seq ID: 1788896264467000000, Bids: 20, Asks: 20
[1788896265491] TUI Render Frame -> Synced: true, Seq ID: 1788896264467000000, Bids: 20, Asks: 20
[1788896265542] TUI Render Frame -> Synced: true, Seq ID: 1788896264467000000, Bids: 20, Asks: 20
[1788896265590] TUI Render Frame -> Synced: true, Seq ID: 1788896264467000000, Bids: 20, Asks: 20
[1788896265641] TUI Render Frame -> Synced: true, Seq ID: 1788896264467000000, Bids: 20, Asks: 20
[1788896265691] TUI Render Frame -> Synced: true, Seq ID: 1788896264467000000, Bids: 20, Asks: 20
[1788896265741] TUI Render Frame -> Synced: true, Seq ID: 1788896264467000000, Bids: 20, Asks: 20
[1788896265791] TUI Render Frame -> Synced: true, Seq ID: 1788896264467000000, Bids: 20, Asks: 20
[1788896265841] TUI Render Frame -> Synced: true, Seq ID: 1788896264467000000, Bids: 20, Asks: 20
[1788896265891] TUI Render Frame -> Synced: true, Seq ID: 1788896264467000000, Bids: 20, Asks: 20
[1788896265941] TUI Render Frame -> Synced: true, Seq ID: 1788896264467000000, Bids: 20, Asks: 20
[1788896265991] TUI Render Frame -> Synced: true, Seq ID: 1788896264467000000, Bids: 20, Asks: 20
[1788896266041] TUI Render Frame -> Synced: true, Seq ID: 1788896264467000000, Bids: 20, Asks: 20
[1788896266092] TUI Render Frame -> Synced: true, Seq ID: 1788896264467000000, Bids: 20, Asks: 20
[1788896266142] TUI Render Frame -> Synced: true, Seq ID: 1788896264467000000, Bids: 20, Asks: 20
[1788896266192] TUI Render Frame -> Synced: true, Seq ID: 1788896264467000000, Bids: 20, Asks: 20
[1788896266241] TUI Render Frame -> Synced: true, Seq ID: 1788896264467000000, Bids: 20, Asks: 20
[1788896266291] TUI Render Frame -> Synced: true, Seq ID: 1788896264467000000, Bids: 20, Asks: 20
[1788896266341] TUI Render Frame -> Synced: true, Seq ID: 1788896264467000000, Bids: 20, Asks: 20
[1788896266392] TUI Render Frame -> Synced: true, Seq ID: 1788896264467000000, Bids: 20, Asks: 20
[1788896266441] TUI Render Frame -> Synced: true, Seq ID: 1788896264467000000, Bids: 20, Asks: 20
[1788896266491] TUI Render Frame -> Synced: true, Seq ID: 1788896264467000000, Bids: 20, Asks: 20
[1788896266542] TUI Render Frame -> Synced: true, Seq ID: 1788896264467000000, Bids: 20, Asks: 20
[1788896266591] TUI Render Frame -> Synced: true, Seq ID: 1788896264467000000, Bids: 20, Asks: 20
[1788896266641] TUI Render Frame -> Synced: true, Seq ID: 1788896264467000000, Bids: 20, Asks: 20
[1788896266691] TUI Render Frame -> Synced: true, Seq ID: 1788896264467000000, Bids: 20, Asks: 20
[1788896266742] TUI Render Frame -> Synced: true, Seq ID: 1788896264467000000, Bids: 20, Asks: 20
[1788896266792] TUI Render Frame -> Synced: true, Seq ID: 1788896264467000000, Bids: 20, Asks: 20
[1788896266842] TUI Render Frame -> Synced: true, Seq ID: 1788896264467000000, Bids: 20, Asks: 20
[1788896266891] TUI Render Frame -> Synced: true, Seq ID: 1788896264467000000, Bids: 20, Asks: 20
[1788896266941] TUI Render Frame -> Synced: true, Seq ID: 1788896264467000000, Bids: 20, Asks: 20
[1788896266991] TUI Render Frame -> Synced: true, Seq ID: 1788896264467000000, Bids: 20, Asks: 20
[1788896267042] TUI Render Frame -> Synced: true, Seq ID: 1788896264467000000, Bids: 20, Asks: 20
[1788896267091] TUI Render Frame -> Synced: true, Seq ID: 1788896264467000000, Bids: 20, Asks: 20
[1788896267141] TUI Render Frame -> Synced: true, Seq ID: 1788896264467000000, Bids: 20, Asks: 20
[1788896267191] TUI Render Frame -> Synced: true, Seq ID: 1788896264467000000, Bids: 20, Asks: 20
[1788896267241] TUI Render Frame -> Synced: true, Seq ID: 1788896264467000000, Bids: 20, Asks: 20
[1788896267292] TUI Render Frame -> Synced: true, Seq ID: 1788896264467000000, Bids: 20, Asks: 20
[1788896267342] TUI Render Frame -> Synced: true, Seq ID: 1788896264467000000, Bids: 20, Asks: 20
[1788896267391] TUI Render Frame -> Synced: true, Seq ID: 1788896264467000000, Bids: 20, Asks: 20
[1788896267442] TUI Render Frame -> Synced: true, Seq ID: 1788896264467000000, Bids: 20, Asks: 20
[1788896267491] TUI Render Frame -> Synced: true, Seq ID: 1788896264467000000, Bids: 20, Asks: 20
[1788896267542] TUI Render Frame -> Synced: true, Seq ID: 1788896264467000000, Bids: 20, Asks: 20
[1788896267591] TUI Render Frame -> Synced: true, Seq ID: 1788896264467000000, Bids: 20, Asks: 20
[1788896267640] TUI Render Frame -> Synced: true, Seq ID: 1788896264467000000, Bids: 20, Asks: 20
[1788896267692] TUI Render Frame -> Synced: true, Seq ID: 1788896264467000000, Bids: 20, Asks: 20
[1788896267741] TUI Render Frame -> Synced: true, Seq ID: 1788896264467000000, Bids: 20, Asks: 20
[1788896267791] TUI Render Frame -> Synced: true, Seq ID: 1788896264467000000, Bids: 20, Asks: 20
[1788896267841] TUI Render Frame -> Synced: true, Seq ID: 1788896264467000000, Bids: 20, Asks: 20
[1788896267892] TUI Render Frame -> Synced: true, Seq ID: 1788896264467000000, Bids: 20, Asks: 20
[1788896267941] TUI Render Frame -> Synced: true, Seq ID: 1788896264467000000, Bids: 20, Asks: 20
[1788896267991] TUI Render Frame -> Synced: true, Seq ID: 1788896264467000000, Bids: 20, Asks: 20
[1788896268041] TUI Render Frame -> Synced: true, Seq ID: 1788896264467000000, Bids: 20, Asks: 20
[1788896268091] TUI Render Frame -> Synced: true, Seq ID: 1788896264467000000, Bids: 20, Asks: 20
[1788896268142] TUI Render Frame -> Synced: true, Seq ID: 1788896264467000000, Bids: 20, Asks: 20
[1788896268192] TUI Render Frame -> Synced: true, Seq ID: 1788896264467000000, Bids: 20, Asks: 20
[1788896268242] TUI Render Frame -> Synced: true, Seq ID: 1788896264467000000, Bids: 20, Asks: 20
[1788896268292] TUI Render Frame -> Synced: true, Seq ID: 1788896264467000000, Bids: 20, Asks: 20
[1788896268341] TUI Render Frame -> Synced: true, Seq ID: 1788896264467000000, Bids: 20, Asks: 20
[1788896268391] TUI Render Frame -> Synced: true, Seq ID: 1788896264467000000, Bids: 20, Asks: 20
[1788896268442] TUI Render Frame -> Synced: true, Seq ID: 1788896264467000000, Bids: 20, Asks: 20
[1788896268492] TUI Render Frame -> Synced: true, Seq ID: 1788896264467000000, Bids: 20, Asks: 20
[1788896268542] TUI Render Frame -> Synced: true, Seq ID: 1788896264467000000, Bids: 20, Asks: 20
[1788896268593] TUI Render Frame -> Synced: true, Seq ID: 1788896264467000000, Bids: 20, Asks: 20
[1788896268642] TUI Render Frame -> Synced: true, Seq ID: 1788896264467000000, Bids: 20, Asks: 20
[1788896268692] TUI Render Frame -> Synced: true, Seq ID: 1788896264467000000, Bids: 20, Asks: 20
[1788896268741] TUI Render Frame -> Synced: true, Seq ID: 1788896264467000000, Bids: 20, Asks: 20
[1788896268790] TUI Render Frame -> Synced: true, Seq ID: 1788896264467000000, Bids: 20, Asks: 20
[1788896268841] TUI Render Frame -> Synced: true, Seq ID: 1788896264467000000, Bids: 20, Asks: 20
[1788896268891] TUI Render Frame -> Synced: true, Seq ID: 1788896264467000000, Bids: 20, Asks: 20
[1788896268942] TUI Render Frame -> Synced: true, Seq ID: 1788896264467000000, Bids: 20, Asks: 20
[1788896268991] TUI Render Frame -> Synced: true, Seq ID: 1788896264467000000, Bids: 20, Asks: 20
[1788896269042] TUI Render Frame -> Synced: true, Seq ID: 1788896264467000000, Bids: 20, Asks: 20
[1788896269091] TUI Render Frame -> Synced: true, Seq ID: 1788896264467000000, Bids: 20, Asks: 20
[1788896269142] TUI Render Frame -> Synced: true, Seq ID: 1788896264467000000, Bids: 20, Asks: 20
[1788896269192] TUI Render Frame -> Synced: true, Seq ID: 1788896264467000000, Bids: 20, Asks: 20
[1788896269241] TUI Render Frame -> Synced: true, Seq ID: 1788896264467000000, Bids: 20, Asks: 20
[1788896269292] TUI Render Frame -> Synced: true, Seq ID: 1788896264467000000, Bids: 20, Asks: 20
[1788896269342] TUI Render Frame -> Synced: true, Seq ID: 1788896264467000000, Bids: 20, Asks: 20
[1788896269391] TUI Render Frame -> Synced: true, Seq ID: 1788896264467000000, Bids: 20, Asks: 20
[1788896269441] TUI Render Frame -> Synced: true, Seq ID: 1788896264467000000, Bids: 20, Asks: 20
[1788896269491] TUI Render Frame -> Synced: true, Seq ID: 1788896264467000000, Bids: 20, Asks: 20
[1788896269541] TUI Render Frame -> Synced: true, Seq ID: 1788896264467000000, Bids: 20, Asks: 20
[1788896269591] TUI Render Frame -> Synced: true, Seq ID: 1788896264467000000, Bids: 20, Asks: 20
[1788896269641] TUI Render Frame -> Synced: true, Seq ID: 1788896264467000000, Bids: 20, Asks: 20
[1788896269692] TUI Render Frame -> Synced: true, Seq ID: 1788896264467000000, Bids: 20, Asks: 20
[1788896269741] TUI Render Frame -> Synced: true, Seq ID: 1788896264467000000, Bids: 20, Asks: 20
[1788896269792] TUI Render Frame -> Synced: true, Seq ID: 1788896264467000000, Bids: 20, Asks: 20
[1788896269841] TUI Render Frame -> Synced: true, Seq ID: 1788896264467000000, Bids: 20, Asks: 20
[1788896269891] TUI Render Frame -> Synced: true, Seq ID: 1788896264467000000, Bids: 20, Asks: 20
[1788896269941] TUI Render Frame -> Synced: true, Seq ID: 1788896264467000000, Bids: 20, Asks: 20
[1788896269991] TUI Render Frame -> Synced: true, Seq ID: 1788896264467000000, Bids: 20, Asks: 20
[1788896270042] TUI Render Frame -> Synced: true, Seq ID: 1788896264467000000, Bids: 20, Asks: 20
[1788896270091] TUI Render Frame -> Synced: true, Seq ID: 1788896264467000000, Bids: 20, Asks: 20
[1788896270142] TUI Render Frame -> Synced: true, Seq ID: 1788896264467000000, Bids: 20, Asks: 20
[1788896270192] TUI Render Frame -> Synced: true, Seq ID: 1788896264467000000, Bids: 20, Asks: 20
[1788896270243] TUI Render Frame -> Synced: true, Seq ID: 1788896264467000000, Bids: 20, Asks: 20
[1788896270292] TUI Render Frame -> Synced: true, Seq ID: 1788896264467000000, Bids: 20, Asks: 20
[1788896270297] Msg #64: Depth received | Bids: 20, Asks: 20, Timestamp ID: 1788896269922000000
[1788896270298] Reconciler book exists: true
[1788896270298] ui_tx.send status: true, receiver count: 1
[1788896270341] TUI Render Frame -> Synced: true, Seq ID: 1788896269922000000, Bids: 20, Asks: 20
[1788896270390] TUI Render Frame -> Synced: true, Seq ID: 1788896269922000000, Bids: 20, Asks: 20
[1788896270441] TUI Render Frame -> Synced: true, Seq ID: 1788896269922000000, Bids: 20, Asks: 20
[1788896270496] TUI Render Frame -> Synced: true, Seq ID: 1788896269922000000, Bids: 20, Asks: 20
[1788896270542] TUI Render Frame -> Synced: true, Seq ID: 1788896269922000000, Bids: 20, Asks: 20
[1788896270591] TUI Render Frame -> Synced: true, Seq ID: 1788896269922000000, Bids: 20, Asks: 20
[1788896270641] TUI Render Frame -> Synced: true, Seq ID: 1788896269922000000, Bids: 20, Asks: 20
[1788896270691] TUI Render Frame -> Synced: true, Seq ID: 1788896269922000000, Bids: 20, Asks: 20
[1788896270742] TUI Render Frame -> Synced: true, Seq ID: 1788896269922000000, Bids: 20, Asks: 20
[1788896270791] TUI Render Frame -> Synced: true, Seq ID: 1788896269922000000, Bids: 20, Asks: 20
[1788896270841] TUI Render Frame -> Synced: true, Seq ID: 1788896269922000000, Bids: 20, Asks: 20
[1788896270891] TUI Render Frame -> Synced: true, Seq ID: 1788896269922000000, Bids: 20, Asks: 20
[1788896270942] TUI Render Frame -> Synced: true, Seq ID: 1788896269922000000, Bids: 20, Asks: 20
[1788896270991] TUI Render Frame -> Synced: true, Seq ID: 1788896269922000000, Bids: 20, Asks: 20
[1788896271041] TUI Render Frame -> Synced: true, Seq ID: 1788896269922000000, Bids: 20, Asks: 20
[1788896271090] TUI Render Frame -> Synced: true, Seq ID: 1788896269922000000, Bids: 20, Asks: 20
[1788896271142] TUI Render Frame -> Synced: true, Seq ID: 1788896269922000000, Bids: 20, Asks: 20
[1788896271191] TUI Render Frame -> Synced: true, Seq ID: 1788896269922000000, Bids: 20, Asks: 20
[1788896271241] TUI Render Frame -> Synced: true, Seq ID: 1788896269922000000, Bids: 20, Asks: 20
[1788896271291] TUI Render Frame -> Synced: true, Seq ID: 1788896269922000000, Bids: 20, Asks: 20
[1788896271347] TUI Render Frame -> Synced: true, Seq ID: 1788896269922000000, Bids: 20, Asks: 20
[1788896271391] TUI Render Frame -> Synced: true, Seq ID: 1788896269922000000, Bids: 20, Asks: 20
[1788896271442] TUI Render Frame -> Synced: true, Seq ID: 1788896269922000000, Bids: 20, Asks: 20
[1788896271491] TUI Render Frame -> Synced: true, Seq ID: 1788896269922000000, Bids: 20, Asks: 20
[1788896271542] TUI Render Frame -> Synced: true, Seq ID: 1788896269922000000, Bids: 20, Asks: 20
[1788896271592] TUI Render Frame -> Synced: true, Seq ID: 1788896269922000000, Bids: 20, Asks: 20
[1788896271641] TUI Render Frame -> Synced: true, Seq ID: 1788896269922000000, Bids: 20, Asks: 20
[1788896271691] TUI Render Frame -> Synced: true, Seq ID: 1788896269922000000, Bids: 20, Asks: 20
[1788896271741] TUI Render Frame -> Synced: true, Seq ID: 1788896269922000000, Bids: 20, Asks: 20
[1788896271791] TUI Render Frame -> Synced: true, Seq ID: 1788896269922000000, Bids: 20, Asks: 20
[1788896271842] TUI Render Frame -> Synced: true, Seq ID: 1788896269922000000, Bids: 20, Asks: 20
[1788896271892] TUI Render Frame -> Synced: true, Seq ID: 1788896269922000000, Bids: 20, Asks: 20
[1788896271941] TUI Render Frame -> Synced: true, Seq ID: 1788896269922000000, Bids: 20, Asks: 20
[1788896271990] TUI Render Frame -> Synced: true, Seq ID: 1788896269922000000, Bids: 20, Asks: 20
[1788896272041] TUI Render Frame -> Synced: true, Seq ID: 1788896269922000000, Bids: 20, Asks: 20
[1788896272091] TUI Render Frame -> Synced: true, Seq ID: 1788896269922000000, Bids: 20, Asks: 20
[1788896272141] TUI Render Frame -> Synced: true, Seq ID: 1788896269922000000, Bids: 20, Asks: 20
[1788896272192] TUI Render Frame -> Synced: true, Seq ID: 1788896269922000000, Bids: 20, Asks: 20
[1788896272242] TUI Render Frame -> Synced: true, Seq ID: 1788896269922000000, Bids: 20, Asks: 20
[1788896272290] TUI Render Frame -> Synced: true, Seq ID: 1788896269922000000, Bids: 20, Asks: 20
[1788896272341] TUI Render Frame -> Synced: true, Seq ID: 1788896269922000000, Bids: 20, Asks: 20
[1788896272391] TUI Render Frame -> Synced: true, Seq ID: 1788896269922000000, Bids: 20, Asks: 20
[1788896272441] TUI Render Frame -> Synced: true, Seq ID: 1788896269922000000, Bids: 20, Asks: 20
[1788896272491] TUI Render Frame -> Synced: true, Seq ID: 1788896269922000000, Bids: 20, Asks: 20
[1788896272542] TUI Render Frame -> Synced: true, Seq ID: 1788896269922000000, Bids: 20, Asks: 20
[1788896272592] TUI Render Frame -> Synced: true, Seq ID: 1788896269922000000, Bids: 20, Asks: 20
[1788896272642] TUI Render Frame -> Synced: true, Seq ID: 1788896269922000000, Bids: 20, Asks: 20
[1788896272692] TUI Render Frame -> Synced: true, Seq ID: 1788896269922000000, Bids: 20, Asks: 20
[1788896272742] TUI Render Frame -> Synced: true, Seq ID: 1788896269922000000, Bids: 20, Asks: 20
[1788896272791] TUI Render Frame -> Synced: true, Seq ID: 1788896269922000000, Bids: 20, Asks: 20
[1788896272842] TUI Render Frame -> Synced: true, Seq ID: 1788896269922000000, Bids: 20, Asks: 20
[1788896272891] TUI Render Frame -> Synced: true, Seq ID: 1788896269922000000, Bids: 20, Asks: 20
[1788896272942] TUI Render Frame -> Synced: true, Seq ID: 1788896269922000000, Bids: 20, Asks: 20
[1788896272991] TUI Render Frame -> Synced: true, Seq ID: 1788896269922000000, Bids: 20, Asks: 20
[1788896273042] TUI Render Frame -> Synced: true, Seq ID: 1788896269922000000, Bids: 20, Asks: 20
[1788896273091] TUI Render Frame -> Synced: true, Seq ID: 1788896269922000000, Bids: 20, Asks: 20
[1788896273141] TUI Render Frame -> Synced: true, Seq ID: 1788896269922000000, Bids: 20, Asks: 20
[1788896273192] TUI Render Frame -> Synced: true, Seq ID: 1788896269922000000, Bids: 20, Asks: 20
[1788896273242] TUI Render Frame -> Synced: true, Seq ID: 1788896269922000000, Bids: 20, Asks: 20
[1788896273292] TUI Render Frame -> Synced: true, Seq ID: 1788896269922000000, Bids: 20, Asks: 20
[1788896273341] TUI Render Frame -> Synced: true, Seq ID: 1788896269922000000, Bids: 20, Asks: 20
[1788896273392] TUI Render Frame -> Synced: true, Seq ID: 1788896269922000000, Bids: 20, Asks: 20
[1788896273441] TUI Render Frame -> Synced: true, Seq ID: 1788896269922000000, Bids: 20, Asks: 20
[1788896273492] TUI Render Frame -> Synced: true, Seq ID: 1788896269922000000, Bids: 20, Asks: 20
[1788896273542] TUI Render Frame -> Synced: true, Seq ID: 1788896269922000000, Bids: 20, Asks: 20
[1788896273590] TUI Render Frame -> Synced: true, Seq ID: 1788896269922000000, Bids: 20, Asks: 20
[1788896273642] TUI Render Frame -> Synced: true, Seq ID: 1788896269922000000, Bids: 20, Asks: 20
[1788896273691] TUI Render Frame -> Synced: true, Seq ID: 1788896269922000000, Bids: 20, Asks: 20
[1788896273741] TUI Render Frame -> Synced: true, Seq ID: 1788896269922000000, Bids: 20, Asks: 20
[1788896273792] TUI Render Frame -> Synced: true, Seq ID: 1788896269922000000, Bids: 20, Asks: 20
[1788896273842] TUI Render Frame -> Synced: true, Seq ID: 1788896269922000000, Bids: 20, Asks: 20
[1788896273892] TUI Render Frame -> Synced: true, Seq ID: 1788896269922000000, Bids: 20, Asks: 20
[1788896273942] TUI Render Frame -> Synced: true, Seq ID: 1788896269922000000, Bids: 20, Asks: 20
[1788896273992] TUI Render Frame -> Synced: true, Seq ID: 1788896269922000000, Bids: 20, Asks: 20
[1788896274041] TUI Render Frame -> Synced: true, Seq ID: 1788896269922000000, Bids: 20, Asks: 20
[1788896274091] TUI Render Frame -> Synced: true, Seq ID: 1788896269922000000, Bids: 20, Asks: 20
[1788896274141] TUI Render Frame -> Synced: true, Seq ID: 1788896269922000000, Bids: 20, Asks: 20
[1788896274192] TUI Render Frame -> Synced: true, Seq ID: 1788896269922000000, Bids: 20, Asks: 20
[1788896274241] TUI Render Frame -> Synced: true, Seq ID: 1788896269922000000, Bids: 20, Asks: 20
[1788896274291] TUI Render Frame -> Synced: true, Seq ID: 1788896269922000000, Bids: 20, Asks: 20
[1788896274341] TUI Render Frame -> Synced: true, Seq ID: 1788896269922000000, Bids: 20, Asks: 20
[1788896274392] TUI Render Frame -> Synced: true, Seq ID: 1788896269922000000, Bids: 20, Asks: 20
[1788896274442] TUI Render Frame -> Synced: true, Seq ID: 1788896269922000000, Bids: 20, Asks: 20
[1788896274491] TUI Render Frame -> Synced: true, Seq ID: 1788896269922000000, Bids: 20, Asks: 20
[1788896274541] TUI Render Frame -> Synced: true, Seq ID: 1788896269922000000, Bids: 20, Asks: 20
[1788896274591] TUI Render Frame -> Synced: true, Seq ID: 1788896269922000000, Bids: 20, Asks: 20
[1788896274642] TUI Render Frame -> Synced: true, Seq ID: 1788896269922000000, Bids: 20, Asks: 20
[1788896274691] TUI Render Frame -> Synced: true, Seq ID: 1788896269922000000, Bids: 20, Asks: 20
[1788896274742] TUI Render Frame -> Synced: true, Seq ID: 1788896269922000000, Bids: 20, Asks: 20
[1788896274791] TUI Render Frame -> Synced: true, Seq ID: 1788896269922000000, Bids: 20, Asks: 20
[1788896274842] TUI Render Frame -> Synced: true, Seq ID: 1788896269922000000, Bids: 20, Asks: 20
[1788896274892] TUI Render Frame -> Synced: true, Seq ID: 1788896269922000000, Bids: 20, Asks: 20
[1788896274941] TUI Render Frame -> Synced: true, Seq ID: 1788896269922000000, Bids: 20, Asks: 20
[1788896274991] TUI Render Frame -> Synced: true, Seq ID: 1788896269922000000, Bids: 20, Asks: 20
[1788896275041] TUI Render Frame -> Synced: true, Seq ID: 1788896269922000000, Bids: 20, Asks: 20
[1788896275092] TUI Render Frame -> Synced: true, Seq ID: 1788896269922000000, Bids: 20, Asks: 20
[1788896275142] TUI Render Frame -> Synced: true, Seq ID: 1788896269922000000, Bids: 20, Asks: 20
[1788896275191] TUI Render Frame -> Synced: true, Seq ID: 1788896269922000000, Bids: 20, Asks: 20
[1788896275242] TUI Render Frame -> Synced: true, Seq ID: 1788896269922000000, Bids: 20, Asks: 20
[1788896275291] TUI Render Frame -> Synced: true, Seq ID: 1788896269922000000, Bids: 20, Asks: 20
[1788896275342] TUI Render Frame -> Synced: true, Seq ID: 1788896269922000000, Bids: 20, Asks: 20
[1788896275391] TUI Render Frame -> Synced: true, Seq ID: 1788896269922000000, Bids: 20, Asks: 20
[1788896275442] TUI Render Frame -> Synced: true, Seq ID: 1788896269922000000, Bids: 20, Asks: 20
[1788896275492] TUI Render Frame -> Synced: true, Seq ID: 1788896269922000000, Bids: 20, Asks: 20
[1788896275541] TUI Render Frame -> Synced: true, Seq ID: 1788896269922000000, Bids: 20, Asks: 20
[1788896275591] TUI Render Frame -> Synced: true, Seq ID: 1788896269922000000, Bids: 20, Asks: 20
[1788896275641] TUI Render Frame -> Synced: true, Seq ID: 1788896269922000000, Bids: 20, Asks: 20
[1788896275656] Msg #65: Depth received | Bids: 20, Asks: 20, Timestamp ID: 1788896275275000000
[1788896275656] Reconciler book exists: true
[1788896275656] ui_tx.send status: true, receiver count: 1
[1788896275691] TUI Render Frame -> Synced: true, Seq ID: 1788896275275000000, Bids: 20, Asks: 20
[1788896275741] TUI Render Frame -> Synced: true, Seq ID: 1788896275275000000, Bids: 20, Asks: 20
[1788896275792] TUI Render Frame -> Synced: true, Seq ID: 1788896275275000000, Bids: 20, Asks: 20
[1788896275841] TUI Render Frame -> Synced: true, Seq ID: 1788896275275000000, Bids: 20, Asks: 20
[1788896275892] TUI Render Frame -> Synced: true, Seq ID: 1788896275275000000, Bids: 20, Asks: 20
[1788896275941] TUI Render Frame -> Synced: true, Seq ID: 1788896275275000000, Bids: 20, Asks: 20
[1788896275992] TUI Render Frame -> Synced: true, Seq ID: 1788896275275000000, Bids: 20, Asks: 20
[1788896276041] TUI Render Frame -> Synced: true, Seq ID: 1788896275275000000, Bids: 20, Asks: 20
[1788896276110] TUI Render Frame -> Synced: true, Seq ID: 1788896275275000000, Bids: 20, Asks: 20
[1788896276142] TUI Render Frame -> Synced: true, Seq ID: 1788896275275000000, Bids: 20, Asks: 20
[1788896276191] TUI Render Frame -> Synced: true, Seq ID: 1788896275275000000, Bids: 20, Asks: 20
[1788896276241] TUI Render Frame -> Synced: true, Seq ID: 1788896275275000000, Bids: 20, Asks: 20
[1788896276292] TUI Render Frame -> Synced: true, Seq ID: 1788896275275000000, Bids: 20, Asks: 20
[1788896276341] TUI Render Frame -> Synced: true, Seq ID: 1788896275275000000, Bids: 20, Asks: 20
[1788896276391] TUI Render Frame -> Synced: true, Seq ID: 1788896275275000000, Bids: 20, Asks: 20
[1788896276442] TUI Render Frame -> Synced: true, Seq ID: 1788896275275000000, Bids: 20, Asks: 20
[1788896276491] TUI Render Frame -> Synced: true, Seq ID: 1788896275275000000, Bids: 20, Asks: 20
[1788896276541] TUI Render Frame -> Synced: true, Seq ID: 1788896275275000000, Bids: 20, Asks: 20
[1788896276592] TUI Render Frame -> Synced: true, Seq ID: 1788896275275000000, Bids: 20, Asks: 20
[1788896276642] TUI Render Frame -> Synced: true, Seq ID: 1788896275275000000, Bids: 20, Asks: 20
[1788896276691] TUI Render Frame -> Synced: true, Seq ID: 1788896275275000000, Bids: 20, Asks: 20
[1788896276742] TUI Render Frame -> Synced: true, Seq ID: 1788896275275000000, Bids: 20, Asks: 20
[1788896276790] TUI Render Frame -> Synced: true, Seq ID: 1788896275275000000, Bids: 20, Asks: 20
[1788896276841] TUI Render Frame -> Synced: true, Seq ID: 1788896275275000000, Bids: 20, Asks: 20
[1788896276892] TUI Render Frame -> Synced: true, Seq ID: 1788896275275000000, Bids: 20, Asks: 20
[1788896276942] TUI Render Frame -> Synced: true, Seq ID: 1788896275275000000, Bids: 20, Asks: 20
[1788896276992] TUI Render Frame -> Synced: true, Seq ID: 1788896275275000000, Bids: 20, Asks: 20
[1788896277041] TUI Render Frame -> Synced: true, Seq ID: 1788896275275000000, Bids: 20, Asks: 20
[1788896277091] TUI Render Frame -> Synced: true, Seq ID: 1788896275275000000, Bids: 20, Asks: 20
[1788896277141] TUI Render Frame -> Synced: true, Seq ID: 1788896275275000000, Bids: 20, Asks: 20
[1788896277192] TUI Render Frame -> Synced: true, Seq ID: 1788896275275000000, Bids: 20, Asks: 20
[1788896277241] TUI Render Frame -> Synced: true, Seq ID: 1788896275275000000, Bids: 20, Asks: 20
[1788896277292] TUI Render Frame -> Synced: true, Seq ID: 1788896275275000000, Bids: 20, Asks: 20
[1788896277341] TUI Render Frame -> Synced: true, Seq ID: 1788896275275000000, Bids: 20, Asks: 20
[1788896277390] TUI Render Frame -> Synced: true, Seq ID: 1788896275275000000, Bids: 20, Asks: 20
[1788896277441] TUI Render Frame -> Synced: true, Seq ID: 1788896275275000000, Bids: 20, Asks: 20
[1788896277492] TUI Render Frame -> Synced: true, Seq ID: 1788896275275000000, Bids: 20, Asks: 20
[1788896277541] TUI Render Frame -> Synced: true, Seq ID: 1788896275275000000, Bids: 20, Asks: 20
[1788896277591] TUI Render Frame -> Synced: true, Seq ID: 1788896275275000000, Bids: 20, Asks: 20
[1788896277642] TUI Render Frame -> Synced: true, Seq ID: 1788896275275000000, Bids: 20, Asks: 20
[1788896277690] TUI Render Frame -> Synced: true, Seq ID: 1788896275275000000, Bids: 20, Asks: 20
[1788896277741] TUI Render Frame -> Synced: true, Seq ID: 1788896275275000000, Bids: 20, Asks: 20
[1788896277791] TUI Render Frame -> Synced: true, Seq ID: 1788896275275000000, Bids: 20, Asks: 20
[1788896277841] TUI Render Frame -> Synced: true, Seq ID: 1788896275275000000, Bids: 20, Asks: 20
[1788896277891] TUI Render Frame -> Synced: true, Seq ID: 1788896275275000000, Bids: 20, Asks: 20
[1788896277942] TUI Render Frame -> Synced: true, Seq ID: 1788896275275000000, Bids: 20, Asks: 20
[1788896277991] TUI Render Frame -> Synced: true, Seq ID: 1788896275275000000, Bids: 20, Asks: 20
[1788896278041] TUI Render Frame -> Synced: true, Seq ID: 1788896275275000000, Bids: 20, Asks: 20
[1788896278091] TUI Render Frame -> Synced: true, Seq ID: 1788896275275000000, Bids: 20, Asks: 20
[1788896278141] TUI Render Frame -> Synced: true, Seq ID: 1788896275275000000, Bids: 20, Asks: 20
[1788896278192] TUI Render Frame -> Synced: true, Seq ID: 1788896275275000000, Bids: 20, Asks: 20
[1788896278241] TUI Render Frame -> Synced: true, Seq ID: 1788896275275000000, Bids: 20, Asks: 20
[1788896278291] TUI Render Frame -> Synced: true, Seq ID: 1788896275275000000, Bids: 20, Asks: 20
[1788896278341] TUI Render Frame -> Synced: true, Seq ID: 1788896275275000000, Bids: 20, Asks: 20
[1788896278390] TUI Render Frame -> Synced: true, Seq ID: 1788896275275000000, Bids: 20, Asks: 20
[1788896278442] TUI Render Frame -> Synced: true, Seq ID: 1788896275275000000, Bids: 20, Asks: 20
[1788896278492] TUI Render Frame -> Synced: true, Seq ID: 1788896275275000000, Bids: 20, Asks: 20
[1788896278541] TUI Render Frame -> Synced: true, Seq ID: 1788896275275000000, Bids: 20, Asks: 20
[1788896278591] TUI Render Frame -> Synced: true, Seq ID: 1788896275275000000, Bids: 20, Asks: 20
[1788896278642] TUI Render Frame -> Synced: true, Seq ID: 1788896275275000000, Bids: 20, Asks: 20
[1788896278691] TUI Render Frame -> Synced: true, Seq ID: 1788896275275000000, Bids: 20, Asks: 20
[1788896278741] TUI Render Frame -> Synced: true, Seq ID: 1788896275275000000, Bids: 20, Asks: 20
[1788896278791] TUI Render Frame -> Synced: true, Seq ID: 1788896275275000000, Bids: 20, Asks: 20
[1788896278841] TUI Render Frame -> Synced: true, Seq ID: 1788896275275000000, Bids: 20, Asks: 20
[1788896278892] TUI Render Frame -> Synced: true, Seq ID: 1788896275275000000, Bids: 20, Asks: 20
[1788896278942] TUI Render Frame -> Synced: true, Seq ID: 1788896275275000000, Bids: 20, Asks: 20
[1788896278992] TUI Render Frame -> Synced: true, Seq ID: 1788896275275000000, Bids: 20, Asks: 20
[1788896279041] TUI Render Frame -> Synced: true, Seq ID: 1788896275275000000, Bids: 20, Asks: 20
[1788896279091] TUI Render Frame -> Synced: true, Seq ID: 1788896275275000000, Bids: 20, Asks: 20
[1788896279141] TUI Render Frame -> Synced: true, Seq ID: 1788896275275000000, Bids: 20, Asks: 20
[1788896279192] TUI Render Frame -> Synced: true, Seq ID: 1788896275275000000, Bids: 20, Asks: 20
[1788896279242] TUI Render Frame -> Synced: true, Seq ID: 1788896275275000000, Bids: 20, Asks: 20
[1788896279291] TUI Render Frame -> Synced: true, Seq ID: 1788896275275000000, Bids: 20, Asks: 20
[1788896279341] TUI Render Frame -> Synced: true, Seq ID: 1788896275275000000, Bids: 20, Asks: 20
[1788896279392] TUI Render Frame -> Synced: true, Seq ID: 1788896275275000000, Bids: 20, Asks: 20
[1788896279442] TUI Render Frame -> Synced: true, Seq ID: 1788896275275000000, Bids: 20, Asks: 20
[1788896279492] TUI Render Frame -> Synced: true, Seq ID: 1788896275275000000, Bids: 20, Asks: 20
[1788896279561] TUI Render Frame -> Synced: true, Seq ID: 1788896275275000000, Bids: 20, Asks: 20
[1788896279591] TUI Render Frame -> Synced: true, Seq ID: 1788896275275000000, Bids: 20, Asks: 20
[1788896279641] TUI Render Frame -> Synced: true, Seq ID: 1788896275275000000, Bids: 20, Asks: 20
[1788896279691] TUI Render Frame -> Synced: true, Seq ID: 1788896275275000000, Bids: 20, Asks: 20
[1788896279741] TUI Render Frame -> Synced: true, Seq ID: 1788896275275000000, Bids: 20, Asks: 20
[1788896279804] TUI Render Frame -> Synced: true, Seq ID: 1788896275275000000, Bids: 20, Asks: 20
[1788896279841] TUI Render Frame -> Synced: true, Seq ID: 1788896275275000000, Bids: 20, Asks: 20
[1788896279891] TUI Render Frame -> Synced: true, Seq ID: 1788896275275000000, Bids: 20, Asks: 20
[1788896279941] TUI Render Frame -> Synced: true, Seq ID: 1788896275275000000, Bids: 20, Asks: 20
[1788896279990] TUI Render Frame -> Synced: true, Seq ID: 1788896275275000000, Bids: 20, Asks: 20
[1788896280041] TUI Render Frame -> Synced: true, Seq ID: 1788896275275000000, Bids: 20, Asks: 20
[1788896280091] TUI Render Frame -> Synced: true, Seq ID: 1788896275275000000, Bids: 20, Asks: 20
[1788896280141] TUI Render Frame -> Synced: true, Seq ID: 1788896275275000000, Bids: 20, Asks: 20
[1788896280191] TUI Render Frame -> Synced: true, Seq ID: 1788896275275000000, Bids: 20, Asks: 20
[1788896280241] TUI Render Frame -> Synced: true, Seq ID: 1788896275275000000, Bids: 20, Asks: 20
[1788896280292] TUI Render Frame -> Synced: true, Seq ID: 1788896275275000000, Bids: 20, Asks: 20
[1788896280341] TUI Render Frame -> Synced: true, Seq ID: 1788896275275000000, Bids: 20, Asks: 20
[1788896280391] TUI Render Frame -> Synced: true, Seq ID: 1788896275275000000, Bids: 20, Asks: 20
[1788896280440] TUI Render Frame -> Synced: true, Seq ID: 1788896275275000000, Bids: 20, Asks: 20
[1788896280492] TUI Render Frame -> Synced: true, Seq ID: 1788896275275000000, Bids: 20, Asks: 20
[1788896280541] TUI Render Frame -> Synced: true, Seq ID: 1788896275275000000, Bids: 20, Asks: 20
[1788896280592] TUI Render Frame -> Synced: true, Seq ID: 1788896275275000000, Bids: 20, Asks: 20
[1788896280641] TUI Render Frame -> Synced: true, Seq ID: 1788896275275000000, Bids: 20, Asks: 20
[1788896280691] TUI Render Frame -> Synced: true, Seq ID: 1788896275275000000, Bids: 20, Asks: 20
[1788896280741] TUI Render Frame -> Synced: true, Seq ID: 1788896275275000000, Bids: 20, Asks: 20
[1788896280791] TUI Render Frame -> Synced: true, Seq ID: 1788896275275000000, Bids: 20, Asks: 20
[1788896280842] TUI Render Frame -> Synced: true, Seq ID: 1788896275275000000, Bids: 20, Asks: 20
[1788896280891] TUI Render Frame -> Synced: true, Seq ID: 1788896275275000000, Bids: 20, Asks: 20
[1788896280941] TUI Render Frame -> Synced: true, Seq ID: 1788896275275000000, Bids: 20, Asks: 20
[1788896280991] TUI Render Frame -> Synced: true, Seq ID: 1788896275275000000, Bids: 20, Asks: 20
[1788896281041] TUI Render Frame -> Synced: true, Seq ID: 1788896275275000000, Bids: 20, Asks: 20
[1788896281091] TUI Render Frame -> Synced: true, Seq ID: 1788896275275000000, Bids: 20, Asks: 20
[1788896281142] TUI Render Frame -> Synced: true, Seq ID: 1788896275275000000, Bids: 20, Asks: 20
[1788896281192] TUI Render Frame -> Synced: true, Seq ID: 1788896275275000000, Bids: 20, Asks: 20
[1788896281202] Msg #66: Depth received | Bids: 20, Asks: 20, Timestamp ID: 1788896280743000000
[1788896281202] Reconciler book exists: true
[1788896281203] ui_tx.send status: true, receiver count: 1
[1788896281241] TUI Render Frame -> Synced: true, Seq ID: 1788896280743000000, Bids: 20, Asks: 20
[1788896281291] TUI Render Frame -> Synced: true, Seq ID: 1788896280743000000, Bids: 20, Asks: 20
[1788896281341] TUI Render Frame -> Synced: true, Seq ID: 1788896280743000000, Bids: 20, Asks: 20
[1788896281391] TUI Render Frame -> Synced: true, Seq ID: 1788896280743000000, Bids: 20, Asks: 20
[1788896281442] TUI Render Frame -> Synced: true, Seq ID: 1788896280743000000, Bids: 20, Asks: 20
[1788896281491] TUI Render Frame -> Synced: true, Seq ID: 1788896280743000000, Bids: 20, Asks: 20
[1788896281542] TUI Render Frame -> Synced: true, Seq ID: 1788896280743000000, Bids: 20, Asks: 20
[1788896281591] TUI Render Frame -> Synced: true, Seq ID: 1788896280743000000, Bids: 20, Asks: 20
[1788896281642] TUI Render Frame -> Synced: true, Seq ID: 1788896280743000000, Bids: 20, Asks: 20
[1788896281691] TUI Render Frame -> Synced: true, Seq ID: 1788896280743000000, Bids: 20, Asks: 20
[1788896281741] TUI Render Frame -> Synced: true, Seq ID: 1788896280743000000, Bids: 20, Asks: 20
[1788896281791] TUI Render Frame -> Synced: true, Seq ID: 1788896280743000000, Bids: 20, Asks: 20
[1788896281842] TUI Render Frame -> Synced: true, Seq ID: 1788896280743000000, Bids: 20, Asks: 20
[1788896281892] TUI Render Frame -> Synced: true, Seq ID: 1788896280743000000, Bids: 20, Asks: 20
[1788896281942] TUI Render Frame -> Synced: true, Seq ID: 1788896280743000000, Bids: 20, Asks: 20
[1788896281992] TUI Render Frame -> Synced: true, Seq ID: 1788896280743000000, Bids: 20, Asks: 20
[1788896282041] TUI Render Frame -> Synced: true, Seq ID: 1788896280743000000, Bids: 20, Asks: 20
[1788896282091] TUI Render Frame -> Synced: true, Seq ID: 1788896280743000000, Bids: 20, Asks: 20
[1788896282142] TUI Render Frame -> Synced: true, Seq ID: 1788896280743000000, Bids: 20, Asks: 20
[1788896282191] TUI Render Frame -> Synced: true, Seq ID: 1788896280743000000, Bids: 20, Asks: 20
[1788896282241] TUI Render Frame -> Synced: true, Seq ID: 1788896280743000000, Bids: 20, Asks: 20
[1788896282291] TUI Render Frame -> Synced: true, Seq ID: 1788896280743000000, Bids: 20, Asks: 20
[1788896282341] TUI Render Frame -> Synced: true, Seq ID: 1788896280743000000, Bids: 20, Asks: 20
[1788896282392] TUI Render Frame -> Synced: true, Seq ID: 1788896280743000000, Bids: 20, Asks: 20
[1788896282441] TUI Render Frame -> Synced: true, Seq ID: 1788896280743000000, Bids: 20, Asks: 20
[1788896282491] TUI Render Frame -> Synced: true, Seq ID: 1788896280743000000, Bids: 20, Asks: 20
[1788896282542] TUI Render Frame -> Synced: true, Seq ID: 1788896280743000000, Bids: 20, Asks: 20
[1788896282591] TUI Render Frame -> Synced: true, Seq ID: 1788896280743000000, Bids: 20, Asks: 20
[1788896282641] TUI Render Frame -> Synced: true, Seq ID: 1788896280743000000, Bids: 20, Asks: 20
[1788896282692] TUI Render Frame -> Synced: true, Seq ID: 1788896280743000000, Bids: 20, Asks: 20
[1788896282742] TUI Render Frame -> Synced: true, Seq ID: 1788896280743000000, Bids: 20, Asks: 20
[1788896282791] TUI Render Frame -> Synced: true, Seq ID: 1788896280743000000, Bids: 20, Asks: 20
[1788896282842] TUI Render Frame -> Synced: true, Seq ID: 1788896280743000000, Bids: 20, Asks: 20
[1788896282891] TUI Render Frame -> Synced: true, Seq ID: 1788896280743000000, Bids: 20, Asks: 20
[1788896282942] TUI Render Frame -> Synced: true, Seq ID: 1788896280743000000, Bids: 20, Asks: 20
[1788896282992] TUI Render Frame -> Synced: true, Seq ID: 1788896280743000000, Bids: 20, Asks: 20
[1788896283041] TUI Render Frame -> Synced: true, Seq ID: 1788896280743000000, Bids: 20, Asks: 20
[1788896283091] TUI Render Frame -> Synced: true, Seq ID: 1788896280743000000, Bids: 20, Asks: 20
[1788896283142] TUI Render Frame -> Synced: true, Seq ID: 1788896280743000000, Bids: 20, Asks: 20
[1788896283190] TUI Render Frame -> Synced: true, Seq ID: 1788896280743000000, Bids: 20, Asks: 20
[1788896283242] TUI Render Frame -> Synced: true, Seq ID: 1788896280743000000, Bids: 20, Asks: 20
[1788896283291] TUI Render Frame -> Synced: true, Seq ID: 1788896280743000000, Bids: 20, Asks: 20
[1788896283342] TUI Render Frame -> Synced: true, Seq ID: 1788896280743000000, Bids: 20, Asks: 20
[1788896283391] TUI Render Frame -> Synced: true, Seq ID: 1788896280743000000, Bids: 20, Asks: 20
[1788896283442] TUI Render Frame -> Synced: true, Seq ID: 1788896280743000000, Bids: 20, Asks: 20
[1788896283491] TUI Render Frame -> Synced: true, Seq ID: 1788896280743000000, Bids: 20, Asks: 20
[1788896283545] TUI Render Frame -> Synced: true, Seq ID: 1788896280743000000, Bids: 20, Asks: 20
[1788896283592] TUI Render Frame -> Synced: true, Seq ID: 1788896280743000000, Bids: 20, Asks: 20
[1788896283641] TUI Render Frame -> Synced: true, Seq ID: 1788896280743000000, Bids: 20, Asks: 20
[1788896283691] TUI Render Frame -> Synced: true, Seq ID: 1788896280743000000, Bids: 20, Asks: 20
[1788896283742] TUI Render Frame -> Synced: true, Seq ID: 1788896280743000000, Bids: 20, Asks: 20
[1788896283792] TUI Render Frame -> Synced: true, Seq ID: 1788896280743000000, Bids: 20, Asks: 20
[1788896283841] TUI Render Frame -> Synced: true, Seq ID: 1788896280743000000, Bids: 20, Asks: 20
[1788896283892] TUI Render Frame -> Synced: true, Seq ID: 1788896280743000000, Bids: 20, Asks: 20
[1788896283941] TUI Render Frame -> Synced: true, Seq ID: 1788896280743000000, Bids: 20, Asks: 20
[1788896283991] TUI Render Frame -> Synced: true, Seq ID: 1788896280743000000, Bids: 20, Asks: 20
[1788896284041] TUI Render Frame -> Synced: true, Seq ID: 1788896280743000000, Bids: 20, Asks: 20
[1788896284091] TUI Render Frame -> Synced: true, Seq ID: 1788896280743000000, Bids: 20, Asks: 20
[1788896284141] TUI Render Frame -> Synced: true, Seq ID: 1788896280743000000, Bids: 20, Asks: 20
[1788896284191] TUI Render Frame -> Synced: true, Seq ID: 1788896280743000000, Bids: 20, Asks: 20
[1788896284242] TUI Render Frame -> Synced: true, Seq ID: 1788896280743000000, Bids: 20, Asks: 20
[1788896284291] TUI Render Frame -> Synced: true, Seq ID: 1788896280743000000, Bids: 20, Asks: 20
[1788896284341] TUI Render Frame -> Synced: true, Seq ID: 1788896280743000000, Bids: 20, Asks: 20
[1788896284391] TUI Render Frame -> Synced: true, Seq ID: 1788896280743000000, Bids: 20, Asks: 20
[1788896284442] TUI Render Frame -> Synced: true, Seq ID: 1788896280743000000, Bids: 20, Asks: 20
[1788896284492] TUI Render Frame -> Synced: true, Seq ID: 1788896280743000000, Bids: 20, Asks: 20
[1788896284542] TUI Render Frame -> Synced: true, Seq ID: 1788896280743000000, Bids: 20, Asks: 20
[1788896284591] TUI Render Frame -> Synced: true, Seq ID: 1788896280743000000, Bids: 20, Asks: 20
[1788896284642] TUI Render Frame -> Synced: true, Seq ID: 1788896280743000000, Bids: 20, Asks: 20
[1788896284691] TUI Render Frame -> Synced: true, Seq ID: 1788896280743000000, Bids: 20, Asks: 20
[1788896284741] TUI Render Frame -> Synced: true, Seq ID: 1788896280743000000, Bids: 20, Asks: 20
[1788896284791] TUI Render Frame -> Synced: true, Seq ID: 1788896280743000000, Bids: 20, Asks: 20
[1788896284842] TUI Render Frame -> Synced: true, Seq ID: 1788896280743000000, Bids: 20, Asks: 20
[1788896284891] TUI Render Frame -> Synced: true, Seq ID: 1788896280743000000, Bids: 20, Asks: 20
[1788896284942] TUI Render Frame -> Synced: true, Seq ID: 1788896280743000000, Bids: 20, Asks: 20
[1788896284991] TUI Render Frame -> Synced: true, Seq ID: 1788896280743000000, Bids: 20, Asks: 20
[1788896285042] TUI Render Frame -> Synced: true, Seq ID: 1788896280743000000, Bids: 20, Asks: 20
[1788896285091] TUI Render Frame -> Synced: true, Seq ID: 1788896280743000000, Bids: 20, Asks: 20
[1788896285141] TUI Render Frame -> Synced: true, Seq ID: 1788896280743000000, Bids: 20, Asks: 20
[1788896285191] TUI Render Frame -> Synced: true, Seq ID: 1788896280743000000, Bids: 20, Asks: 20
[1788896285240] TUI Render Frame -> Synced: true, Seq ID: 1788896280743000000, Bids: 20, Asks: 20
[1788896285292] TUI Render Frame -> Synced: true, Seq ID: 1788896280743000000, Bids: 20, Asks: 20
[1788896285342] TUI Render Frame -> Synced: true, Seq ID: 1788896280743000000, Bids: 20, Asks: 20
[1788896285391] TUI Render Frame -> Synced: true, Seq ID: 1788896280743000000, Bids: 20, Asks: 20
[1788896285477] TUI Render Frame -> Synced: true, Seq ID: 1788896280743000000, Bids: 20, Asks: 20
[1788896285496] TUI Render Frame -> Synced: true, Seq ID: 1788896280743000000, Bids: 20, Asks: 20
[1788896285541] TUI Render Frame -> Synced: true, Seq ID: 1788896280743000000, Bids: 20, Asks: 20
[1788896285592] TUI Render Frame -> Synced: true, Seq ID: 1788896280743000000, Bids: 20, Asks: 20
[1788896285642] TUI Render Frame -> Synced: true, Seq ID: 1788896280743000000, Bids: 20, Asks: 20
[1788896285691] TUI Render Frame -> Synced: true, Seq ID: 1788896280743000000, Bids: 20, Asks: 20
[1788896285741] TUI Render Frame -> Synced: true, Seq ID: 1788896280743000000, Bids: 20, Asks: 20
[1788896285791] TUI Render Frame -> Synced: true, Seq ID: 1788896280743000000, Bids: 20, Asks: 20
[1788896285842] TUI Render Frame -> Synced: true, Seq ID: 1788896280743000000, Bids: 20, Asks: 20
[1788896285892] TUI Render Frame -> Synced: true, Seq ID: 1788896280743000000, Bids: 20, Asks: 20
[1788896285941] TUI Render Frame -> Synced: true, Seq ID: 1788896280743000000, Bids: 20, Asks: 20
[1788896285992] TUI Render Frame -> Synced: true, Seq ID: 1788896280743000000, Bids: 20, Asks: 20
[1788896286041] TUI Render Frame -> Synced: true, Seq ID: 1788896280743000000, Bids: 20, Asks: 20
[1788896286091] TUI Render Frame -> Synced: true, Seq ID: 1788896280743000000, Bids: 20, Asks: 20
[1788896286142] TUI Render Frame -> Synced: true, Seq ID: 1788896280743000000, Bids: 20, Asks: 20
[1788896286191] TUI Render Frame -> Synced: true, Seq ID: 1788896280743000000, Bids: 20, Asks: 20
[1788896286242] TUI Render Frame -> Synced: true, Seq ID: 1788896280743000000, Bids: 20, Asks: 20
[1788896286291] TUI Render Frame -> Synced: true, Seq ID: 1788896280743000000, Bids: 20, Asks: 20
[1788896286341] TUI Render Frame -> Synced: true, Seq ID: 1788896280743000000, Bids: 20, Asks: 20
[1788896286390] TUI Render Frame -> Synced: true, Seq ID: 1788896280743000000, Bids: 20, Asks: 20
[1788896286441] TUI Render Frame -> Synced: true, Seq ID: 1788896280743000000, Bids: 20, Asks: 20
[1788896286492] TUI Render Frame -> Synced: true, Seq ID: 1788896280743000000, Bids: 20, Asks: 20
[1788896286541] TUI Render Frame -> Synced: true, Seq ID: 1788896280743000000, Bids: 20, Asks: 20
[1788896286567] Msg #67: Depth received | Bids: 20, Asks: 20, Timestamp ID: 1788896286186000000
[1788896286568] Reconciler book exists: true
[1788896286568] ui_tx.send status: true, receiver count: 1
[1788896286591] TUI Render Frame -> Synced: true, Seq ID: 1788896286186000000, Bids: 20, Asks: 20
[1788896286641] TUI Render Frame -> Synced: true, Seq ID: 1788896286186000000, Bids: 20, Asks: 20
[1788896286692] TUI Render Frame -> Synced: true, Seq ID: 1788896286186000000, Bids: 20, Asks: 20
[1788896286742] TUI Render Frame -> Synced: true, Seq ID: 1788896286186000000, Bids: 20, Asks: 20
[1788896286791] TUI Render Frame -> Synced: true, Seq ID: 1788896286186000000, Bids: 20, Asks: 20
[1788896286841] TUI Render Frame -> Synced: true, Seq ID: 1788896286186000000, Bids: 20, Asks: 20
[1788896286892] TUI Render Frame -> Synced: true, Seq ID: 1788896286186000000, Bids: 20, Asks: 20
[1788896286942] TUI Render Frame -> Synced: true, Seq ID: 1788896286186000000, Bids: 20, Asks: 20
[1788896286992] TUI Render Frame -> Synced: true, Seq ID: 1788896286186000000, Bids: 20, Asks: 20
[1788896287042] TUI Render Frame -> Synced: true, Seq ID: 1788896286186000000, Bids: 20, Asks: 20
[1788896287092] TUI Render Frame -> Synced: true, Seq ID: 1788896286186000000, Bids: 20, Asks: 20
[1788896287142] TUI Render Frame -> Synced: true, Seq ID: 1788896286186000000, Bids: 20, Asks: 20
[1788896287191] TUI Render Frame -> Synced: true, Seq ID: 1788896286186000000, Bids: 20, Asks: 20
[1788896287242] TUI Render Frame -> Synced: true, Seq ID: 1788896286186000000, Bids: 20, Asks: 20
[1788896287291] TUI Render Frame -> Synced: true, Seq ID: 1788896286186000000, Bids: 20, Asks: 20
[1788896287341] TUI Render Frame -> Synced: true, Seq ID: 1788896286186000000, Bids: 20, Asks: 20
[1788896287392] TUI Render Frame -> Synced: true, Seq ID: 1788896286186000000, Bids: 20, Asks: 20
[1788896287441] TUI Render Frame -> Synced: true, Seq ID: 1788896286186000000, Bids: 20, Asks: 20
[1788896287492] TUI Render Frame -> Synced: true, Seq ID: 1788896286186000000, Bids: 20, Asks: 20
[1788896287541] TUI Render Frame -> Synced: true, Seq ID: 1788896286186000000, Bids: 20, Asks: 20
[1788896287591] TUI Render Frame -> Synced: true, Seq ID: 1788896286186000000, Bids: 20, Asks: 20
[1788896287641] TUI Render Frame -> Synced: true, Seq ID: 1788896286186000000, Bids: 20, Asks: 20
[1788896287692] TUI Render Frame -> Synced: true, Seq ID: 1788896286186000000, Bids: 20, Asks: 20
[1788896287742] TUI Render Frame -> Synced: true, Seq ID: 1788896286186000000, Bids: 20, Asks: 20
[1788896287792] TUI Render Frame -> Synced: true, Seq ID: 1788896286186000000, Bids: 20, Asks: 20
[1788896287842] TUI Render Frame -> Synced: true, Seq ID: 1788896286186000000, Bids: 20, Asks: 20
[1788896287892] TUI Render Frame -> Synced: true, Seq ID: 1788896286186000000, Bids: 20, Asks: 20
[1788896287941] TUI Render Frame -> Synced: true, Seq ID: 1788896286186000000, Bids: 20, Asks: 20
[1788896287990] TUI Render Frame -> Synced: true, Seq ID: 1788896286186000000, Bids: 20, Asks: 20
[1788896288042] TUI Render Frame -> Synced: true, Seq ID: 1788896286186000000, Bids: 20, Asks: 20
[1788896288090] TUI Render Frame -> Synced: true, Seq ID: 1788896286186000000, Bids: 20, Asks: 20
[1788896288142] TUI Render Frame -> Synced: true, Seq ID: 1788896286186000000, Bids: 20, Asks: 20
[1788896288192] TUI Render Frame -> Synced: true, Seq ID: 1788896286186000000, Bids: 20, Asks: 20
[1788896288241] TUI Render Frame -> Synced: true, Seq ID: 1788896286186000000, Bids: 20, Asks: 20
[1788896288291] TUI Render Frame -> Synced: true, Seq ID: 1788896286186000000, Bids: 20, Asks: 20
[1788896288341] TUI Render Frame -> Synced: true, Seq ID: 1788896286186000000, Bids: 20, Asks: 20
[1788896288392] TUI Render Frame -> Synced: true, Seq ID: 1788896286186000000, Bids: 20, Asks: 20
[1788896288441] TUI Render Frame -> Synced: true, Seq ID: 1788896286186000000, Bids: 20, Asks: 20
[1788896288492] TUI Render Frame -> Synced: true, Seq ID: 1788896286186000000, Bids: 20, Asks: 20
[1788896288541] TUI Render Frame -> Synced: true, Seq ID: 1788896286186000000, Bids: 20, Asks: 20
[1788896288592] TUI Render Frame -> Synced: true, Seq ID: 1788896286186000000, Bids: 20, Asks: 20
[1788896288641] TUI Render Frame -> Synced: true, Seq ID: 1788896286186000000, Bids: 20, Asks: 20
[1788896288691] TUI Render Frame -> Synced: true, Seq ID: 1788896286186000000, Bids: 20, Asks: 20
[1788896288742] TUI Render Frame -> Synced: true, Seq ID: 1788896286186000000, Bids: 20, Asks: 20
[1788896288792] TUI Render Frame -> Synced: true, Seq ID: 1788896286186000000, Bids: 20, Asks: 20
[1788896288841] TUI Render Frame -> Synced: true, Seq ID: 1788896286186000000, Bids: 20, Asks: 20
[1788896288892] TUI Render Frame -> Synced: true, Seq ID: 1788896286186000000, Bids: 20, Asks: 20
[1788896288942] TUI Render Frame -> Synced: true, Seq ID: 1788896286186000000, Bids: 20, Asks: 20
[1788896288992] TUI Render Frame -> Synced: true, Seq ID: 1788896286186000000, Bids: 20, Asks: 20
[1788896289041] TUI Render Frame -> Synced: true, Seq ID: 1788896286186000000, Bids: 20, Asks: 20
[1788896289091] TUI Render Frame -> Synced: true, Seq ID: 1788896286186000000, Bids: 20, Asks: 20
[1788896289142] TUI Render Frame -> Synced: true, Seq ID: 1788896286186000000, Bids: 20, Asks: 20
[1788896289192] TUI Render Frame -> Synced: true, Seq ID: 1788896286186000000, Bids: 20, Asks: 20
[1788896289245] TUI Render Frame -> Synced: true, Seq ID: 1788896286186000000, Bids: 20, Asks: 20
[1788896289292] TUI Render Frame -> Synced: true, Seq ID: 1788896286186000000, Bids: 20, Asks: 20
[1788896289341] TUI Render Frame -> Synced: true, Seq ID: 1788896286186000000, Bids: 20, Asks: 20
[1788896289391] TUI Render Frame -> Synced: true, Seq ID: 1788896286186000000, Bids: 20, Asks: 20
[1788896289441] TUI Render Frame -> Synced: true, Seq ID: 1788896286186000000, Bids: 20, Asks: 20
[1788896289491] TUI Render Frame -> Synced: true, Seq ID: 1788896286186000000, Bids: 20, Asks: 20
[1788896289542] TUI Render Frame -> Synced: true, Seq ID: 1788896286186000000, Bids: 20, Asks: 20
[1788896289591] TUI Render Frame -> Synced: true, Seq ID: 1788896286186000000, Bids: 20, Asks: 20
[1788896289642] TUI Render Frame -> Synced: true, Seq ID: 1788896286186000000, Bids: 20, Asks: 20
[1788896289691] TUI Render Frame -> Synced: true, Seq ID: 1788896286186000000, Bids: 20, Asks: 20
[1788896289748] TUI Render Frame -> Synced: true, Seq ID: 1788896286186000000, Bids: 20, Asks: 20
[1788896289792] TUI Render Frame -> Synced: true, Seq ID: 1788896286186000000, Bids: 20, Asks: 20
[1788896289842] TUI Render Frame -> Synced: true, Seq ID: 1788896286186000000, Bids: 20, Asks: 20
[1788896289892] TUI Render Frame -> Synced: true, Seq ID: 1788896286186000000, Bids: 20, Asks: 20
[1788896289942] TUI Render Frame -> Synced: true, Seq ID: 1788896286186000000, Bids: 20, Asks: 20
[1788896289991] TUI Render Frame -> Synced: true, Seq ID: 1788896286186000000, Bids: 20, Asks: 20
[1788896290040] TUI Render Frame -> Synced: true, Seq ID: 1788896286186000000, Bids: 20, Asks: 20
[1788896290092] TUI Render Frame -> Synced: true, Seq ID: 1788896286186000000, Bids: 20, Asks: 20
[1788896290141] TUI Render Frame -> Synced: true, Seq ID: 1788896286186000000, Bids: 20, Asks: 20
[1788896290192] TUI Render Frame -> Synced: true, Seq ID: 1788896286186000000, Bids: 20, Asks: 20
[1788896290242] TUI Render Frame -> Synced: true, Seq ID: 1788896286186000000, Bids: 20, Asks: 20
[1788896290291] TUI Render Frame -> Synced: true, Seq ID: 1788896286186000000, Bids: 20, Asks: 20
[1788896290342] TUI Render Frame -> Synced: true, Seq ID: 1788896286186000000, Bids: 20, Asks: 20
[1788896290391] TUI Render Frame -> Synced: true, Seq ID: 1788896286186000000, Bids: 20, Asks: 20
[1788896290441] TUI Render Frame -> Synced: true, Seq ID: 1788896286186000000, Bids: 20, Asks: 20
[1788896290491] TUI Render Frame -> Synced: true, Seq ID: 1788896286186000000, Bids: 20, Asks: 20
[1788896290541] TUI Render Frame -> Synced: true, Seq ID: 1788896286186000000, Bids: 20, Asks: 20
[1788896290591] TUI Render Frame -> Synced: true, Seq ID: 1788896286186000000, Bids: 20, Asks: 20
[1788896290641] TUI Render Frame -> Synced: true, Seq ID: 1788896286186000000, Bids: 20, Asks: 20
[1788896290691] TUI Render Frame -> Synced: true, Seq ID: 1788896286186000000, Bids: 20, Asks: 20
[1788896290741] TUI Render Frame -> Synced: true, Seq ID: 1788896286186000000, Bids: 20, Asks: 20
[1788896290792] TUI Render Frame -> Synced: true, Seq ID: 1788896286186000000, Bids: 20, Asks: 20
[1788896290842] TUI Render Frame -> Synced: true, Seq ID: 1788896286186000000, Bids: 20, Asks: 20
[1788896290892] TUI Render Frame -> Synced: true, Seq ID: 1788896286186000000, Bids: 20, Asks: 20
[1788896290942] TUI Render Frame -> Synced: true, Seq ID: 1788896286186000000, Bids: 20, Asks: 20
[1788896290991] TUI Render Frame -> Synced: true, Seq ID: 1788896286186000000, Bids: 20, Asks: 20
[1788896291041] TUI Render Frame -> Synced: true, Seq ID: 1788896286186000000, Bids: 20, Asks: 20
[1788896291091] TUI Render Frame -> Synced: true, Seq ID: 1788896286186000000, Bids: 20, Asks: 20
[1788896291142] TUI Render Frame -> Synced: true, Seq ID: 1788896286186000000, Bids: 20, Asks: 20
[1788896291190] TUI Render Frame -> Synced: true, Seq ID: 1788896286186000000, Bids: 20, Asks: 20
[1788896291242] TUI Render Frame -> Synced: true, Seq ID: 1788896286186000000, Bids: 20, Asks: 20
[1788896291291] TUI Render Frame -> Synced: true, Seq ID: 1788896286186000000, Bids: 20, Asks: 20
[1788896291341] TUI Render Frame -> Synced: true, Seq ID: 1788896286186000000, Bids: 20, Asks: 20
[1788896291391] TUI Render Frame -> Synced: true, Seq ID: 1788896286186000000, Bids: 20, Asks: 20
[1788896291441] TUI Render Frame -> Synced: true, Seq ID: 1788896286186000000, Bids: 20, Asks: 20
[1788896291491] TUI Render Frame -> Synced: true, Seq ID: 1788896286186000000, Bids: 20, Asks: 20
[1788896291542] TUI Render Frame -> Synced: true, Seq ID: 1788896286186000000, Bids: 20, Asks: 20
[1788896291592] TUI Render Frame -> Synced: true, Seq ID: 1788896286186000000, Bids: 20, Asks: 20
[1788896291641] TUI Render Frame -> Synced: true, Seq ID: 1788896286186000000, Bids: 20, Asks: 20
[1788896291692] TUI Render Frame -> Synced: true, Seq ID: 1788896286186000000, Bids: 20, Asks: 20
[1788896291742] TUI Render Frame -> Synced: true, Seq ID: 1788896286186000000, Bids: 20, Asks: 20
[1788896291791] TUI Render Frame -> Synced: true, Seq ID: 1788896286186000000, Bids: 20, Asks: 20
[1788896291841] TUI Render Frame -> Synced: true, Seq ID: 1788896286186000000, Bids: 20, Asks: 20
[1788896291892] TUI Render Frame -> Synced: true, Seq ID: 1788896286186000000, Bids: 20, Asks: 20
[1788896291907] Msg #68: Depth received | Bids: 20, Asks: 20, Timestamp ID: 1788896291549000000
[1788896291907] Reconciler book exists: true
[1788896291907] ui_tx.send status: true, receiver count: 1
[1788896291942] TUI Render Frame -> Synced: true, Seq ID: 1788896291549000000, Bids: 20, Asks: 20
[1788896291991] TUI Render Frame -> Synced: true, Seq ID: 1788896291549000000, Bids: 20, Asks: 20
[1788896292041] TUI Render Frame -> Synced: true, Seq ID: 1788896291549000000, Bids: 20, Asks: 20
[1788896292091] TUI Render Frame -> Synced: true, Seq ID: 1788896291549000000, Bids: 20, Asks: 20
[1788896292141] TUI Render Frame -> Synced: true, Seq ID: 1788896291549000000, Bids: 20, Asks: 20
[1788896292191] TUI Render Frame -> Synced: true, Seq ID: 1788896291549000000, Bids: 20, Asks: 20
[1788896292242] TUI Render Frame -> Synced: true, Seq ID: 1788896291549000000, Bids: 20, Asks: 20
[1788896292291] TUI Render Frame -> Synced: true, Seq ID: 1788896291549000000, Bids: 20, Asks: 20
[1788896292341] TUI Render Frame -> Synced: true, Seq ID: 1788896291549000000, Bids: 20, Asks: 20
[1788896292392] TUI Render Frame -> Synced: true, Seq ID: 1788896291549000000, Bids: 20, Asks: 20
[1788896292441] TUI Render Frame -> Synced: true, Seq ID: 1788896291549000000, Bids: 20, Asks: 20
[1788896292491] TUI Render Frame -> Synced: true, Seq ID: 1788896291549000000, Bids: 20, Asks: 20
[1788896292573] TUI Render Frame -> Synced: true, Seq ID: 1788896291549000000, Bids: 20, Asks: 20
[1788896292613] TUI Render Frame -> Synced: true, Seq ID: 1788896291549000000, Bids: 20, Asks: 20
[1788896292642] TUI Render Frame -> Synced: true, Seq ID: 1788896291549000000, Bids: 20, Asks: 20
[1788896292692] TUI Render Frame -> Synced: true, Seq ID: 1788896291549000000, Bids: 20, Asks: 20
[1788896292742] TUI Render Frame -> Synced: true, Seq ID: 1788896291549000000, Bids: 20, Asks: 20
[1788896292790] TUI Render Frame -> Synced: true, Seq ID: 1788896291549000000, Bids: 20, Asks: 20
[1788896292841] TUI Render Frame -> Synced: true, Seq ID: 1788896291549000000, Bids: 20, Asks: 20
[1788896292892] TUI Render Frame -> Synced: true, Seq ID: 1788896291549000000, Bids: 20, Asks: 20
[1788896292942] TUI Render Frame -> Synced: true, Seq ID: 1788896291549000000, Bids: 20, Asks: 20
[1788896292991] TUI Render Frame -> Synced: true, Seq ID: 1788896291549000000, Bids: 20, Asks: 20
[1788896293042] TUI Render Frame -> Synced: true, Seq ID: 1788896291549000000, Bids: 20, Asks: 20
[1788896293162] TUI Render Frame -> Synced: true, Seq ID: 1788896291549000000, Bids: 20, Asks: 20
[1788896293240] TUI Render Frame -> Synced: true, Seq ID: 1788896291549000000, Bids: 20, Asks: 20
[1788896293267] TUI Render Frame -> Synced: true, Seq ID: 1788896291549000000, Bids: 20, Asks: 20
[1788896293271] TUI Render Frame -> Synced: true, Seq ID: 1788896291549000000, Bids: 20, Asks: 20
[1788896293291] TUI Render Frame -> Synced: true, Seq ID: 1788896291549000000, Bids: 20, Asks: 20
[1788896293341] TUI Render Frame -> Synced: true, Seq ID: 1788896291549000000, Bids: 20, Asks: 20
[1788896293392] TUI Render Frame -> Synced: true, Seq ID: 1788896291549000000, Bids: 20, Asks: 20
[1788896293515] TUI Render Frame -> Synced: true, Seq ID: 1788896291549000000, Bids: 20, Asks: 20
[1788896293592] TUI Render Frame -> Synced: true, Seq ID: 1788896291549000000, Bids: 20, Asks: 20
[1788896293652] TUI Render Frame -> Synced: true, Seq ID: 1788896291549000000, Bids: 20, Asks: 20
[1788896293654] TUI Render Frame -> Synced: true, Seq ID: 1788896291549000000, Bids: 20, Asks: 20
[1788896293656] TUI Render Frame -> Synced: true, Seq ID: 1788896291549000000, Bids: 20, Asks: 20
[1788896293691] TUI Render Frame -> Synced: true, Seq ID: 1788896291549000000, Bids: 20, Asks: 20
[1788896293742] TUI Render Frame -> Synced: true, Seq ID: 1788896291549000000, Bids: 20, Asks: 20
[1788896293792] TUI Render Frame -> Synced: true, Seq ID: 1788896291549000000, Bids: 20, Asks: 20
[1788896293842] TUI Render Frame -> Synced: true, Seq ID: 1788896291549000000, Bids: 20, Asks: 20
[1788896293892] TUI Render Frame -> Synced: true, Seq ID: 1788896291549000000, Bids: 20, Asks: 20
[1788896293941] TUI Render Frame -> Synced: true, Seq ID: 1788896291549000000, Bids: 20, Asks: 20
[1788896293992] TUI Render Frame -> Synced: true, Seq ID: 1788896291549000000, Bids: 20, Asks: 20
[1788896294042] TUI Render Frame -> Synced: true, Seq ID: 1788896291549000000, Bids: 20, Asks: 20
[1788896294091] TUI Render Frame -> Synced: true, Seq ID: 1788896291549000000, Bids: 20, Asks: 20
[1788896294159] TUI Render Frame -> Synced: true, Seq ID: 1788896291549000000, Bids: 20, Asks: 20
[1788896294192] TUI Render Frame -> Synced: true, Seq ID: 1788896291549000000, Bids: 20, Asks: 20
[1788896294241] TUI Render Frame -> Synced: true, Seq ID: 1788896291549000000, Bids: 20, Asks: 20
[1788896294305] TUI Render Frame -> Synced: true, Seq ID: 1788896291549000000, Bids: 20, Asks: 20
[1788896294344] TUI Render Frame -> Synced: true, Seq ID: 1788896291549000000, Bids: 20, Asks: 20
[1788896294391] TUI Render Frame -> Synced: true, Seq ID: 1788896291549000000, Bids: 20, Asks: 20
[1788896294442] TUI Render Frame -> Synced: true, Seq ID: 1788896291549000000, Bids: 20, Asks: 20
[1788896294491] TUI Render Frame -> Synced: true, Seq ID: 1788896291549000000, Bids: 20, Asks: 20
[1788896294541] TUI Render Frame -> Synced: true, Seq ID: 1788896291549000000, Bids: 20, Asks: 20
[1788896294591] TUI Render Frame -> Synced: true, Seq ID: 1788896291549000000, Bids: 20, Asks: 20
[1788896294642] TUI Render Frame -> Synced: true, Seq ID: 1788896291549000000, Bids: 20, Asks: 20
[1788896294692] TUI Render Frame -> Synced: true, Seq ID: 1788896291549000000, Bids: 20, Asks: 20
[1788896294745] TUI Render Frame -> Synced: true, Seq ID: 1788896291549000000, Bids: 20, Asks: 20
[1788896294791] TUI Render Frame -> Synced: true, Seq ID: 1788896291549000000, Bids: 20, Asks: 20
[1788896294841] TUI Render Frame -> Synced: true, Seq ID: 1788896291549000000, Bids: 20, Asks: 20
[1788896294892] TUI Render Frame -> Synced: true, Seq ID: 1788896291549000000, Bids: 20, Asks: 20
[1788896294942] TUI Render Frame -> Synced: true, Seq ID: 1788896291549000000, Bids: 20, Asks: 20
[1788896294991] TUI Render Frame -> Synced: true, Seq ID: 1788896291549000000, Bids: 20, Asks: 20
[1788896295041] TUI Render Frame -> Synced: true, Seq ID: 1788896291549000000, Bids: 20, Asks: 20
[1788896295091] TUI Render Frame -> Synced: true, Seq ID: 1788896291549000000, Bids: 20, Asks: 20
[1788896295142] TUI Render Frame -> Synced: true, Seq ID: 1788896291549000000, Bids: 20, Asks: 20
[1788896295192] TUI Render Frame -> Synced: true, Seq ID: 1788896291549000000, Bids: 20, Asks: 20
[1788896295242] TUI Render Frame -> Synced: true, Seq ID: 1788896291549000000, Bids: 20, Asks: 20
[1788896295291] TUI Render Frame -> Synced: true, Seq ID: 1788896291549000000, Bids: 20, Asks: 20
[1788896295341] TUI Render Frame -> Synced: true, Seq ID: 1788896291549000000, Bids: 20, Asks: 20
[1788896295391] TUI Render Frame -> Synced: true, Seq ID: 1788896291549000000, Bids: 20, Asks: 20
[1788896295442] TUI Render Frame -> Synced: true, Seq ID: 1788896291549000000, Bids: 20, Asks: 20
[1788896295491] TUI Render Frame -> Synced: true, Seq ID: 1788896291549000000, Bids: 20, Asks: 20
[1788896295542] TUI Render Frame -> Synced: true, Seq ID: 1788896291549000000, Bids: 20, Asks: 20
[1788896295592] TUI Render Frame -> Synced: true, Seq ID: 1788896291549000000, Bids: 20, Asks: 20
[1788896295642] TUI Render Frame -> Synced: true, Seq ID: 1788896291549000000, Bids: 20, Asks: 20
[1788896295691] TUI Render Frame -> Synced: true, Seq ID: 1788896291549000000, Bids: 20, Asks: 20
[1788896295741] TUI Render Frame -> Synced: true, Seq ID: 1788896291549000000, Bids: 20, Asks: 20
[1788896295791] TUI Render Frame -> Synced: true, Seq ID: 1788896291549000000, Bids: 20, Asks: 20
[1788896295842] TUI Render Frame -> Synced: true, Seq ID: 1788896291549000000, Bids: 20, Asks: 20
[1788896295891] TUI Render Frame -> Synced: true, Seq ID: 1788896291549000000, Bids: 20, Asks: 20
[1788896295942] TUI Render Frame -> Synced: true, Seq ID: 1788896291549000000, Bids: 20, Asks: 20
[1788896295990] TUI Render Frame -> Synced: true, Seq ID: 1788896291549000000, Bids: 20, Asks: 20
[1788896296042] TUI Render Frame -> Synced: true, Seq ID: 1788896291549000000, Bids: 20, Asks: 20
[1788896296092] TUI Render Frame -> Synced: true, Seq ID: 1788896291549000000, Bids: 20, Asks: 20
[1788896296141] TUI Render Frame -> Synced: true, Seq ID: 1788896291549000000, Bids: 20, Asks: 20
[1788896296191] TUI Render Frame -> Synced: true, Seq ID: 1788896291549000000, Bids: 20, Asks: 20
[1788896296242] TUI Render Frame -> Synced: true, Seq ID: 1788896291549000000, Bids: 20, Asks: 20
[1788896296291] TUI Render Frame -> Synced: true, Seq ID: 1788896291549000000, Bids: 20, Asks: 20
[1788896296342] TUI Render Frame -> Synced: true, Seq ID: 1788896291549000000, Bids: 20, Asks: 20
[1788896296391] TUI Render Frame -> Synced: true, Seq ID: 1788896291549000000, Bids: 20, Asks: 20
[1788896296441] TUI Render Frame -> Synced: true, Seq ID: 1788896291549000000, Bids: 20, Asks: 20
[1788896296491] TUI Render Frame -> Synced: true, Seq ID: 1788896291549000000, Bids: 20, Asks: 20
[1788896296542] TUI Render Frame -> Synced: true, Seq ID: 1788896291549000000, Bids: 20, Asks: 20
[1788896296592] TUI Render Frame -> Synced: true, Seq ID: 1788896291549000000, Bids: 20, Asks: 20
[1788896296642] TUI Render Frame -> Synced: true, Seq ID: 1788896291549000000, Bids: 20, Asks: 20
[1788896296691] TUI Render Frame -> Synced: true, Seq ID: 1788896291549000000, Bids: 20, Asks: 20
[1788896296741] TUI Render Frame -> Synced: true, Seq ID: 1788896291549000000, Bids: 20, Asks: 20
[1788896296791] TUI Render Frame -> Synced: true, Seq ID: 1788896291549000000, Bids: 20, Asks: 20
[1788896296841] TUI Render Frame -> Synced: true, Seq ID: 1788896291549000000, Bids: 20, Asks: 20
[1788896296891] TUI Render Frame -> Synced: true, Seq ID: 1788896291549000000, Bids: 20, Asks: 20
[1788896296941] TUI Render Frame -> Synced: true, Seq ID: 1788896291549000000, Bids: 20, Asks: 20
[1788896296992] TUI Render Frame -> Synced: true, Seq ID: 1788896291549000000, Bids: 20, Asks: 20
[1788896297041] TUI Render Frame -> Synced: true, Seq ID: 1788896291549000000, Bids: 20, Asks: 20
[1788896297091] TUI Render Frame -> Synced: true, Seq ID: 1788896291549000000, Bids: 20, Asks: 20
[1788896297141] TUI Render Frame -> Synced: true, Seq ID: 1788896291549000000, Bids: 20, Asks: 20
[1788896297191] TUI Render Frame -> Synced: true, Seq ID: 1788896291549000000, Bids: 20, Asks: 20
[1788896297241] TUI Render Frame -> Synced: true, Seq ID: 1788896291549000000, Bids: 20, Asks: 20
[1788896297292] TUI Render Frame -> Synced: true, Seq ID: 1788896291549000000, Bids: 20, Asks: 20
[1788896297299] Msg #69: Depth received | Bids: 20, Asks: 20, Timestamp ID: 1788896296913000000
[1788896297299] Reconciler book exists: true
[1788896297299] ui_tx.send status: true, receiver count: 1
[1788896297341] TUI Render Frame -> Synced: true, Seq ID: 1788896296913000000, Bids: 20, Asks: 20
[1788896297391] TUI Render Frame -> Synced: true, Seq ID: 1788896296913000000, Bids: 20, Asks: 20
[1788896297442] TUI Render Frame -> Synced: true, Seq ID: 1788896296913000000, Bids: 20, Asks: 20
[1788896297492] TUI Render Frame -> Synced: true, Seq ID: 1788896296913000000, Bids: 20, Asks: 20
[1788896297541] TUI Render Frame -> Synced: true, Seq ID: 1788896296913000000, Bids: 20, Asks: 20
[1788896297590] TUI Render Frame -> Synced: true, Seq ID: 1788896296913000000, Bids: 20, Asks: 20
[1788896297641] TUI Render Frame -> Synced: true, Seq ID: 1788896296913000000, Bids: 20, Asks: 20
[1788896297691] TUI Render Frame -> Synced: true, Seq ID: 1788896296913000000, Bids: 20, Asks: 20
[1788896297742] TUI Render Frame -> Synced: true, Seq ID: 1788896296913000000, Bids: 20, Asks: 20
[1788896297792] TUI Render Frame -> Synced: true, Seq ID: 1788896296913000000, Bids: 20, Asks: 20
[1788896297842] TUI Render Frame -> Synced: true, Seq ID: 1788896296913000000, Bids: 20, Asks: 20
[1788896297891] TUI Render Frame -> Synced: true, Seq ID: 1788896296913000000, Bids: 20, Asks: 20
[1788896297941] TUI Render Frame -> Synced: true, Seq ID: 1788896296913000000, Bids: 20, Asks: 20
[1788896297992] TUI Render Frame -> Synced: true, Seq ID: 1788896296913000000, Bids: 20, Asks: 20
[1788896298041] TUI Render Frame -> Synced: true, Seq ID: 1788896296913000000, Bids: 20, Asks: 20
[1788896298091] TUI Render Frame -> Synced: true, Seq ID: 1788896296913000000, Bids: 20, Asks: 20
[1788896298142] TUI Render Frame -> Synced: true, Seq ID: 1788896296913000000, Bids: 20, Asks: 20
[1788896298192] TUI Render Frame -> Synced: true, Seq ID: 1788896296913000000, Bids: 20, Asks: 20
[1788896298242] TUI Render Frame -> Synced: true, Seq ID: 1788896296913000000, Bids: 20, Asks: 20
[1788896298291] TUI Render Frame -> Synced: true, Seq ID: 1788896296913000000, Bids: 20, Asks: 20
[1788896298341] TUI Render Frame -> Synced: true, Seq ID: 1788896296913000000, Bids: 20, Asks: 20
[1788896298391] TUI Render Frame -> Synced: true, Seq ID: 1788896296913000000, Bids: 20, Asks: 20
[1788896298441] TUI Render Frame -> Synced: true, Seq ID: 1788896296913000000, Bids: 20, Asks: 20
[1788896298491] TUI Render Frame -> Synced: true, Seq ID: 1788896296913000000, Bids: 20, Asks: 20
[1788896298542] TUI Render Frame -> Synced: true, Seq ID: 1788896296913000000, Bids: 20, Asks: 20
[1788896298591] TUI Render Frame -> Synced: true, Seq ID: 1788896296913000000, Bids: 20, Asks: 20
[1788896298642] TUI Render Frame -> Synced: true, Seq ID: 1788896296913000000, Bids: 20, Asks: 20
[1788896298691] TUI Render Frame -> Synced: true, Seq ID: 1788896296913000000, Bids: 20, Asks: 20
[1788896298742] TUI Render Frame -> Synced: true, Seq ID: 1788896296913000000, Bids: 20, Asks: 20
[1788896298791] TUI Render Frame -> Synced: true, Seq ID: 1788896296913000000, Bids: 20, Asks: 20
[1788896298842] TUI Render Frame -> Synced: true, Seq ID: 1788896296913000000, Bids: 20, Asks: 20
[1788896298891] TUI Render Frame -> Synced: true, Seq ID: 1788896296913000000, Bids: 20, Asks: 20
[1788896298942] TUI Render Frame -> Synced: true, Seq ID: 1788896296913000000, Bids: 20, Asks: 20
[1788896298991] TUI Render Frame -> Synced: true, Seq ID: 1788896296913000000, Bids: 20, Asks: 20
[1788896299042] TUI Render Frame -> Synced: true, Seq ID: 1788896296913000000, Bids: 20, Asks: 20
[1788896299091] TUI Render Frame -> Synced: true, Seq ID: 1788896296913000000, Bids: 20, Asks: 20
[1788896299141] TUI Render Frame -> Synced: true, Seq ID: 1788896296913000000, Bids: 20, Asks: 20
[1788896299190] TUI Render Frame -> Synced: true, Seq ID: 1788896296913000000, Bids: 20, Asks: 20
[1788896299241] TUI Render Frame -> Synced: true, Seq ID: 1788896296913000000, Bids: 20, Asks: 20
[1788896299292] TUI Render Frame -> Synced: true, Seq ID: 1788896296913000000, Bids: 20, Asks: 20
[1788896299342] TUI Render Frame -> Synced: true, Seq ID: 1788896296913000000, Bids: 20, Asks: 20
[1788896299391] TUI Render Frame -> Synced: true, Seq ID: 1788896296913000000, Bids: 20, Asks: 20
[1788896299442] TUI Render Frame -> Synced: true, Seq ID: 1788896296913000000, Bids: 20, Asks: 20
[1788896299491] TUI Render Frame -> Synced: true, Seq ID: 1788896296913000000, Bids: 20, Asks: 20
[1788896299542] TUI Render Frame -> Synced: true, Seq ID: 1788896296913000000, Bids: 20, Asks: 20
[1788896299592] TUI Render Frame -> Synced: true, Seq ID: 1788896296913000000, Bids: 20, Asks: 20
[1788896299641] TUI Render Frame -> Synced: true, Seq ID: 1788896296913000000, Bids: 20, Asks: 20
[1788896299692] TUI Render Frame -> Synced: true, Seq ID: 1788896296913000000, Bids: 20, Asks: 20
[1788896299741] TUI Render Frame -> Synced: true, Seq ID: 1788896296913000000, Bids: 20, Asks: 20
[1788896299792] TUI Render Frame -> Synced: true, Seq ID: 1788896296913000000, Bids: 20, Asks: 20
[1788896299842] TUI Render Frame -> Synced: true, Seq ID: 1788896296913000000, Bids: 20, Asks: 20
[1788896299891] TUI Render Frame -> Synced: true, Seq ID: 1788896296913000000, Bids: 20, Asks: 20
[1788896299942] TUI Render Frame -> Synced: true, Seq ID: 1788896296913000000, Bids: 20, Asks: 20
[1788896299992] TUI Render Frame -> Synced: true, Seq ID: 1788896296913000000, Bids: 20, Asks: 20
[1788896300042] TUI Render Frame -> Synced: true, Seq ID: 1788896296913000000, Bids: 20, Asks: 20
[1788896300091] TUI Render Frame -> Synced: true, Seq ID: 1788896296913000000, Bids: 20, Asks: 20
[1788896300141] TUI Render Frame -> Synced: true, Seq ID: 1788896296913000000, Bids: 20, Asks: 20
[1788896300191] TUI Render Frame -> Synced: true, Seq ID: 1788896296913000000, Bids: 20, Asks: 20
[1788896300242] TUI Render Frame -> Synced: true, Seq ID: 1788896296913000000, Bids: 20, Asks: 20
[1788896300292] TUI Render Frame -> Synced: true, Seq ID: 1788896296913000000, Bids: 20, Asks: 20
[1788896300342] TUI Render Frame -> Synced: true, Seq ID: 1788896296913000000, Bids: 20, Asks: 20
[1788896300391] TUI Render Frame -> Synced: true, Seq ID: 1788896296913000000, Bids: 20, Asks: 20
[1788896300441] TUI Render Frame -> Synced: true, Seq ID: 1788896296913000000, Bids: 20, Asks: 20
[1788896300492] TUI Render Frame -> Synced: true, Seq ID: 1788896296913000000, Bids: 20, Asks: 20
[1788896300542] TUI Render Frame -> Synced: true, Seq ID: 1788896296913000000, Bids: 20, Asks: 20
[1788896300591] TUI Render Frame -> Synced: true, Seq ID: 1788896296913000000, Bids: 20, Asks: 20
[1788896300642] TUI Render Frame -> Synced: true, Seq ID: 1788896296913000000, Bids: 20, Asks: 20
[1788896300691] TUI Render Frame -> Synced: true, Seq ID: 1788896296913000000, Bids: 20, Asks: 20
[1788896300742] TUI Render Frame -> Synced: true, Seq ID: 1788896296913000000, Bids: 20, Asks: 20
[1788896300791] TUI Render Frame -> Synced: true, Seq ID: 1788896296913000000, Bids: 20, Asks: 20
[1788896300842] TUI Render Frame -> Synced: true, Seq ID: 1788896296913000000, Bids: 20, Asks: 20
[1788896300892] TUI Render Frame -> Synced: true, Seq ID: 1788896296913000000, Bids: 20, Asks: 20
[1788896300942] TUI Render Frame -> Synced: true, Seq ID: 1788896296913000000, Bids: 20, Asks: 20
[1788896300991] TUI Render Frame -> Synced: true, Seq ID: 1788896296913000000, Bids: 20, Asks: 20
[1788896301041] TUI Render Frame -> Synced: true, Seq ID: 1788896296913000000, Bids: 20, Asks: 20
[1788896301092] TUI Render Frame -> Synced: true, Seq ID: 1788896296913000000, Bids: 20, Asks: 20
[1788896301142] TUI Render Frame -> Synced: true, Seq ID: 1788896296913000000, Bids: 20, Asks: 20
[1788896301191] TUI Render Frame -> Synced: true, Seq ID: 1788896296913000000, Bids: 20, Asks: 20
[1788896301241] TUI Render Frame -> Synced: true, Seq ID: 1788896296913000000, Bids: 20, Asks: 20
[1788896301292] TUI Render Frame -> Synced: true, Seq ID: 1788896296913000000, Bids: 20, Asks: 20
[1788896301341] TUI Render Frame -> Synced: true, Seq ID: 1788896296913000000, Bids: 20, Asks: 20
[1788896301392] TUI Render Frame -> Synced: true, Seq ID: 1788896296913000000, Bids: 20, Asks: 20
[1788896301441] TUI Render Frame -> Synced: true, Seq ID: 1788896296913000000, Bids: 20, Asks: 20
[1788896301492] TUI Render Frame -> Synced: true, Seq ID: 1788896296913000000, Bids: 20, Asks: 20
[1788896301542] TUI Render Frame -> Synced: true, Seq ID: 1788896296913000000, Bids: 20, Asks: 20
[1788896301591] TUI Render Frame -> Synced: true, Seq ID: 1788896296913000000, Bids: 20, Asks: 20
[1788896301642] TUI Render Frame -> Synced: true, Seq ID: 1788896296913000000, Bids: 20, Asks: 20
[1788896301691] TUI Render Frame -> Synced: true, Seq ID: 1788896296913000000, Bids: 20, Asks: 20
[1788896301741] TUI Render Frame -> Synced: true, Seq ID: 1788896296913000000, Bids: 20, Asks: 20
[1788896301792] TUI Render Frame -> Synced: true, Seq ID: 1788896296913000000, Bids: 20, Asks: 20
[1788896301842] TUI Render Frame -> Synced: true, Seq ID: 1788896296913000000, Bids: 20, Asks: 20
[1788896301893] TUI Render Frame -> Synced: true, Seq ID: 1788896296913000000, Bids: 20, Asks: 20
[1788896301942] TUI Render Frame -> Synced: true, Seq ID: 1788896296913000000, Bids: 20, Asks: 20
[1788896301992] TUI Render Frame -> Synced: true, Seq ID: 1788896296913000000, Bids: 20, Asks: 20
[1788896302041] TUI Render Frame -> Synced: true, Seq ID: 1788896296913000000, Bids: 20, Asks: 20
[1788896302091] TUI Render Frame -> Synced: true, Seq ID: 1788896296913000000, Bids: 20, Asks: 20
[1788896302141] TUI Render Frame -> Synced: true, Seq ID: 1788896296913000000, Bids: 20, Asks: 20
[1788896302192] TUI Render Frame -> Synced: true, Seq ID: 1788896296913000000, Bids: 20, Asks: 20
[1788896302242] TUI Render Frame -> Synced: true, Seq ID: 1788896296913000000, Bids: 20, Asks: 20
[1788896302291] TUI Render Frame -> Synced: true, Seq ID: 1788896296913000000, Bids: 20, Asks: 20
[1788896302342] TUI Render Frame -> Synced: true, Seq ID: 1788896296913000000, Bids: 20, Asks: 20
[1788896302391] TUI Render Frame -> Synced: true, Seq ID: 1788896296913000000, Bids: 20, Asks: 20
[1788896302442] TUI Render Frame -> Synced: true, Seq ID: 1788896296913000000, Bids: 20, Asks: 20
[1788896302492] TUI Render Frame -> Synced: true, Seq ID: 1788896296913000000, Bids: 20, Asks: 20
[1788896302542] TUI Render Frame -> Synced: true, Seq ID: 1788896296913000000, Bids: 20, Asks: 20
[1788896302592] TUI Render Frame -> Synced: true, Seq ID: 1788896296913000000, Bids: 20, Asks: 20
[1788896302640] TUI Render Frame -> Synced: true, Seq ID: 1788896296913000000, Bids: 20, Asks: 20
[1788896302691] TUI Render Frame -> Synced: true, Seq ID: 1788896296913000000, Bids: 20, Asks: 20
[1788896302741] TUI Render Frame -> Synced: true, Seq ID: 1788896296913000000, Bids: 20, Asks: 20
[1788896302754] Msg #70: Depth received | Bids: 20, Asks: 20, Timestamp ID: 1788896302373000000
[1788896302755] Reconciler book exists: true
[1788896302755] ui_tx.send status: true, receiver count: 1
[1788896302792] TUI Render Frame -> Synced: true, Seq ID: 1788896302373000000, Bids: 20, Asks: 20
[1788896302841] TUI Render Frame -> Synced: true, Seq ID: 1788896302373000000, Bids: 20, Asks: 20
[1788896302891] TUI Render Frame -> Synced: true, Seq ID: 1788896302373000000, Bids: 20, Asks: 20
[1788896302942] TUI Render Frame -> Synced: true, Seq ID: 1788896302373000000, Bids: 20, Asks: 20
[1788896302991] TUI Render Frame -> Synced: true, Seq ID: 1788896302373000000, Bids: 20, Asks: 20
[1788896303041] TUI Render Frame -> Synced: true, Seq ID: 1788896302373000000, Bids: 20, Asks: 20
[1788896303091] TUI Render Frame -> Synced: true, Seq ID: 1788896302373000000, Bids: 20, Asks: 20
[1788896303142] TUI Render Frame -> Synced: true, Seq ID: 1788896302373000000, Bids: 20, Asks: 20
[1788896303191] TUI Render Frame -> Synced: true, Seq ID: 1788896302373000000, Bids: 20, Asks: 20
[1788896303242] TUI Render Frame -> Synced: true, Seq ID: 1788896302373000000, Bids: 20, Asks: 20
[1788896303290] TUI Render Frame -> Synced: true, Seq ID: 1788896302373000000, Bids: 20, Asks: 20
[1788896303342] TUI Render Frame -> Synced: true, Seq ID: 1788896302373000000, Bids: 20, Asks: 20
[1788896303391] TUI Render Frame -> Synced: true, Seq ID: 1788896302373000000, Bids: 20, Asks: 20
[1788896303442] TUI Render Frame -> Synced: true, Seq ID: 1788896302373000000, Bids: 20, Asks: 20
[1788896303492] TUI Render Frame -> Synced: true, Seq ID: 1788896302373000000, Bids: 20, Asks: 20
[1788896303542] TUI Render Frame -> Synced: true, Seq ID: 1788896302373000000, Bids: 20, Asks: 20
[1788896303591] TUI Render Frame -> Synced: true, Seq ID: 1788896302373000000, Bids: 20, Asks: 20
[1788896303642] TUI Render Frame -> Synced: true, Seq ID: 1788896302373000000, Bids: 20, Asks: 20
[1788896303692] TUI Render Frame -> Synced: true, Seq ID: 1788896302373000000, Bids: 20, Asks: 20
[1788896303742] TUI Render Frame -> Synced: true, Seq ID: 1788896302373000000, Bids: 20, Asks: 20
[1788896303791] TUI Render Frame -> Synced: true, Seq ID: 1788896302373000000, Bids: 20, Asks: 20
[1788896303841] TUI Render Frame -> Synced: true, Seq ID: 1788896302373000000, Bids: 20, Asks: 20
[1788896303892] TUI Render Frame -> Synced: true, Seq ID: 1788896302373000000, Bids: 20, Asks: 20
[1788896303942] TUI Render Frame -> Synced: true, Seq ID: 1788896302373000000, Bids: 20, Asks: 20
[1788896303991] TUI Render Frame -> Synced: true, Seq ID: 1788896302373000000, Bids: 20, Asks: 20
[1788896304041] TUI Render Frame -> Synced: true, Seq ID: 1788896302373000000, Bids: 20, Asks: 20
[1788896304091] TUI Render Frame -> Synced: true, Seq ID: 1788896302373000000, Bids: 20, Asks: 20
[1788896304142] TUI Render Frame -> Synced: true, Seq ID: 1788896302373000000, Bids: 20, Asks: 20
[1788896304191] TUI Render Frame -> Synced: true, Seq ID: 1788896302373000000, Bids: 20, Asks: 20
[1788896304242] TUI Render Frame -> Synced: true, Seq ID: 1788896302373000000, Bids: 20, Asks: 20
[1788896304292] TUI Render Frame -> Synced: true, Seq ID: 1788896302373000000, Bids: 20, Asks: 20
[1788896304341] TUI Render Frame -> Synced: true, Seq ID: 1788896302373000000, Bids: 20, Asks: 20
[1788896304392] TUI Render Frame -> Synced: true, Seq ID: 1788896302373000000, Bids: 20, Asks: 20
[1788896304441] TUI Render Frame -> Synced: true, Seq ID: 1788896302373000000, Bids: 20, Asks: 20
[1788896304492] TUI Render Frame -> Synced: true, Seq ID: 1788896302373000000, Bids: 20, Asks: 20
[1788896304541] TUI Render Frame -> Synced: true, Seq ID: 1788896302373000000, Bids: 20, Asks: 20
[1788896304592] TUI Render Frame -> Synced: true, Seq ID: 1788896302373000000, Bids: 20, Asks: 20
[1788896304642] TUI Render Frame -> Synced: true, Seq ID: 1788896302373000000, Bids: 20, Asks: 20
[1788896304692] TUI Render Frame -> Synced: true, Seq ID: 1788896302373000000, Bids: 20, Asks: 20
[1788896304742] TUI Render Frame -> Synced: true, Seq ID: 1788896302373000000, Bids: 20, Asks: 20
[1788896304791] TUI Render Frame -> Synced: true, Seq ID: 1788896302373000000, Bids: 20, Asks: 20
[1788896304842] TUI Render Frame -> Synced: true, Seq ID: 1788896302373000000, Bids: 20, Asks: 20
[1788896304891] TUI Render Frame -> Synced: true, Seq ID: 1788896302373000000, Bids: 20, Asks: 20
[1788896304942] TUI Render Frame -> Synced: true, Seq ID: 1788896302373000000, Bids: 20, Asks: 20
[1788896304992] TUI Render Frame -> Synced: true, Seq ID: 1788896302373000000, Bids: 20, Asks: 20
[1788896305042] TUI Render Frame -> Synced: true, Seq ID: 1788896302373000000, Bids: 20, Asks: 20
[1788896305092] TUI Render Frame -> Synced: true, Seq ID: 1788896302373000000, Bids: 20, Asks: 20
[1788896305142] TUI Render Frame -> Synced: true, Seq ID: 1788896302373000000, Bids: 20, Asks: 20
[1788896305192] TUI Render Frame -> Synced: true, Seq ID: 1788896302373000000, Bids: 20, Asks: 20
[1788896305241] TUI Render Frame -> Synced: true, Seq ID: 1788896302373000000, Bids: 20, Asks: 20
[1788896305291] TUI Render Frame -> Synced: true, Seq ID: 1788896302373000000, Bids: 20, Asks: 20
[1788896305341] TUI Render Frame -> Synced: true, Seq ID: 1788896302373000000, Bids: 20, Asks: 20
[1788896305391] TUI Render Frame -> Synced: true, Seq ID: 1788896302373000000, Bids: 20, Asks: 20
[1788896305441] TUI Render Frame -> Synced: true, Seq ID: 1788896302373000000, Bids: 20, Asks: 20
[1788896305491] TUI Render Frame -> Synced: true, Seq ID: 1788896302373000000, Bids: 20, Asks: 20
[1788896305541] TUI Render Frame -> Synced: true, Seq ID: 1788896302373000000, Bids: 20, Asks: 20
[1788896305591] TUI Render Frame -> Synced: true, Seq ID: 1788896302373000000, Bids: 20, Asks: 20
[1788896305641] TUI Render Frame -> Synced: true, Seq ID: 1788896302373000000, Bids: 20, Asks: 20
[1788896305691] TUI Render Frame -> Synced: true, Seq ID: 1788896302373000000, Bids: 20, Asks: 20
[1788896305742] TUI Render Frame -> Synced: true, Seq ID: 1788896302373000000, Bids: 20, Asks: 20
[1788896305791] TUI Render Frame -> Synced: true, Seq ID: 1788896302373000000, Bids: 20, Asks: 20
[1788896305842] TUI Render Frame -> Synced: true, Seq ID: 1788896302373000000, Bids: 20, Asks: 20
[1788896305892] TUI Render Frame -> Synced: true, Seq ID: 1788896302373000000, Bids: 20, Asks: 20
[1788896305942] TUI Render Frame -> Synced: true, Seq ID: 1788896302373000000, Bids: 20, Asks: 20
[1788896305991] TUI Render Frame -> Synced: true, Seq ID: 1788896302373000000, Bids: 20, Asks: 20
[1788896306041] TUI Render Frame -> Synced: true, Seq ID: 1788896302373000000, Bids: 20, Asks: 20
[1788896306091] TUI Render Frame -> Synced: true, Seq ID: 1788896302373000000, Bids: 20, Asks: 20
[1788896306142] TUI Render Frame -> Synced: true, Seq ID: 1788896302373000000, Bids: 20, Asks: 20
[1788896306192] TUI Render Frame -> Synced: true, Seq ID: 1788896302373000000, Bids: 20, Asks: 20
[1788896306242] TUI Render Frame -> Synced: true, Seq ID: 1788896302373000000, Bids: 20, Asks: 20
[1788896306291] TUI Render Frame -> Synced: true, Seq ID: 1788896302373000000, Bids: 20, Asks: 20
[1788896306341] TUI Render Frame -> Synced: true, Seq ID: 1788896302373000000, Bids: 20, Asks: 20
[1788896306391] TUI Render Frame -> Synced: true, Seq ID: 1788896302373000000, Bids: 20, Asks: 20
[1788896306442] TUI Render Frame -> Synced: true, Seq ID: 1788896302373000000, Bids: 20, Asks: 20
[1788896306492] TUI Render Frame -> Synced: true, Seq ID: 1788896302373000000, Bids: 20, Asks: 20
[1788896306541] TUI Render Frame -> Synced: true, Seq ID: 1788896302373000000, Bids: 20, Asks: 20
[1788896306591] TUI Render Frame -> Synced: true, Seq ID: 1788896302373000000, Bids: 20, Asks: 20
[1788896306641] TUI Render Frame -> Synced: true, Seq ID: 1788896302373000000, Bids: 20, Asks: 20
[1788896306692] TUI Render Frame -> Synced: true, Seq ID: 1788896302373000000, Bids: 20, Asks: 20
[1788896306742] TUI Render Frame -> Synced: true, Seq ID: 1788896302373000000, Bids: 20, Asks: 20
[1788896306791] TUI Render Frame -> Synced: true, Seq ID: 1788896302373000000, Bids: 20, Asks: 20
[1788896306842] TUI Render Frame -> Synced: true, Seq ID: 1788896302373000000, Bids: 20, Asks: 20
[1788896306891] TUI Render Frame -> Synced: true, Seq ID: 1788896302373000000, Bids: 20, Asks: 20
[1788896306941] TUI Render Frame -> Synced: true, Seq ID: 1788896302373000000, Bids: 20, Asks: 20
[1788896306992] TUI Render Frame -> Synced: true, Seq ID: 1788896302373000000, Bids: 20, Asks: 20
[1788896307042] TUI Render Frame -> Synced: true, Seq ID: 1788896302373000000, Bids: 20, Asks: 20
[1788896307091] TUI Render Frame -> Synced: true, Seq ID: 1788896302373000000, Bids: 20, Asks: 20
[1788896307142] TUI Render Frame -> Synced: true, Seq ID: 1788896302373000000, Bids: 20, Asks: 20
[1788896307190] TUI Render Frame -> Synced: true, Seq ID: 1788896302373000000, Bids: 20, Asks: 20
[1788896307242] TUI Render Frame -> Synced: true, Seq ID: 1788896302373000000, Bids: 20, Asks: 20
[1788896307291] TUI Render Frame -> Synced: true, Seq ID: 1788896302373000000, Bids: 20, Asks: 20
[1788896307341] TUI Render Frame -> Synced: true, Seq ID: 1788896302373000000, Bids: 20, Asks: 20
[1788896307391] TUI Render Frame -> Synced: true, Seq ID: 1788896302373000000, Bids: 20, Asks: 20
[1788896307442] TUI Render Frame -> Synced: true, Seq ID: 1788896302373000000, Bids: 20, Asks: 20
[1788896307492] TUI Render Frame -> Synced: true, Seq ID: 1788896302373000000, Bids: 20, Asks: 20
[1788896307541] TUI Render Frame -> Synced: true, Seq ID: 1788896302373000000, Bids: 20, Asks: 20
[1788896307592] TUI Render Frame -> Synced: true, Seq ID: 1788896302373000000, Bids: 20, Asks: 20
[1788896307641] TUI Render Frame -> Synced: true, Seq ID: 1788896302373000000, Bids: 20, Asks: 20
[1788896307692] TUI Render Frame -> Synced: true, Seq ID: 1788896302373000000, Bids: 20, Asks: 20
[1788896307741] TUI Render Frame -> Synced: true, Seq ID: 1788896302373000000, Bids: 20, Asks: 20
[1788896307792] TUI Render Frame -> Synced: true, Seq ID: 1788896302373000000, Bids: 20, Asks: 20
[1788896307841] TUI Render Frame -> Synced: true, Seq ID: 1788896302373000000, Bids: 20, Asks: 20
[1788896307892] TUI Render Frame -> Synced: true, Seq ID: 1788896302373000000, Bids: 20, Asks: 20
[1788896307942] TUI Render Frame -> Synced: true, Seq ID: 1788896302373000000, Bids: 20, Asks: 20
[1788896307991] TUI Render Frame -> Synced: true, Seq ID: 1788896302373000000, Bids: 20, Asks: 20
[1788896308041] TUI Render Frame -> Synced: true, Seq ID: 1788896302373000000, Bids: 20, Asks: 20
[1788896308091] TUI Render Frame -> Synced: true, Seq ID: 1788896302373000000, Bids: 20, Asks: 20
[1788896308092] Msg #71: Depth received | Bids: 20, Asks: 20, Timestamp ID: 1788896307726000000
[1788896308093] Reconciler book exists: true
[1788896308093] ui_tx.send status: true, receiver count: 1
[1788896308141] TUI Render Frame -> Synced: true, Seq ID: 1788896307726000000, Bids: 20, Asks: 20
[1788896308192] TUI Render Frame -> Synced: true, Seq ID: 1788896307726000000, Bids: 20, Asks: 20
[1788896308242] TUI Render Frame -> Synced: true, Seq ID: 1788896307726000000, Bids: 20, Asks: 20
[1788896308292] TUI Render Frame -> Synced: true, Seq ID: 1788896307726000000, Bids: 20, Asks: 20
[1788896308341] TUI Render Frame -> Synced: true, Seq ID: 1788896307726000000, Bids: 20, Asks: 20
[1788896308392] TUI Render Frame -> Synced: true, Seq ID: 1788896307726000000, Bids: 20, Asks: 20
[1788896308442] TUI Render Frame -> Synced: true, Seq ID: 1788896307726000000, Bids: 20, Asks: 20
[1788896308492] TUI Render Frame -> Synced: true, Seq ID: 1788896307726000000, Bids: 20, Asks: 20
[1788896308542] TUI Render Frame -> Synced: true, Seq ID: 1788896307726000000, Bids: 20, Asks: 20
[1788896308592] TUI Render Frame -> Synced: true, Seq ID: 1788896307726000000, Bids: 20, Asks: 20
[1788896308642] TUI Render Frame -> Synced: true, Seq ID: 1788896307726000000, Bids: 20, Asks: 20
[1788896308692] TUI Render Frame -> Synced: true, Seq ID: 1788896307726000000, Bids: 20, Asks: 20
[1788896308742] TUI Render Frame -> Synced: true, Seq ID: 1788896307726000000, Bids: 20, Asks: 20
[1788896308791] TUI Render Frame -> Synced: true, Seq ID: 1788896307726000000, Bids: 20, Asks: 20
[1788896308842] TUI Render Frame -> Synced: true, Seq ID: 1788896307726000000, Bids: 20, Asks: 20
[1788896308891] TUI Render Frame -> Synced: true, Seq ID: 1788896307726000000, Bids: 20, Asks: 20
[1788896308941] TUI Render Frame -> Synced: true, Seq ID: 1788896307726000000, Bids: 20, Asks: 20
[1788896308991] TUI Render Frame -> Synced: true, Seq ID: 1788896307726000000, Bids: 20, Asks: 20
[1788896309041] TUI Render Frame -> Synced: true, Seq ID: 1788896307726000000, Bids: 20, Asks: 20
[1788896309092] TUI Render Frame -> Synced: true, Seq ID: 1788896307726000000, Bids: 20, Asks: 20
[1788896309142] TUI Render Frame -> Synced: true, Seq ID: 1788896307726000000, Bids: 20, Asks: 20
[1788896309191] TUI Render Frame -> Synced: true, Seq ID: 1788896307726000000, Bids: 20, Asks: 20
[1788896309241] TUI Render Frame -> Synced: true, Seq ID: 1788896307726000000, Bids: 20, Asks: 20
[1788896309292] TUI Render Frame -> Synced: true, Seq ID: 1788896307726000000, Bids: 20, Asks: 20
[1788896309341] TUI Render Frame -> Synced: true, Seq ID: 1788896307726000000, Bids: 20, Asks: 20
[1788896309392] TUI Render Frame -> Synced: true, Seq ID: 1788896307726000000, Bids: 20, Asks: 20
[1788896309442] TUI Render Frame -> Synced: true, Seq ID: 1788896307726000000, Bids: 20, Asks: 20
[1788896309492] TUI Render Frame -> Synced: true, Seq ID: 1788896307726000000, Bids: 20, Asks: 20
[1788896309542] TUI Render Frame -> Synced: true, Seq ID: 1788896307726000000, Bids: 20, Asks: 20
[1788896309592] TUI Render Frame -> Synced: true, Seq ID: 1788896307726000000, Bids: 20, Asks: 20
[1788896309642] TUI Render Frame -> Synced: true, Seq ID: 1788896307726000000, Bids: 20, Asks: 20
[1788896309691] TUI Render Frame -> Synced: true, Seq ID: 1788896307726000000, Bids: 20, Asks: 20
[1788896309742] TUI Render Frame -> Synced: true, Seq ID: 1788896307726000000, Bids: 20, Asks: 20
[1788896309792] TUI Render Frame -> Synced: true, Seq ID: 1788896307726000000, Bids: 20, Asks: 20
[1788896309841] TUI Render Frame -> Synced: true, Seq ID: 1788896307726000000, Bids: 20, Asks: 20
[1788896309891] TUI Render Frame -> Synced: true, Seq ID: 1788896307726000000, Bids: 20, Asks: 20
[1788896309942] TUI Render Frame -> Synced: true, Seq ID: 1788896307726000000, Bids: 20, Asks: 20
[1788896309992] TUI Render Frame -> Synced: true, Seq ID: 1788896307726000000, Bids: 20, Asks: 20
[1788896310041] TUI Render Frame -> Synced: true, Seq ID: 1788896307726000000, Bids: 20, Asks: 20
[1788896310092] TUI Render Frame -> Synced: true, Seq ID: 1788896307726000000, Bids: 20, Asks: 20
[1788896310141] TUI Render Frame -> Synced: true, Seq ID: 1788896307726000000, Bids: 20, Asks: 20
[1788896310192] TUI Render Frame -> Synced: true, Seq ID: 1788896307726000000, Bids: 20, Asks: 20
[1788896310242] TUI Render Frame -> Synced: true, Seq ID: 1788896307726000000, Bids: 20, Asks: 20
[1788896310291] TUI Render Frame -> Synced: true, Seq ID: 1788896307726000000, Bids: 20, Asks: 20
[1788896310342] TUI Render Frame -> Synced: true, Seq ID: 1788896307726000000, Bids: 20, Asks: 20
[1788896310391] TUI Render Frame -> Synced: true, Seq ID: 1788896307726000000, Bids: 20, Asks: 20
[1788896310441] TUI Render Frame -> Synced: true, Seq ID: 1788896307726000000, Bids: 20, Asks: 20
[1788896310491] TUI Render Frame -> Synced: true, Seq ID: 1788896307726000000, Bids: 20, Asks: 20
[1788896310542] TUI Render Frame -> Synced: true, Seq ID: 1788896307726000000, Bids: 20, Asks: 20
[1788896310591] TUI Render Frame -> Synced: true, Seq ID: 1788896307726000000, Bids: 20, Asks: 20
[1788896310642] TUI Render Frame -> Synced: true, Seq ID: 1788896307726000000, Bids: 20, Asks: 20
[1788896310692] TUI Render Frame -> Synced: true, Seq ID: 1788896307726000000, Bids: 20, Asks: 20
[1788896310741] TUI Render Frame -> Synced: true, Seq ID: 1788896307726000000, Bids: 20, Asks: 20
[1788896310791] TUI Render Frame -> Synced: true, Seq ID: 1788896307726000000, Bids: 20, Asks: 20
[1788896310840] TUI Render Frame -> Synced: true, Seq ID: 1788896307726000000, Bids: 20, Asks: 20
[1788896310892] TUI Render Frame -> Synced: true, Seq ID: 1788896307726000000, Bids: 20, Asks: 20
[1788896310941] TUI Render Frame -> Synced: true, Seq ID: 1788896307726000000, Bids: 20, Asks: 20
[1788896310992] TUI Render Frame -> Synced: true, Seq ID: 1788896307726000000, Bids: 20, Asks: 20
[1788896311042] TUI Render Frame -> Synced: true, Seq ID: 1788896307726000000, Bids: 20, Asks: 20
[1788896311092] TUI Render Frame -> Synced: true, Seq ID: 1788896307726000000, Bids: 20, Asks: 20
[1788896311141] TUI Render Frame -> Synced: true, Seq ID: 1788896307726000000, Bids: 20, Asks: 20
[1788896311191] TUI Render Frame -> Synced: true, Seq ID: 1788896307726000000, Bids: 20, Asks: 20
[1788896311241] TUI Render Frame -> Synced: true, Seq ID: 1788896307726000000, Bids: 20, Asks: 20
[1788896311291] TUI Render Frame -> Synced: true, Seq ID: 1788896307726000000, Bids: 20, Asks: 20
[1788896311342] TUI Render Frame -> Synced: true, Seq ID: 1788896307726000000, Bids: 20, Asks: 20
[1788896311391] TUI Render Frame -> Synced: true, Seq ID: 1788896307726000000, Bids: 20, Asks: 20
[1788896311441] TUI Render Frame -> Synced: true, Seq ID: 1788896307726000000, Bids: 20, Asks: 20
[1788896311491] TUI Render Frame -> Synced: true, Seq ID: 1788896307726000000, Bids: 20, Asks: 20
[1788896311541] TUI Render Frame -> Synced: true, Seq ID: 1788896307726000000, Bids: 20, Asks: 20
[1788896311592] TUI Render Frame -> Synced: true, Seq ID: 1788896307726000000, Bids: 20, Asks: 20
[1788896311641] TUI Render Frame -> Synced: true, Seq ID: 1788896307726000000, Bids: 20, Asks: 20
[1788896311691] TUI Render Frame -> Synced: true, Seq ID: 1788896307726000000, Bids: 20, Asks: 20
[1788896311741] TUI Render Frame -> Synced: true, Seq ID: 1788896307726000000, Bids: 20, Asks: 20
[1788896311791] TUI Render Frame -> Synced: true, Seq ID: 1788896307726000000, Bids: 20, Asks: 20
[1788896311841] TUI Render Frame -> Synced: true, Seq ID: 1788896307726000000, Bids: 20, Asks: 20
[1788896311891] TUI Render Frame -> Synced: true, Seq ID: 1788896307726000000, Bids: 20, Asks: 20
[1788896311941] TUI Render Frame -> Synced: true, Seq ID: 1788896307726000000, Bids: 20, Asks: 20
[1788896311990] TUI Render Frame -> Synced: true, Seq ID: 1788896307726000000, Bids: 20, Asks: 20
[1788896312042] TUI Render Frame -> Synced: true, Seq ID: 1788896307726000000, Bids: 20, Asks: 20
[1788896312091] TUI Render Frame -> Synced: true, Seq ID: 1788896307726000000, Bids: 20, Asks: 20
[1788896312142] TUI Render Frame -> Synced: true, Seq ID: 1788896307726000000, Bids: 20, Asks: 20
[1788896312192] TUI Render Frame -> Synced: true, Seq ID: 1788896307726000000, Bids: 20, Asks: 20
[1788896312242] TUI Render Frame -> Synced: true, Seq ID: 1788896307726000000, Bids: 20, Asks: 20
[1788896312292] TUI Render Frame -> Synced: true, Seq ID: 1788896307726000000, Bids: 20, Asks: 20
[1788896312342] TUI Render Frame -> Synced: true, Seq ID: 1788896307726000000, Bids: 20, Asks: 20
[1788896312391] TUI Render Frame -> Synced: true, Seq ID: 1788896307726000000, Bids: 20, Asks: 20
[1788896312440] TUI Render Frame -> Synced: true, Seq ID: 1788896307726000000, Bids: 20, Asks: 20
[1788896312492] TUI Render Frame -> Synced: true, Seq ID: 1788896307726000000, Bids: 20, Asks: 20
[1788896312541] TUI Render Frame -> Synced: true, Seq ID: 1788896307726000000, Bids: 20, Asks: 20
[1788896312592] TUI Render Frame -> Synced: true, Seq ID: 1788896307726000000, Bids: 20, Asks: 20
[1788896312641] TUI Render Frame -> Synced: true, Seq ID: 1788896307726000000, Bids: 20, Asks: 20
[1788896312691] TUI Render Frame -> Synced: true, Seq ID: 1788896307726000000, Bids: 20, Asks: 20
[1788896312741] TUI Render Frame -> Synced: true, Seq ID: 1788896307726000000, Bids: 20, Asks: 20
[1788896312791] TUI Render Frame -> Synced: true, Seq ID: 1788896307726000000, Bids: 20, Asks: 20
[1788896312841] TUI Render Frame -> Synced: true, Seq ID: 1788896307726000000, Bids: 20, Asks: 20
[1788896312891] TUI Render Frame -> Synced: true, Seq ID: 1788896307726000000, Bids: 20, Asks: 20
[1788896312941] TUI Render Frame -> Synced: true, Seq ID: 1788896307726000000, Bids: 20, Asks: 20
[1788896312992] TUI Render Frame -> Synced: true, Seq ID: 1788896307726000000, Bids: 20, Asks: 20
[1788896313042] TUI Render Frame -> Synced: true, Seq ID: 1788896307726000000, Bids: 20, Asks: 20
[1788896313091] TUI Render Frame -> Synced: true, Seq ID: 1788896307726000000, Bids: 20, Asks: 20
[1788896313142] TUI Render Frame -> Synced: true, Seq ID: 1788896307726000000, Bids: 20, Asks: 20
[1788896313191] TUI Render Frame -> Synced: true, Seq ID: 1788896307726000000, Bids: 20, Asks: 20
[1788896313242] TUI Render Frame -> Synced: true, Seq ID: 1788896307726000000, Bids: 20, Asks: 20
[1788896313292] TUI Render Frame -> Synced: true, Seq ID: 1788896307726000000, Bids: 20, Asks: 20
[1788896313341] TUI Render Frame -> Synced: true, Seq ID: 1788896307726000000, Bids: 20, Asks: 20
[1788896313392] TUI Render Frame -> Synced: true, Seq ID: 1788896307726000000, Bids: 20, Asks: 20
[1788896313441] TUI Render Frame -> Synced: true, Seq ID: 1788896307726000000, Bids: 20, Asks: 20
[1788896313478] Msg #72: Depth received | Bids: 20, Asks: 20, Timestamp ID: 1788896313070000000
[1788896313478] Reconciler book exists: true
[1788896313478] ui_tx.send status: true, receiver count: 1
[1788896313492] TUI Render Frame -> Synced: true, Seq ID: 1788896313070000000, Bids: 20, Asks: 20
[1788896313541] TUI Render Frame -> Synced: true, Seq ID: 1788896313070000000, Bids: 20, Asks: 20
[1788896313591] TUI Render Frame -> Synced: true, Seq ID: 1788896313070000000, Bids: 20, Asks: 20
[1788896313642] TUI Render Frame -> Synced: true, Seq ID: 1788896313070000000, Bids: 20, Asks: 20
[1788896313692] TUI Render Frame -> Synced: true, Seq ID: 1788896313070000000, Bids: 20, Asks: 20
[1788896313742] TUI Render Frame -> Synced: true, Seq ID: 1788896313070000000, Bids: 20, Asks: 20
[1788896313792] TUI Render Frame -> Synced: true, Seq ID: 1788896313070000000, Bids: 20, Asks: 20
[1788896313842] TUI Render Frame -> Synced: true, Seq ID: 1788896313070000000, Bids: 20, Asks: 20
[1788896313891] TUI Render Frame -> Synced: true, Seq ID: 1788896313070000000, Bids: 20, Asks: 20
[1788896313942] TUI Render Frame -> Synced: true, Seq ID: 1788896313070000000, Bids: 20, Asks: 20
[1788896313992] TUI Render Frame -> Synced: true, Seq ID: 1788896313070000000, Bids: 20, Asks: 20
[1788896314041] TUI Render Frame -> Synced: true, Seq ID: 1788896313070000000, Bids: 20, Asks: 20
[1788896314091] TUI Render Frame -> Synced: true, Seq ID: 1788896313070000000, Bids: 20, Asks: 20
[1788896314142] TUI Render Frame -> Synced: true, Seq ID: 1788896313070000000, Bids: 20, Asks: 20
[1788896314191] TUI Render Frame -> Synced: true, Seq ID: 1788896313070000000, Bids: 20, Asks: 20
[1788896314242] TUI Render Frame -> Synced: true, Seq ID: 1788896313070000000, Bids: 20, Asks: 20
[1788896314291] TUI Render Frame -> Synced: true, Seq ID: 1788896313070000000, Bids: 20, Asks: 20
[1788896314341] TUI Render Frame -> Synced: true, Seq ID: 1788896313070000000, Bids: 20, Asks: 20
[1788896314392] TUI Render Frame -> Synced: true, Seq ID: 1788896313070000000, Bids: 20, Asks: 20
[1788896314442] TUI Render Frame -> Synced: true, Seq ID: 1788896313070000000, Bids: 20, Asks: 20
[1788896314491] TUI Render Frame -> Synced: true, Seq ID: 1788896313070000000, Bids: 20, Asks: 20
[1788896314541] TUI Render Frame -> Synced: true, Seq ID: 1788896313070000000, Bids: 20, Asks: 20
[1788896314591] TUI Render Frame -> Synced: true, Seq ID: 1788896313070000000, Bids: 20, Asks: 20
[1788896314641] TUI Render Frame -> Synced: true, Seq ID: 1788896313070000000, Bids: 20, Asks: 20
[1788896314692] TUI Render Frame -> Synced: true, Seq ID: 1788896313070000000, Bids: 20, Asks: 20
[1788896314741] TUI Render Frame -> Synced: true, Seq ID: 1788896313070000000, Bids: 20, Asks: 20
[1788896314792] TUI Render Frame -> Synced: true, Seq ID: 1788896313070000000, Bids: 20, Asks: 20
[1788896314842] TUI Render Frame -> Synced: true, Seq ID: 1788896313070000000, Bids: 20, Asks: 20
[1788896314892] TUI Render Frame -> Synced: true, Seq ID: 1788896313070000000, Bids: 20, Asks: 20
[1788896314942] TUI Render Frame -> Synced: true, Seq ID: 1788896313070000000, Bids: 20, Asks: 20
[1788896314992] TUI Render Frame -> Synced: true, Seq ID: 1788896313070000000, Bids: 20, Asks: 20
[1788896315043] TUI Render Frame -> Synced: true, Seq ID: 1788896313070000000, Bids: 20, Asks: 20
[1788896315095] TUI Render Frame -> Synced: true, Seq ID: 1788896313070000000, Bids: 20, Asks: 20
[1788896315142] TUI Render Frame -> Synced: true, Seq ID: 1788896313070000000, Bids: 20, Asks: 20
[1788896315191] TUI Render Frame -> Synced: true, Seq ID: 1788896313070000000, Bids: 20, Asks: 20
[1788896315241] TUI Render Frame -> Synced: true, Seq ID: 1788896313070000000, Bids: 20, Asks: 20
[1788896315292] TUI Render Frame -> Synced: true, Seq ID: 1788896313070000000, Bids: 20, Asks: 20
[1788896315341] TUI Render Frame -> Synced: true, Seq ID: 1788896313070000000, Bids: 20, Asks: 20
[1788896315391] TUI Render Frame -> Synced: true, Seq ID: 1788896313070000000, Bids: 20, Asks: 20
[1788896315441] TUI Render Frame -> Synced: true, Seq ID: 1788896313070000000, Bids: 20, Asks: 20
[1788896315492] TUI Render Frame -> Synced: true, Seq ID: 1788896313070000000, Bids: 20, Asks: 20
[1788896315541] TUI Render Frame -> Synced: true, Seq ID: 1788896313070000000, Bids: 20, Asks: 20
[1788896315591] TUI Render Frame -> Synced: true, Seq ID: 1788896313070000000, Bids: 20, Asks: 20
[1788896315641] TUI Render Frame -> Synced: true, Seq ID: 1788896313070000000, Bids: 20, Asks: 20
[1788896315691] TUI Render Frame -> Synced: true, Seq ID: 1788896313070000000, Bids: 20, Asks: 20
[1788896315741] TUI Render Frame -> Synced: true, Seq ID: 1788896313070000000, Bids: 20, Asks: 20
[1788896315791] TUI Render Frame -> Synced: true, Seq ID: 1788896313070000000, Bids: 20, Asks: 20
[1788896315841] TUI Render Frame -> Synced: true, Seq ID: 1788896313070000000, Bids: 20, Asks: 20
[1788896315891] TUI Render Frame -> Synced: true, Seq ID: 1788896313070000000, Bids: 20, Asks: 20
[1788896315941] TUI Render Frame -> Synced: true, Seq ID: 1788896313070000000, Bids: 20, Asks: 20
[1788896315992] TUI Render Frame -> Synced: true, Seq ID: 1788896313070000000, Bids: 20, Asks: 20
[1788896316042] TUI Render Frame -> Synced: true, Seq ID: 1788896313070000000, Bids: 20, Asks: 20
[1788896316091] TUI Render Frame -> Synced: true, Seq ID: 1788896313070000000, Bids: 20, Asks: 20
[1788896316141] TUI Render Frame -> Synced: true, Seq ID: 1788896313070000000, Bids: 20, Asks: 20
[1788896316192] TUI Render Frame -> Synced: true, Seq ID: 1788896313070000000, Bids: 20, Asks: 20
[1788896316241] TUI Render Frame -> Synced: true, Seq ID: 1788896313070000000, Bids: 20, Asks: 20
[1788896316291] TUI Render Frame -> Synced: true, Seq ID: 1788896313070000000, Bids: 20, Asks: 20
[1788896316342] TUI Render Frame -> Synced: true, Seq ID: 1788896313070000000, Bids: 20, Asks: 20
[1788896316391] TUI Render Frame -> Synced: true, Seq ID: 1788896313070000000, Bids: 20, Asks: 20
[1788896316442] TUI Render Frame -> Synced: true, Seq ID: 1788896313070000000, Bids: 20, Asks: 20
[1788896316492] TUI Render Frame -> Synced: true, Seq ID: 1788896313070000000, Bids: 20, Asks: 20
[1788896316541] TUI Render Frame -> Synced: true, Seq ID: 1788896313070000000, Bids: 20, Asks: 20
[1788896316592] TUI Render Frame -> Synced: true, Seq ID: 1788896313070000000, Bids: 20, Asks: 20
[1788896316641] TUI Render Frame -> Synced: true, Seq ID: 1788896313070000000, Bids: 20, Asks: 20
[1788896316692] TUI Render Frame -> Synced: true, Seq ID: 1788896313070000000, Bids: 20, Asks: 20
[1788896316741] TUI Render Frame -> Synced: true, Seq ID: 1788896313070000000, Bids: 20, Asks: 20
[1788896316791] TUI Render Frame -> Synced: true, Seq ID: 1788896313070000000, Bids: 20, Asks: 20
[1788896316842] TUI Render Frame -> Synced: true, Seq ID: 1788896313070000000, Bids: 20, Asks: 20
[1788896316891] TUI Render Frame -> Synced: true, Seq ID: 1788896313070000000, Bids: 20, Asks: 20
[1788896316942] TUI Render Frame -> Synced: true, Seq ID: 1788896313070000000, Bids: 20, Asks: 20
[1788896316992] TUI Render Frame -> Synced: true, Seq ID: 1788896313070000000, Bids: 20, Asks: 20
[1788896317041] TUI Render Frame -> Synced: true, Seq ID: 1788896313070000000, Bids: 20, Asks: 20
[1788896317092] TUI Render Frame -> Synced: true, Seq ID: 1788896313070000000, Bids: 20, Asks: 20
[1788896317141] TUI Render Frame -> Synced: true, Seq ID: 1788896313070000000, Bids: 20, Asks: 20
[1788896317192] TUI Render Frame -> Synced: true, Seq ID: 1788896313070000000, Bids: 20, Asks: 20
[1788896317241] TUI Render Frame -> Synced: true, Seq ID: 1788896313070000000, Bids: 20, Asks: 20
[1788896317292] TUI Render Frame -> Synced: true, Seq ID: 1788896313070000000, Bids: 20, Asks: 20
[1788896317341] TUI Render Frame -> Synced: true, Seq ID: 1788896313070000000, Bids: 20, Asks: 20
[1788896317392] TUI Render Frame -> Synced: true, Seq ID: 1788896313070000000, Bids: 20, Asks: 20
[1788896317442] TUI Render Frame -> Synced: true, Seq ID: 1788896313070000000, Bids: 20, Asks: 20
[1788896317491] TUI Render Frame -> Synced: true, Seq ID: 1788896313070000000, Bids: 20, Asks: 20
[1788896317541] TUI Render Frame -> Synced: true, Seq ID: 1788896313070000000, Bids: 20, Asks: 20
[1788896317592] TUI Render Frame -> Synced: true, Seq ID: 1788896313070000000, Bids: 20, Asks: 20
[1788896317642] TUI Render Frame -> Synced: true, Seq ID: 1788896313070000000, Bids: 20, Asks: 20
[1788896317691] TUI Render Frame -> Synced: true, Seq ID: 1788896313070000000, Bids: 20, Asks: 20
[1788896317742] TUI Render Frame -> Synced: true, Seq ID: 1788896313070000000, Bids: 20, Asks: 20
[1788896317792] TUI Render Frame -> Synced: true, Seq ID: 1788896313070000000, Bids: 20, Asks: 20
[1788896317841] TUI Render Frame -> Synced: true, Seq ID: 1788896313070000000, Bids: 20, Asks: 20
[1788896317892] TUI Render Frame -> Synced: true, Seq ID: 1788896313070000000, Bids: 20, Asks: 20
[1788896317942] TUI Render Frame -> Synced: true, Seq ID: 1788896313070000000, Bids: 20, Asks: 20
[1788896317991] TUI Render Frame -> Synced: true, Seq ID: 1788896313070000000, Bids: 20, Asks: 20
[1788896318041] TUI Render Frame -> Synced: true, Seq ID: 1788896313070000000, Bids: 20, Asks: 20
[1788896318092] TUI Render Frame -> Synced: true, Seq ID: 1788896313070000000, Bids: 20, Asks: 20
[1788896318141] TUI Render Frame -> Synced: true, Seq ID: 1788896313070000000, Bids: 20, Asks: 20
[1788896318191] TUI Render Frame -> Synced: true, Seq ID: 1788896313070000000, Bids: 20, Asks: 20
[1788896318241] TUI Render Frame -> Synced: true, Seq ID: 1788896313070000000, Bids: 20, Asks: 20
[1788896318292] TUI Render Frame -> Synced: true, Seq ID: 1788896313070000000, Bids: 20, Asks: 20
[1788896318341] TUI Render Frame -> Synced: true, Seq ID: 1788896313070000000, Bids: 20, Asks: 20
[1788896318391] TUI Render Frame -> Synced: true, Seq ID: 1788896313070000000, Bids: 20, Asks: 20
[1788896318441] TUI Render Frame -> Synced: true, Seq ID: 1788896313070000000, Bids: 20, Asks: 20
[1788896318491] TUI Render Frame -> Synced: true, Seq ID: 1788896313070000000, Bids: 20, Asks: 20
[1788896318541] TUI Render Frame -> Synced: true, Seq ID: 1788896313070000000, Bids: 20, Asks: 20
[1788896318592] TUI Render Frame -> Synced: true, Seq ID: 1788896313070000000, Bids: 20, Asks: 20
[1788896318641] TUI Render Frame -> Synced: true, Seq ID: 1788896313070000000, Bids: 20, Asks: 20
[1788896318669] Msg #73: Depth received | Bids: 20, Asks: 20, Timestamp ID: 1788896318238000000
[1788896318669] Reconciler book exists: true
[1788896318669] ui_tx.send status: true, receiver count: 1
[1788896318692] TUI Render Frame -> Synced: true, Seq ID: 1788896318238000000, Bids: 20, Asks: 20
[1788896318741] TUI Render Frame -> Synced: true, Seq ID: 1788896318238000000, Bids: 20, Asks: 20
[1788896318792] TUI Render Frame -> Synced: true, Seq ID: 1788896318238000000, Bids: 20, Asks: 20
[1788896318841] TUI Render Frame -> Synced: true, Seq ID: 1788896318238000000, Bids: 20, Asks: 20
[1788896318891] TUI Render Frame -> Synced: true, Seq ID: 1788896318238000000, Bids: 20, Asks: 20
[1788896318941] TUI Render Frame -> Synced: true, Seq ID: 1788896318238000000, Bids: 20, Asks: 20
[1788896318991] TUI Render Frame -> Synced: true, Seq ID: 1788896318238000000, Bids: 20, Asks: 20
[1788896319042] TUI Render Frame -> Synced: true, Seq ID: 1788896318238000000, Bids: 20, Asks: 20
[1788896319091] TUI Render Frame -> Synced: true, Seq ID: 1788896318238000000, Bids: 20, Asks: 20
[1788896319141] TUI Render Frame -> Synced: true, Seq ID: 1788896318238000000, Bids: 20, Asks: 20
[1788896319191] TUI Render Frame -> Synced: true, Seq ID: 1788896318238000000, Bids: 20, Asks: 20
[1788896319242] TUI Render Frame -> Synced: true, Seq ID: 1788896318238000000, Bids: 20, Asks: 20
[1788896319291] TUI Render Frame -> Synced: true, Seq ID: 1788896318238000000, Bids: 20, Asks: 20
[1788896319341] TUI Render Frame -> Synced: true, Seq ID: 1788896318238000000, Bids: 20, Asks: 20
[1788896319391] TUI Render Frame -> Synced: true, Seq ID: 1788896318238000000, Bids: 20, Asks: 20
[1788896319442] TUI Render Frame -> Synced: true, Seq ID: 1788896318238000000, Bids: 20, Asks: 20
[1788896319491] TUI Render Frame -> Synced: true, Seq ID: 1788896318238000000, Bids: 20, Asks: 20
[1788896319542] TUI Render Frame -> Synced: true, Seq ID: 1788896318238000000, Bids: 20, Asks: 20
[1788896319591] TUI Render Frame -> Synced: true, Seq ID: 1788896318238000000, Bids: 20, Asks: 20
[1788896319642] TUI Render Frame -> Synced: true, Seq ID: 1788896318238000000, Bids: 20, Asks: 20
[1788896319691] TUI Render Frame -> Synced: true, Seq ID: 1788896318238000000, Bids: 20, Asks: 20
[1788896319742] TUI Render Frame -> Synced: true, Seq ID: 1788896318238000000, Bids: 20, Asks: 20
[1788896319792] TUI Render Frame -> Synced: true, Seq ID: 1788896318238000000, Bids: 20, Asks: 20
[1788896319842] TUI Render Frame -> Synced: true, Seq ID: 1788896318238000000, Bids: 20, Asks: 20
[1788896319892] TUI Render Frame -> Synced: true, Seq ID: 1788896318238000000, Bids: 20, Asks: 20
[1788896319942] TUI Render Frame -> Synced: true, Seq ID: 1788896318238000000, Bids: 20, Asks: 20
[1788896319991] TUI Render Frame -> Synced: true, Seq ID: 1788896318238000000, Bids: 20, Asks: 20
[1788896320041] TUI Render Frame -> Synced: true, Seq ID: 1788896318238000000, Bids: 20, Asks: 20
[1788896320091] TUI Render Frame -> Synced: true, Seq ID: 1788896318238000000, Bids: 20, Asks: 20
[1788896320140] TUI Render Frame -> Synced: true, Seq ID: 1788896318238000000, Bids: 20, Asks: 20
[1788896320192] TUI Render Frame -> Synced: true, Seq ID: 1788896318238000000, Bids: 20, Asks: 20
[1788896320240] TUI Render Frame -> Synced: true, Seq ID: 1788896318238000000, Bids: 20, Asks: 20
[1788896320291] TUI Render Frame -> Synced: true, Seq ID: 1788896318238000000, Bids: 20, Asks: 20
[1788896320342] TUI Render Frame -> Synced: true, Seq ID: 1788896318238000000, Bids: 20, Asks: 20
[1788896320392] TUI Render Frame -> Synced: true, Seq ID: 1788896318238000000, Bids: 20, Asks: 20
[1788896320441] TUI Render Frame -> Synced: true, Seq ID: 1788896318238000000, Bids: 20, Asks: 20
[1788896320492] TUI Render Frame -> Synced: true, Seq ID: 1788896318238000000, Bids: 20, Asks: 20
[1788896320542] TUI Render Frame -> Synced: true, Seq ID: 1788896318238000000, Bids: 20, Asks: 20
[1788896320592] TUI Render Frame -> Synced: true, Seq ID: 1788896318238000000, Bids: 20, Asks: 20
[1788896320642] TUI Render Frame -> Synced: true, Seq ID: 1788896318238000000, Bids: 20, Asks: 20
[1788896320692] TUI Render Frame -> Synced: true, Seq ID: 1788896318238000000, Bids: 20, Asks: 20
[1788896320742] TUI Render Frame -> Synced: true, Seq ID: 1788896318238000000, Bids: 20, Asks: 20
[1788896320792] TUI Render Frame -> Synced: true, Seq ID: 1788896318238000000, Bids: 20, Asks: 20
[1788896320841] TUI Render Frame -> Synced: true, Seq ID: 1788896318238000000, Bids: 20, Asks: 20
[1788896320891] TUI Render Frame -> Synced: true, Seq ID: 1788896318238000000, Bids: 20, Asks: 20
[1788896320942] TUI Render Frame -> Synced: true, Seq ID: 1788896318238000000, Bids: 20, Asks: 20
[1788896320992] TUI Render Frame -> Synced: true, Seq ID: 1788896318238000000, Bids: 20, Asks: 20
[1788896321041] TUI Render Frame -> Synced: true, Seq ID: 1788896318238000000, Bids: 20, Asks: 20
[1788896321092] TUI Render Frame -> Synced: true, Seq ID: 1788896318238000000, Bids: 20, Asks: 20
[1788896321142] TUI Render Frame -> Synced: true, Seq ID: 1788896318238000000, Bids: 20, Asks: 20
[1788896321192] TUI Render Frame -> Synced: true, Seq ID: 1788896318238000000, Bids: 20, Asks: 20
[1788896321242] TUI Render Frame -> Synced: true, Seq ID: 1788896318238000000, Bids: 20, Asks: 20
[1788896321292] TUI Render Frame -> Synced: true, Seq ID: 1788896318238000000, Bids: 20, Asks: 20
[1788896321342] TUI Render Frame -> Synced: true, Seq ID: 1788896318238000000, Bids: 20, Asks: 20
[1788896321391] TUI Render Frame -> Synced: true, Seq ID: 1788896318238000000, Bids: 20, Asks: 20
[1788896321442] TUI Render Frame -> Synced: true, Seq ID: 1788896318238000000, Bids: 20, Asks: 20
[1788896321492] TUI Render Frame -> Synced: true, Seq ID: 1788896318238000000, Bids: 20, Asks: 20
[1788896321542] TUI Render Frame -> Synced: true, Seq ID: 1788896318238000000, Bids: 20, Asks: 20
[1788896321591] TUI Render Frame -> Synced: true, Seq ID: 1788896318238000000, Bids: 20, Asks: 20
[1788896321642] TUI Render Frame -> Synced: true, Seq ID: 1788896318238000000, Bids: 20, Asks: 20
[1788896321692] TUI Render Frame -> Synced: true, Seq ID: 1788896318238000000, Bids: 20, Asks: 20
[1788896321742] TUI Render Frame -> Synced: true, Seq ID: 1788896318238000000, Bids: 20, Asks: 20
[1788896321791] TUI Render Frame -> Synced: true, Seq ID: 1788896318238000000, Bids: 20, Asks: 20
[1788896321842] TUI Render Frame -> Synced: true, Seq ID: 1788896318238000000, Bids: 20, Asks: 20
[1788896321892] TUI Render Frame -> Synced: true, Seq ID: 1788896318238000000, Bids: 20, Asks: 20
[1788896321941] TUI Render Frame -> Synced: true, Seq ID: 1788896318238000000, Bids: 20, Asks: 20
[1788896321991] TUI Render Frame -> Synced: true, Seq ID: 1788896318238000000, Bids: 20, Asks: 20
[1788896322041] TUI Render Frame -> Synced: true, Seq ID: 1788896318238000000, Bids: 20, Asks: 20
[1788896322092] TUI Render Frame -> Synced: true, Seq ID: 1788896318238000000, Bids: 20, Asks: 20
[1788896322141] TUI Render Frame -> Synced: true, Seq ID: 1788896318238000000, Bids: 20, Asks: 20
[1788896322191] TUI Render Frame -> Synced: true, Seq ID: 1788896318238000000, Bids: 20, Asks: 20
[1788896322242] TUI Render Frame -> Synced: true, Seq ID: 1788896318238000000, Bids: 20, Asks: 20
[1788896322292] TUI Render Frame -> Synced: true, Seq ID: 1788896318238000000, Bids: 20, Asks: 20
[1788896322342] TUI Render Frame -> Synced: true, Seq ID: 1788896318238000000, Bids: 20, Asks: 20
[1788896322391] TUI Render Frame -> Synced: true, Seq ID: 1788896318238000000, Bids: 20, Asks: 20
[1788896322441] TUI Render Frame -> Synced: true, Seq ID: 1788896318238000000, Bids: 20, Asks: 20
[1788896322491] TUI Render Frame -> Synced: true, Seq ID: 1788896318238000000, Bids: 20, Asks: 20
[1788896322546] TUI Render Frame -> Synced: true, Seq ID: 1788896318238000000, Bids: 20, Asks: 20
[1788896322592] TUI Render Frame -> Synced: true, Seq ID: 1788896318238000000, Bids: 20, Asks: 20
[1788896322642] TUI Render Frame -> Synced: true, Seq ID: 1788896318238000000, Bids: 20, Asks: 20
[1788896322691] TUI Render Frame -> Synced: true, Seq ID: 1788896318238000000, Bids: 20, Asks: 20
[1788896322741] TUI Render Frame -> Synced: true, Seq ID: 1788896318238000000, Bids: 20, Asks: 20
[1788896322792] TUI Render Frame -> Synced: true, Seq ID: 1788896318238000000, Bids: 20, Asks: 20
[1788896322841] TUI Render Frame -> Synced: true, Seq ID: 1788896318238000000, Bids: 20, Asks: 20
[1788896322891] TUI Render Frame -> Synced: true, Seq ID: 1788896318238000000, Bids: 20, Asks: 20
[1788896322941] TUI Render Frame -> Synced: true, Seq ID: 1788896318238000000, Bids: 20, Asks: 20
[1788896322992] TUI Render Frame -> Synced: true, Seq ID: 1788896318238000000, Bids: 20, Asks: 20
[1788896323042] TUI Render Frame -> Synced: true, Seq ID: 1788896318238000000, Bids: 20, Asks: 20
[1788896323092] TUI Render Frame -> Synced: true, Seq ID: 1788896318238000000, Bids: 20, Asks: 20
[1788896323142] TUI Render Frame -> Synced: true, Seq ID: 1788896318238000000, Bids: 20, Asks: 20
[1788896323191] TUI Render Frame -> Synced: true, Seq ID: 1788896318238000000, Bids: 20, Asks: 20
[1788896323242] TUI Render Frame -> Synced: true, Seq ID: 1788896318238000000, Bids: 20, Asks: 20
[1788896323291] TUI Render Frame -> Synced: true, Seq ID: 1788896318238000000, Bids: 20, Asks: 20
[1788896323341] TUI Render Frame -> Synced: true, Seq ID: 1788896318238000000, Bids: 20, Asks: 20
[1788896323391] TUI Render Frame -> Synced: true, Seq ID: 1788896318238000000, Bids: 20, Asks: 20
[1788896323442] TUI Render Frame -> Synced: true, Seq ID: 1788896318238000000, Bids: 20, Asks: 20
[1788896323492] TUI Render Frame -> Synced: true, Seq ID: 1788896318238000000, Bids: 20, Asks: 20
[1788896323542] TUI Render Frame -> Synced: true, Seq ID: 1788896318238000000, Bids: 20, Asks: 20
[1788896323592] TUI Render Frame -> Synced: true, Seq ID: 1788896318238000000, Bids: 20, Asks: 20
[1788896323641] TUI Render Frame -> Synced: true, Seq ID: 1788896318238000000, Bids: 20, Asks: 20
[1788896323692] TUI Render Frame -> Synced: true, Seq ID: 1788896318238000000, Bids: 20, Asks: 20
[1788896323742] TUI Render Frame -> Synced: true, Seq ID: 1788896318238000000, Bids: 20, Asks: 20
[1788896323792] TUI Render Frame -> Synced: true, Seq ID: 1788896318238000000, Bids: 20, Asks: 20
[1788896323842] TUI Render Frame -> Synced: true, Seq ID: 1788896318238000000, Bids: 20, Asks: 20
[1788896323891] TUI Render Frame -> Synced: true, Seq ID: 1788896318238000000, Bids: 20, Asks: 20
[1788896323942] TUI Render Frame -> Synced: true, Seq ID: 1788896318238000000, Bids: 20, Asks: 20
[1788896323992] TUI Render Frame -> Synced: true, Seq ID: 1788896318238000000, Bids: 20, Asks: 20
[1788896324042] TUI Render Frame -> Synced: true, Seq ID: 1788896318238000000, Bids: 20, Asks: 20
[1788896324091] TUI Render Frame -> Synced: true, Seq ID: 1788896318238000000, Bids: 20, Asks: 20
[1788896324098] Msg #74: Depth received | Bids: 20, Asks: 20, Timestamp ID: 1788896323615000000
[1788896324098] Reconciler book exists: true
[1788896324099] ui_tx.send status: true, receiver count: 1
[1788896324142] TUI Render Frame -> Synced: true, Seq ID: 1788896323615000000, Bids: 20, Asks: 20
[1788896324192] TUI Render Frame -> Synced: true, Seq ID: 1788896323615000000, Bids: 20, Asks: 20
[1788896324242] TUI Render Frame -> Synced: true, Seq ID: 1788896323615000000, Bids: 20, Asks: 20
[1788896324292] TUI Render Frame -> Synced: true, Seq ID: 1788896323615000000, Bids: 20, Asks: 20
[1788896324342] TUI Render Frame -> Synced: true, Seq ID: 1788896323615000000, Bids: 20, Asks: 20
[1788896324391] TUI Render Frame -> Synced: true, Seq ID: 1788896323615000000, Bids: 20, Asks: 20
[1788896324442] TUI Render Frame -> Synced: true, Seq ID: 1788896323615000000, Bids: 20, Asks: 20
[1788896324492] TUI Render Frame -> Synced: true, Seq ID: 1788896323615000000, Bids: 20, Asks: 20
[1788896324542] TUI Render Frame -> Synced: true, Seq ID: 1788896323615000000, Bids: 20, Asks: 20
[1788896324591] TUI Render Frame -> Synced: true, Seq ID: 1788896323615000000, Bids: 20, Asks: 20
[1788896324642] TUI Render Frame -> Synced: true, Seq ID: 1788896323615000000, Bids: 20, Asks: 20
[1788896324692] TUI Render Frame -> Synced: true, Seq ID: 1788896323615000000, Bids: 20, Asks: 20
[1788896324741] TUI Render Frame -> Synced: true, Seq ID: 1788896323615000000, Bids: 20, Asks: 20
[1788896324790] TUI Render Frame -> Synced: true, Seq ID: 1788896323615000000, Bids: 20, Asks: 20
[1788896324842] TUI Render Frame -> Synced: true, Seq ID: 1788896323615000000, Bids: 20, Asks: 20
[1788896324892] TUI Render Frame -> Synced: true, Seq ID: 1788896323615000000, Bids: 20, Asks: 20
[1788896324941] TUI Render Frame -> Synced: true, Seq ID: 1788896323615000000, Bids: 20, Asks: 20
[1788896324992] TUI Render Frame -> Synced: true, Seq ID: 1788896323615000000, Bids: 20, Asks: 20
[1788896325041] TUI Render Frame -> Synced: true, Seq ID: 1788896323615000000, Bids: 20, Asks: 20
[1788896325091] TUI Render Frame -> Synced: true, Seq ID: 1788896323615000000, Bids: 20, Asks: 20
[1788896325142] TUI Render Frame -> Synced: true, Seq ID: 1788896323615000000, Bids: 20, Asks: 20
[1788896325192] TUI Render Frame -> Synced: true, Seq ID: 1788896323615000000, Bids: 20, Asks: 20
[1788896325241] TUI Render Frame -> Synced: true, Seq ID: 1788896323615000000, Bids: 20, Asks: 20
[1788896325291] TUI Render Frame -> Synced: true, Seq ID: 1788896323615000000, Bids: 20, Asks: 20
[1788896325341] TUI Render Frame -> Synced: true, Seq ID: 1788896323615000000, Bids: 20, Asks: 20
[1788896325392] TUI Render Frame -> Synced: true, Seq ID: 1788896323615000000, Bids: 20, Asks: 20
[1788896325442] TUI Render Frame -> Synced: true, Seq ID: 1788896323615000000, Bids: 20, Asks: 20
[1788896325492] TUI Render Frame -> Synced: true, Seq ID: 1788896323615000000, Bids: 20, Asks: 20
[1788896325542] TUI Render Frame -> Synced: true, Seq ID: 1788896323615000000, Bids: 20, Asks: 20
[1788896325591] TUI Render Frame -> Synced: true, Seq ID: 1788896323615000000, Bids: 20, Asks: 20
[1788896325642] TUI Render Frame -> Synced: true, Seq ID: 1788896323615000000, Bids: 20, Asks: 20
[1788896325691] TUI Render Frame -> Synced: true, Seq ID: 1788896323615000000, Bids: 20, Asks: 20
[1788896325743] TUI Render Frame -> Synced: true, Seq ID: 1788896323615000000, Bids: 20, Asks: 20
[1788896325792] TUI Render Frame -> Synced: true, Seq ID: 1788896323615000000, Bids: 20, Asks: 20
[1788896325842] TUI Render Frame -> Synced: true, Seq ID: 1788896323615000000, Bids: 20, Asks: 20
[1788896325894] TUI Render Frame -> Synced: true, Seq ID: 1788896323615000000, Bids: 20, Asks: 20
[1788896325941] TUI Render Frame -> Synced: true, Seq ID: 1788896323615000000, Bids: 20, Asks: 20
[1788896325992] TUI Render Frame -> Synced: true, Seq ID: 1788896323615000000, Bids: 20, Asks: 20
[1788896326042] TUI Render Frame -> Synced: true, Seq ID: 1788896323615000000, Bids: 20, Asks: 20
[1788896326091] TUI Render Frame -> Synced: true, Seq ID: 1788896323615000000, Bids: 20, Asks: 20
[1788896326141] TUI Render Frame -> Synced: true, Seq ID: 1788896323615000000, Bids: 20, Asks: 20
[1788896326191] TUI Render Frame -> Synced: true, Seq ID: 1788896323615000000, Bids: 20, Asks: 20
[1788896326242] TUI Render Frame -> Synced: true, Seq ID: 1788896323615000000, Bids: 20, Asks: 20
[1788896326292] TUI Render Frame -> Synced: true, Seq ID: 1788896323615000000, Bids: 20, Asks: 20
[1788896326341] TUI Render Frame -> Synced: true, Seq ID: 1788896323615000000, Bids: 20, Asks: 20
[1788896326391] TUI Render Frame -> Synced: true, Seq ID: 1788896323615000000, Bids: 20, Asks: 20
[1788896326442] TUI Render Frame -> Synced: true, Seq ID: 1788896323615000000, Bids: 20, Asks: 20
[1788896326492] TUI Render Frame -> Synced: true, Seq ID: 1788896323615000000, Bids: 20, Asks: 20
[1788896326542] TUI Render Frame -> Synced: true, Seq ID: 1788896323615000000, Bids: 20, Asks: 20
[1788896326591] TUI Render Frame -> Synced: true, Seq ID: 1788896323615000000, Bids: 20, Asks: 20
[1788896326642] TUI Render Frame -> Synced: true, Seq ID: 1788896323615000000, Bids: 20, Asks: 20
[1788896326692] TUI Render Frame -> Synced: true, Seq ID: 1788896323615000000, Bids: 20, Asks: 20
[1788896326741] TUI Render Frame -> Synced: true, Seq ID: 1788896323615000000, Bids: 20, Asks: 20
[1788896326791] TUI Render Frame -> Synced: true, Seq ID: 1788896323615000000, Bids: 20, Asks: 20
[1788896326840] TUI Render Frame -> Synced: true, Seq ID: 1788896323615000000, Bids: 20, Asks: 20
[1788896326891] TUI Render Frame -> Synced: true, Seq ID: 1788896323615000000, Bids: 20, Asks: 20
[1788896326941] TUI Render Frame -> Synced: true, Seq ID: 1788896323615000000, Bids: 20, Asks: 20
[1788896326991] TUI Render Frame -> Synced: true, Seq ID: 1788896323615000000, Bids: 20, Asks: 20
[1788896327042] TUI Render Frame -> Synced: true, Seq ID: 1788896323615000000, Bids: 20, Asks: 20
[1788896327091] TUI Render Frame -> Synced: true, Seq ID: 1788896323615000000, Bids: 20, Asks: 20
[1788896327147] TUI Render Frame -> Synced: true, Seq ID: 1788896323615000000, Bids: 20, Asks: 20
[1788896327197] TUI Render Frame -> Synced: true, Seq ID: 1788896323615000000, Bids: 20, Asks: 20
[1788896327242] TUI Render Frame -> Synced: true, Seq ID: 1788896323615000000, Bids: 20, Asks: 20
[1788896327291] TUI Render Frame -> Synced: true, Seq ID: 1788896323615000000, Bids: 20, Asks: 20
[1788896327342] TUI Render Frame -> Synced: true, Seq ID: 1788896323615000000, Bids: 20, Asks: 20
[1788896327392] TUI Render Frame -> Synced: true, Seq ID: 1788896323615000000, Bids: 20, Asks: 20
[1788896327442] TUI Render Frame -> Synced: true, Seq ID: 1788896323615000000, Bids: 20, Asks: 20
[1788896327492] TUI Render Frame -> Synced: true, Seq ID: 1788896323615000000, Bids: 20, Asks: 20
[1788896327542] TUI Render Frame -> Synced: true, Seq ID: 1788896323615000000, Bids: 20, Asks: 20
[1788896327591] TUI Render Frame -> Synced: true, Seq ID: 1788896323615000000, Bids: 20, Asks: 20
[1788896327641] TUI Render Frame -> Synced: true, Seq ID: 1788896323615000000, Bids: 20, Asks: 20
[1788896327691] TUI Render Frame -> Synced: true, Seq ID: 1788896323615000000, Bids: 20, Asks: 20
[1788896327742] TUI Render Frame -> Synced: true, Seq ID: 1788896323615000000, Bids: 20, Asks: 20
[1788896327792] TUI Render Frame -> Synced: true, Seq ID: 1788896323615000000, Bids: 20, Asks: 20
[1788896327842] TUI Render Frame -> Synced: true, Seq ID: 1788896323615000000, Bids: 20, Asks: 20
[1788896327892] TUI Render Frame -> Synced: true, Seq ID: 1788896323615000000, Bids: 20, Asks: 20
[1788896327942] TUI Render Frame -> Synced: true, Seq ID: 1788896323615000000, Bids: 20, Asks: 20
[1788896327991] TUI Render Frame -> Synced: true, Seq ID: 1788896323615000000, Bids: 20, Asks: 20
[1788896328041] TUI Render Frame -> Synced: true, Seq ID: 1788896323615000000, Bids: 20, Asks: 20
[1788896328091] TUI Render Frame -> Synced: true, Seq ID: 1788896323615000000, Bids: 20, Asks: 20
[1788896328142] TUI Render Frame -> Synced: true, Seq ID: 1788896323615000000, Bids: 20, Asks: 20
[1788896328191] TUI Render Frame -> Synced: true, Seq ID: 1788896323615000000, Bids: 20, Asks: 20
[1788896328242] TUI Render Frame -> Synced: true, Seq ID: 1788896323615000000, Bids: 20, Asks: 20
[1788896328292] TUI Render Frame -> Synced: true, Seq ID: 1788896323615000000, Bids: 20, Asks: 20
[1788896328342] TUI Render Frame -> Synced: true, Seq ID: 1788896323615000000, Bids: 20, Asks: 20
[1788896328392] TUI Render Frame -> Synced: true, Seq ID: 1788896323615000000, Bids: 20, Asks: 20
[1788896328441] TUI Render Frame -> Synced: true, Seq ID: 1788896323615000000, Bids: 20, Asks: 20
[1788896328492] TUI Render Frame -> Synced: true, Seq ID: 1788896323615000000, Bids: 20, Asks: 20
[1788896328542] TUI Render Frame -> Synced: true, Seq ID: 1788896323615000000, Bids: 20, Asks: 20
[1788896328592] TUI Render Frame -> Synced: true, Seq ID: 1788896323615000000, Bids: 20, Asks: 20
[1788896328641] TUI Render Frame -> Synced: true, Seq ID: 1788896323615000000, Bids: 20, Asks: 20
[1788896328691] TUI Render Frame -> Synced: true, Seq ID: 1788896323615000000, Bids: 20, Asks: 20
[1788896328742] TUI Render Frame -> Synced: true, Seq ID: 1788896323615000000, Bids: 20, Asks: 20
[1788896328791] TUI Render Frame -> Synced: true, Seq ID: 1788896323615000000, Bids: 20, Asks: 20
[1788896328841] TUI Render Frame -> Synced: true, Seq ID: 1788896323615000000, Bids: 20, Asks: 20
[1788896328891] TUI Render Frame -> Synced: true, Seq ID: 1788896323615000000, Bids: 20, Asks: 20
[1788896328942] TUI Render Frame -> Synced: true, Seq ID: 1788896323615000000, Bids: 20, Asks: 20
[1788896328991] TUI Render Frame -> Synced: true, Seq ID: 1788896323615000000, Bids: 20, Asks: 20
[1788896329042] TUI Render Frame -> Synced: true, Seq ID: 1788896323615000000, Bids: 20, Asks: 20
[1788896329092] TUI Render Frame -> Synced: true, Seq ID: 1788896323615000000, Bids: 20, Asks: 20
[1788896329142] TUI Render Frame -> Synced: true, Seq ID: 1788896323615000000, Bids: 20, Asks: 20
[1788896329192] TUI Render Frame -> Synced: true, Seq ID: 1788896323615000000, Bids: 20, Asks: 20
[1788896329241] TUI Render Frame -> Synced: true, Seq ID: 1788896323615000000, Bids: 20, Asks: 20
[1788896329292] TUI Render Frame -> Synced: true, Seq ID: 1788896323615000000, Bids: 20, Asks: 20
[1788896329341] TUI Render Frame -> Synced: true, Seq ID: 1788896323615000000, Bids: 20, Asks: 20
[1788896329392] TUI Render Frame -> Synced: true, Seq ID: 1788896323615000000, Bids: 20, Asks: 20
[1788896329442] TUI Render Frame -> Synced: true, Seq ID: 1788896323615000000, Bids: 20, Asks: 20
[1788896329492] TUI Render Frame -> Synced: true, Seq ID: 1788896323615000000, Bids: 20, Asks: 20
[1788896329541] TUI Render Frame -> Synced: true, Seq ID: 1788896323615000000, Bids: 20, Asks: 20
[1788896329591] TUI Render Frame -> Synced: true, Seq ID: 1788896323615000000, Bids: 20, Asks: 20
[1788896329641] TUI Render Frame -> Synced: true, Seq ID: 1788896323615000000, Bids: 20, Asks: 20
[1788896329691] TUI Render Frame -> Synced: true, Seq ID: 1788896323615000000, Bids: 20, Asks: 20
[1788896329741] TUI Render Frame -> Synced: true, Seq ID: 1788896323615000000, Bids: 20, Asks: 20
[1788896329748] Msg #75: Depth received | Bids: 20, Asks: 20, Timestamp ID: 1788896328979000000
[1788896329750] Reconciler book exists: true
[1788896329750] ui_tx.send status: true, receiver count: 1
[1788896329791] TUI Render Frame -> Synced: true, Seq ID: 1788896328979000000, Bids: 20, Asks: 20
[1788896329842] TUI Render Frame -> Synced: true, Seq ID: 1788896328979000000, Bids: 20, Asks: 20
[1788896329892] TUI Render Frame -> Synced: true, Seq ID: 1788896328979000000, Bids: 20, Asks: 20
[1788896329941] TUI Render Frame -> Synced: true, Seq ID: 1788896328979000000, Bids: 20, Asks: 20
[1788896329992] TUI Render Frame -> Synced: true, Seq ID: 1788896328979000000, Bids: 20, Asks: 20
[1788896330041] TUI Render Frame -> Synced: true, Seq ID: 1788896328979000000, Bids: 20, Asks: 20
[1788896330091] TUI Render Frame -> Synced: true, Seq ID: 1788896328979000000, Bids: 20, Asks: 20
[1788896330142] TUI Render Frame -> Synced: true, Seq ID: 1788896328979000000, Bids: 20, Asks: 20
[1788896330191] TUI Render Frame -> Synced: true, Seq ID: 1788896328979000000, Bids: 20, Asks: 20
[1788896330244] TUI Render Frame -> Synced: true, Seq ID: 1788896328979000000, Bids: 20, Asks: 20
[1788896330292] TUI Render Frame -> Synced: true, Seq ID: 1788896328979000000, Bids: 20, Asks: 20
[1788896330342] TUI Render Frame -> Synced: true, Seq ID: 1788896328979000000, Bids: 20, Asks: 20
[1788896330391] TUI Render Frame -> Synced: true, Seq ID: 1788896328979000000, Bids: 20, Asks: 20
[1788896330441] TUI Render Frame -> Synced: true, Seq ID: 1788896328979000000, Bids: 20, Asks: 20
[1788896330491] TUI Render Frame -> Synced: true, Seq ID: 1788896328979000000, Bids: 20, Asks: 20
[1788896330542] TUI Render Frame -> Synced: true, Seq ID: 1788896328979000000, Bids: 20, Asks: 20
[1788896330590] TUI Render Frame -> Synced: true, Seq ID: 1788896328979000000, Bids: 20, Asks: 20
[1788896330642] TUI Render Frame -> Synced: true, Seq ID: 1788896328979000000, Bids: 20, Asks: 20
[1788896330692] TUI Render Frame -> Synced: true, Seq ID: 1788896328979000000, Bids: 20, Asks: 20
[1788896330741] TUI Render Frame -> Synced: true, Seq ID: 1788896328979000000, Bids: 20, Asks: 20
[1788896330792] TUI Render Frame -> Synced: true, Seq ID: 1788896328979000000, Bids: 20, Asks: 20
[1788896330842] TUI Render Frame -> Synced: true, Seq ID: 1788896328979000000, Bids: 20, Asks: 20
[1788896330891] TUI Render Frame -> Synced: true, Seq ID: 1788896328979000000, Bids: 20, Asks: 20
[1788896330941] TUI Render Frame -> Synced: true, Seq ID: 1788896328979000000, Bids: 20, Asks: 20
[1788896330992] TUI Render Frame -> Synced: true, Seq ID: 1788896328979000000, Bids: 20, Asks: 20
[1788896331042] TUI Render Frame -> Synced: true, Seq ID: 1788896328979000000, Bids: 20, Asks: 20
[1788896331092] TUI Render Frame -> Synced: true, Seq ID: 1788896328979000000, Bids: 20, Asks: 20
[1788896331142] TUI Render Frame -> Synced: true, Seq ID: 1788896328979000000, Bids: 20, Asks: 20
[1788896331191] TUI Render Frame -> Synced: true, Seq ID: 1788896328979000000, Bids: 20, Asks: 20
[1788896331241] TUI Render Frame -> Synced: true, Seq ID: 1788896328979000000, Bids: 20, Asks: 20
[1788896331292] TUI Render Frame -> Synced: true, Seq ID: 1788896328979000000, Bids: 20, Asks: 20
[1788896331342] TUI Render Frame -> Synced: true, Seq ID: 1788896328979000000, Bids: 20, Asks: 20
[1788896331391] TUI Render Frame -> Synced: true, Seq ID: 1788896328979000000, Bids: 20, Asks: 20
[1788896331441] TUI Render Frame -> Synced: true, Seq ID: 1788896328979000000, Bids: 20, Asks: 20
[1788896331491] TUI Render Frame -> Synced: true, Seq ID: 1788896328979000000, Bids: 20, Asks: 20
[1788896331541] TUI Render Frame -> Synced: true, Seq ID: 1788896328979000000, Bids: 20, Asks: 20
[1788896331592] TUI Render Frame -> Synced: true, Seq ID: 1788896328979000000, Bids: 20, Asks: 20
[1788896331641] TUI Render Frame -> Synced: true, Seq ID: 1788896328979000000, Bids: 20, Asks: 20
[1788896331691] TUI Render Frame -> Synced: true, Seq ID: 1788896328979000000, Bids: 20, Asks: 20
[1788896331742] TUI Render Frame -> Synced: true, Seq ID: 1788896328979000000, Bids: 20, Asks: 20
[1788896331791] TUI Render Frame -> Synced: true, Seq ID: 1788896328979000000, Bids: 20, Asks: 20
[1788896331842] TUI Render Frame -> Synced: true, Seq ID: 1788896328979000000, Bids: 20, Asks: 20
[1788896331891] TUI Render Frame -> Synced: true, Seq ID: 1788896328979000000, Bids: 20, Asks: 20
[1788896331942] TUI Render Frame -> Synced: true, Seq ID: 1788896328979000000, Bids: 20, Asks: 20
[1788896331992] TUI Render Frame -> Synced: true, Seq ID: 1788896328979000000, Bids: 20, Asks: 20
[1788896332042] TUI Render Frame -> Synced: true, Seq ID: 1788896328979000000, Bids: 20, Asks: 20
[1788896332091] TUI Render Frame -> Synced: true, Seq ID: 1788896328979000000, Bids: 20, Asks: 20
[1788896332142] TUI Render Frame -> Synced: true, Seq ID: 1788896328979000000, Bids: 20, Asks: 20
[1788896332191] TUI Render Frame -> Synced: true, Seq ID: 1788896328979000000, Bids: 20, Asks: 20
[1788896332241] TUI Render Frame -> Synced: true, Seq ID: 1788896328979000000, Bids: 20, Asks: 20
[1788896332291] TUI Render Frame -> Synced: true, Seq ID: 1788896328979000000, Bids: 20, Asks: 20
[1788896332342] TUI Render Frame -> Synced: true, Seq ID: 1788896328979000000, Bids: 20, Asks: 20
[1788896332392] TUI Render Frame -> Synced: true, Seq ID: 1788896328979000000, Bids: 20, Asks: 20
[1788896332441] TUI Render Frame -> Synced: true, Seq ID: 1788896328979000000, Bids: 20, Asks: 20
[1788896332492] TUI Render Frame -> Synced: true, Seq ID: 1788896328979000000, Bids: 20, Asks: 20
[1788896332542] TUI Render Frame -> Synced: true, Seq ID: 1788896328979000000, Bids: 20, Asks: 20
[1788896332591] TUI Render Frame -> Synced: true, Seq ID: 1788896328979000000, Bids: 20, Asks: 20
[1788896332642] TUI Render Frame -> Synced: true, Seq ID: 1788896328979000000, Bids: 20, Asks: 20
[1788896332692] TUI Render Frame -> Synced: true, Seq ID: 1788896328979000000, Bids: 20, Asks: 20
[1788896332742] TUI Render Frame -> Synced: true, Seq ID: 1788896328979000000, Bids: 20, Asks: 20
[1788896332790] TUI Render Frame -> Synced: true, Seq ID: 1788896328979000000, Bids: 20, Asks: 20
[1788896332842] TUI Render Frame -> Synced: true, Seq ID: 1788896328979000000, Bids: 20, Asks: 20
[1788896332892] TUI Render Frame -> Synced: true, Seq ID: 1788896328979000000, Bids: 20, Asks: 20
[1788896332941] TUI Render Frame -> Synced: true, Seq ID: 1788896328979000000, Bids: 20, Asks: 20
[1788896332992] TUI Render Frame -> Synced: true, Seq ID: 1788896328979000000, Bids: 20, Asks: 20
[1788896333042] TUI Render Frame -> Synced: true, Seq ID: 1788896328979000000, Bids: 20, Asks: 20
[1788896333092] TUI Render Frame -> Synced: true, Seq ID: 1788896328979000000, Bids: 20, Asks: 20
[1788896333142] TUI Render Frame -> Synced: true, Seq ID: 1788896328979000000, Bids: 20, Asks: 20
[1788896333192] TUI Render Frame -> Synced: true, Seq ID: 1788896328979000000, Bids: 20, Asks: 20
[1788896333241] TUI Render Frame -> Synced: true, Seq ID: 1788896328979000000, Bids: 20, Asks: 20
[1788896333292] TUI Render Frame -> Synced: true, Seq ID: 1788896328979000000, Bids: 20, Asks: 20
[1788896333342] TUI Render Frame -> Synced: true, Seq ID: 1788896328979000000, Bids: 20, Asks: 20
[1788896333391] TUI Render Frame -> Synced: true, Seq ID: 1788896328979000000, Bids: 20, Asks: 20
[1788896333442] TUI Render Frame -> Synced: true, Seq ID: 1788896328979000000, Bids: 20, Asks: 20
[1788896333492] TUI Render Frame -> Synced: true, Seq ID: 1788896328979000000, Bids: 20, Asks: 20
[1788896333542] TUI Render Frame -> Synced: true, Seq ID: 1788896328979000000, Bids: 20, Asks: 20
[1788896333591] TUI Render Frame -> Synced: true, Seq ID: 1788896328979000000, Bids: 20, Asks: 20
[1788896333642] TUI Render Frame -> Synced: true, Seq ID: 1788896328979000000, Bids: 20, Asks: 20
[1788896333691] TUI Render Frame -> Synced: true, Seq ID: 1788896328979000000, Bids: 20, Asks: 20
[1788896333741] TUI Render Frame -> Synced: true, Seq ID: 1788896328979000000, Bids: 20, Asks: 20
[1788896333791] TUI Render Frame -> Synced: true, Seq ID: 1788896328979000000, Bids: 20, Asks: 20
[1788896333842] TUI Render Frame -> Synced: true, Seq ID: 1788896328979000000, Bids: 20, Asks: 20
[1788896333892] TUI Render Frame -> Synced: true, Seq ID: 1788896328979000000, Bids: 20, Asks: 20
[1788896333942] TUI Render Frame -> Synced: true, Seq ID: 1788896328979000000, Bids: 20, Asks: 20
[1788896333992] TUI Render Frame -> Synced: true, Seq ID: 1788896328979000000, Bids: 20, Asks: 20
[1788896334041] TUI Render Frame -> Synced: true, Seq ID: 1788896328979000000, Bids: 20, Asks: 20
[1788896334092] TUI Render Frame -> Synced: true, Seq ID: 1788896328979000000, Bids: 20, Asks: 20
[1788896334142] TUI Render Frame -> Synced: true, Seq ID: 1788896328979000000, Bids: 20, Asks: 20
[1788896334192] TUI Render Frame -> Synced: true, Seq ID: 1788896328979000000, Bids: 20, Asks: 20
[1788896334242] TUI Render Frame -> Synced: true, Seq ID: 1788896328979000000, Bids: 20, Asks: 20
[1788896334292] TUI Render Frame -> Synced: true, Seq ID: 1788896328979000000, Bids: 20, Asks: 20
[1788896334342] TUI Render Frame -> Synced: true, Seq ID: 1788896328979000000, Bids: 20, Asks: 20
[1788896334391] TUI Render Frame -> Synced: true, Seq ID: 1788896328979000000, Bids: 20, Asks: 20
[1788896334442] TUI Render Frame -> Synced: true, Seq ID: 1788896328979000000, Bids: 20, Asks: 20
[1788896334492] TUI Render Frame -> Synced: true, Seq ID: 1788896328979000000, Bids: 20, Asks: 20
[1788896334542] TUI Render Frame -> Synced: true, Seq ID: 1788896328979000000, Bids: 20, Asks: 20
[1788896334592] TUI Render Frame -> Synced: true, Seq ID: 1788896328979000000, Bids: 20, Asks: 20
[1788896334641] TUI Render Frame -> Synced: true, Seq ID: 1788896328979000000, Bids: 20, Asks: 20
[1788896334692] TUI Render Frame -> Synced: true, Seq ID: 1788896328979000000, Bids: 20, Asks: 20
[1788896334742] TUI Render Frame -> Synced: true, Seq ID: 1788896328979000000, Bids: 20, Asks: 20
[1788896334792] TUI Render Frame -> Synced: true, Seq ID: 1788896328979000000, Bids: 20, Asks: 20
[1788896334841] TUI Render Frame -> Synced: true, Seq ID: 1788896328979000000, Bids: 20, Asks: 20
[1788896334892] TUI Render Frame -> Synced: true, Seq ID: 1788896328979000000, Bids: 20, Asks: 20
[1788896334911] Msg #76: Depth received | Bids: 20, Asks: 20, Timestamp ID: 1788896334382000000
[1788896334912] Reconciler book exists: true
[1788896334912] ui_tx.send status: true, receiver count: 1
[1788896334942] TUI Render Frame -> Synced: true, Seq ID: 1788896334382000000, Bids: 20, Asks: 20
[1788896334992] TUI Render Frame -> Synced: true, Seq ID: 1788896334382000000, Bids: 20, Asks: 20
[1788896335041] TUI Render Frame -> Synced: true, Seq ID: 1788896334382000000, Bids: 20, Asks: 20
[1788896335092] TUI Render Frame -> Synced: true, Seq ID: 1788896334382000000, Bids: 20, Asks: 20
[1788896335141] TUI Render Frame -> Synced: true, Seq ID: 1788896334382000000, Bids: 20, Asks: 20
[1788896335192] TUI Render Frame -> Synced: true, Seq ID: 1788896334382000000, Bids: 20, Asks: 20
[1788896335242] TUI Render Frame -> Synced: true, Seq ID: 1788896334382000000, Bids: 20, Asks: 20
[1788896335292] TUI Render Frame -> Synced: true, Seq ID: 1788896334382000000, Bids: 20, Asks: 20
[1788896335342] TUI Render Frame -> Synced: true, Seq ID: 1788896334382000000, Bids: 20, Asks: 20
[1788896335392] TUI Render Frame -> Synced: true, Seq ID: 1788896334382000000, Bids: 20, Asks: 20
[1788896335441] TUI Render Frame -> Synced: true, Seq ID: 1788896334382000000, Bids: 20, Asks: 20
[1788896335492] TUI Render Frame -> Synced: true, Seq ID: 1788896334382000000, Bids: 20, Asks: 20
[1788896335541] TUI Render Frame -> Synced: true, Seq ID: 1788896334382000000, Bids: 20, Asks: 20
[1788896335591] TUI Render Frame -> Synced: true, Seq ID: 1788896334382000000, Bids: 20, Asks: 20
[1788896335642] TUI Render Frame -> Synced: true, Seq ID: 1788896334382000000, Bids: 20, Asks: 20
[1788896335692] TUI Render Frame -> Synced: true, Seq ID: 1788896334382000000, Bids: 20, Asks: 20
[1788896335741] TUI Render Frame -> Synced: true, Seq ID: 1788896334382000000, Bids: 20, Asks: 20
[1788896335791] TUI Render Frame -> Synced: true, Seq ID: 1788896334382000000, Bids: 20, Asks: 20
[1788896335842] TUI Render Frame -> Synced: true, Seq ID: 1788896334382000000, Bids: 20, Asks: 20
[1788896335892] TUI Render Frame -> Synced: true, Seq ID: 1788896334382000000, Bids: 20, Asks: 20
[1788896335941] TUI Render Frame -> Synced: true, Seq ID: 1788896334382000000, Bids: 20, Asks: 20
[1788896335991] TUI Render Frame -> Synced: true, Seq ID: 1788896334382000000, Bids: 20, Asks: 20
[1788896336042] TUI Render Frame -> Synced: true, Seq ID: 1788896334382000000, Bids: 20, Asks: 20
[1788896336091] TUI Render Frame -> Synced: true, Seq ID: 1788896334382000000, Bids: 20, Asks: 20
[1788896336142] TUI Render Frame -> Synced: true, Seq ID: 1788896334382000000, Bids: 20, Asks: 20
[1788896336192] TUI Render Frame -> Synced: true, Seq ID: 1788896334382000000, Bids: 20, Asks: 20
[1788896336242] TUI Render Frame -> Synced: true, Seq ID: 1788896334382000000, Bids: 20, Asks: 20
[1788896336291] TUI Render Frame -> Synced: true, Seq ID: 1788896334382000000, Bids: 20, Asks: 20
[1788896336342] TUI Render Frame -> Synced: true, Seq ID: 1788896334382000000, Bids: 20, Asks: 20
[1788896336395] TUI Render Frame -> Synced: true, Seq ID: 1788896334382000000, Bids: 20, Asks: 20
[1788896336441] TUI Render Frame -> Synced: true, Seq ID: 1788896334382000000, Bids: 20, Asks: 20
[1788896336491] TUI Render Frame -> Synced: true, Seq ID: 1788896334382000000, Bids: 20, Asks: 20
[1788896336542] TUI Render Frame -> Synced: true, Seq ID: 1788896334382000000, Bids: 20, Asks: 20
[1788896336592] TUI Render Frame -> Synced: true, Seq ID: 1788896334382000000, Bids: 20, Asks: 20
[1788896336642] TUI Render Frame -> Synced: true, Seq ID: 1788896334382000000, Bids: 20, Asks: 20
[1788896336691] TUI Render Frame -> Synced: true, Seq ID: 1788896334382000000, Bids: 20, Asks: 20
[1788896336741] TUI Render Frame -> Synced: true, Seq ID: 1788896334382000000, Bids: 20, Asks: 20
[1788896336791] TUI Render Frame -> Synced: true, Seq ID: 1788896334382000000, Bids: 20, Asks: 20
[1788896336842] TUI Render Frame -> Synced: true, Seq ID: 1788896334382000000, Bids: 20, Asks: 20
[1788896336891] TUI Render Frame -> Synced: true, Seq ID: 1788896334382000000, Bids: 20, Asks: 20
[1788896336942] TUI Render Frame -> Synced: true, Seq ID: 1788896334382000000, Bids: 20, Asks: 20
[1788896336992] TUI Render Frame -> Synced: true, Seq ID: 1788896334382000000, Bids: 20, Asks: 20
[1788896337041] TUI Render Frame -> Synced: true, Seq ID: 1788896334382000000, Bids: 20, Asks: 20
[1788896337092] TUI Render Frame -> Synced: true, Seq ID: 1788896334382000000, Bids: 20, Asks: 20
[1788896337142] TUI Render Frame -> Synced: true, Seq ID: 1788896334382000000, Bids: 20, Asks: 20
[1788896337191] TUI Render Frame -> Synced: true, Seq ID: 1788896334382000000, Bids: 20, Asks: 20
[1788896337241] TUI Render Frame -> Synced: true, Seq ID: 1788896334382000000, Bids: 20, Asks: 20
[1788896337292] TUI Render Frame -> Synced: true, Seq ID: 1788896334382000000, Bids: 20, Asks: 20
[1788896337341] TUI Render Frame -> Synced: true, Seq ID: 1788896334382000000, Bids: 20, Asks: 20
[1788896337392] TUI Render Frame -> Synced: true, Seq ID: 1788896334382000000, Bids: 20, Asks: 20
[1788896337442] TUI Render Frame -> Synced: true, Seq ID: 1788896334382000000, Bids: 20, Asks: 20
[1788896337491] TUI Render Frame -> Synced: true, Seq ID: 1788896334382000000, Bids: 20, Asks: 20
[1788896337541] TUI Render Frame -> Synced: true, Seq ID: 1788896334382000000, Bids: 20, Asks: 20
[1788896337590] TUI Render Frame -> Synced: true, Seq ID: 1788896334382000000, Bids: 20, Asks: 20
[1788896337641] TUI Render Frame -> Synced: true, Seq ID: 1788896334382000000, Bids: 20, Asks: 20
[1788896337692] TUI Render Frame -> Synced: true, Seq ID: 1788896334382000000, Bids: 20, Asks: 20
[1788896337742] TUI Render Frame -> Synced: true, Seq ID: 1788896334382000000, Bids: 20, Asks: 20
[1788896337791] TUI Render Frame -> Synced: true, Seq ID: 1788896334382000000, Bids: 20, Asks: 20
[1788896337841] TUI Render Frame -> Synced: true, Seq ID: 1788896334382000000, Bids: 20, Asks: 20
[1788896337892] TUI Render Frame -> Synced: true, Seq ID: 1788896334382000000, Bids: 20, Asks: 20
[1788896337942] TUI Render Frame -> Synced: true, Seq ID: 1788896334382000000, Bids: 20, Asks: 20
[1788896337992] TUI Render Frame -> Synced: true, Seq ID: 1788896334382000000, Bids: 20, Asks: 20
[1788896338041] TUI Render Frame -> Synced: true, Seq ID: 1788896334382000000, Bids: 20, Asks: 20
[1788896338092] TUI Render Frame -> Synced: true, Seq ID: 1788896334382000000, Bids: 20, Asks: 20
[1788896338142] TUI Render Frame -> Synced: true, Seq ID: 1788896334382000000, Bids: 20, Asks: 20
[1788896338191] TUI Render Frame -> Synced: true, Seq ID: 1788896334382000000, Bids: 20, Asks: 20
[1788896338242] TUI Render Frame -> Synced: true, Seq ID: 1788896334382000000, Bids: 20, Asks: 20
[1788896338292] TUI Render Frame -> Synced: true, Seq ID: 1788896334382000000, Bids: 20, Asks: 20
[1788896338342] TUI Render Frame -> Synced: true, Seq ID: 1788896334382000000, Bids: 20, Asks: 20
[1788896338391] TUI Render Frame -> Synced: true, Seq ID: 1788896334382000000, Bids: 20, Asks: 20
[1788896338442] TUI Render Frame -> Synced: true, Seq ID: 1788896334382000000, Bids: 20, Asks: 20
[1788896338491] TUI Render Frame -> Synced: true, Seq ID: 1788896334382000000, Bids: 20, Asks: 20
[1788896338542] TUI Render Frame -> Synced: true, Seq ID: 1788896334382000000, Bids: 20, Asks: 20
[1788896338592] TUI Render Frame -> Synced: true, Seq ID: 1788896334382000000, Bids: 20, Asks: 20
[1788896338642] TUI Render Frame -> Synced: true, Seq ID: 1788896334382000000, Bids: 20, Asks: 20
[1788896338691] TUI Render Frame -> Synced: true, Seq ID: 1788896334382000000, Bids: 20, Asks: 20
[1788896338742] TUI Render Frame -> Synced: true, Seq ID: 1788896334382000000, Bids: 20, Asks: 20
[1788896338792] TUI Render Frame -> Synced: true, Seq ID: 1788896334382000000, Bids: 20, Asks: 20
[1788896338841] TUI Render Frame -> Synced: true, Seq ID: 1788896334382000000, Bids: 20, Asks: 20
[1788896338892] TUI Render Frame -> Synced: true, Seq ID: 1788896334382000000, Bids: 20, Asks: 20
[1788896338941] TUI Render Frame -> Synced: true, Seq ID: 1788896334382000000, Bids: 20, Asks: 20
[1788896338992] TUI Render Frame -> Synced: true, Seq ID: 1788896334382000000, Bids: 20, Asks: 20
[1788896339042] TUI Render Frame -> Synced: true, Seq ID: 1788896334382000000, Bids: 20, Asks: 20
[1788896339092] TUI Render Frame -> Synced: true, Seq ID: 1788896334382000000, Bids: 20, Asks: 20
[1788896339142] TUI Render Frame -> Synced: true, Seq ID: 1788896334382000000, Bids: 20, Asks: 20
[1788896339191] TUI Render Frame -> Synced: true, Seq ID: 1788896334382000000, Bids: 20, Asks: 20
[1788896339241] TUI Render Frame -> Synced: true, Seq ID: 1788896334382000000, Bids: 20, Asks: 20
[1788896339292] TUI Render Frame -> Synced: true, Seq ID: 1788896334382000000, Bids: 20, Asks: 20
[1788896339342] TUI Render Frame -> Synced: true, Seq ID: 1788896334382000000, Bids: 20, Asks: 20
[1788896339391] TUI Render Frame -> Synced: true, Seq ID: 1788896334382000000, Bids: 20, Asks: 20
[1788896339441] TUI Render Frame -> Synced: true, Seq ID: 1788896334382000000, Bids: 20, Asks: 20
[1788896339492] TUI Render Frame -> Synced: true, Seq ID: 1788896334382000000, Bids: 20, Asks: 20
[1788896339541] TUI Render Frame -> Synced: true, Seq ID: 1788896334382000000, Bids: 20, Asks: 20
[1788896339592] TUI Render Frame -> Synced: true, Seq ID: 1788896334382000000, Bids: 20, Asks: 20
[1788896339641] TUI Render Frame -> Synced: true, Seq ID: 1788896334382000000, Bids: 20, Asks: 20
[1788896339692] TUI Render Frame -> Synced: true, Seq ID: 1788896334382000000, Bids: 20, Asks: 20
[1788896339742] TUI Render Frame -> Synced: true, Seq ID: 1788896334382000000, Bids: 20, Asks: 20
[1788896339791] TUI Render Frame -> Synced: true, Seq ID: 1788896334382000000, Bids: 20, Asks: 20
[1788896339840] TUI Render Frame -> Synced: true, Seq ID: 1788896334382000000, Bids: 20, Asks: 20
[1788896339892] TUI Render Frame -> Synced: true, Seq ID: 1788896334382000000, Bids: 20, Asks: 20
[1788896339941] TUI Render Frame -> Synced: true, Seq ID: 1788896334382000000, Bids: 20, Asks: 20
[1788896339991] TUI Render Frame -> Synced: true, Seq ID: 1788896334382000000, Bids: 20, Asks: 20
[1788896340042] TUI Render Frame -> Synced: true, Seq ID: 1788896334382000000, Bids: 20, Asks: 20
[1788896340091] TUI Render Frame -> Synced: true, Seq ID: 1788896334382000000, Bids: 20, Asks: 20
[1788896340142] TUI Render Frame -> Synced: true, Seq ID: 1788896334382000000, Bids: 20, Asks: 20
[1788896340192] TUI Render Frame -> Synced: true, Seq ID: 1788896334382000000, Bids: 20, Asks: 20
[1788896340242] TUI Render Frame -> Synced: true, Seq ID: 1788896334382000000, Bids: 20, Asks: 20
[1788896340285] Msg #77: Depth received | Bids: 20, Asks: 20, Timestamp ID: 1788896339847000000
[1788896340285] Reconciler book exists: true
[1788896340285] ui_tx.send status: true, receiver count: 1
[1788896340291] TUI Render Frame -> Synced: true, Seq ID: 1788896339847000000, Bids: 20, Asks: 20
[1788896340341] TUI Render Frame -> Synced: true, Seq ID: 1788896339847000000, Bids: 20, Asks: 20
[1788896340392] TUI Render Frame -> Synced: true, Seq ID: 1788896339847000000, Bids: 20, Asks: 20
[1788896340441] TUI Render Frame -> Synced: true, Seq ID: 1788896339847000000, Bids: 20, Asks: 20
[1788896340491] TUI Render Frame -> Synced: true, Seq ID: 1788896339847000000, Bids: 20, Asks: 20
[1788896340542] TUI Render Frame -> Synced: true, Seq ID: 1788896339847000000, Bids: 20, Asks: 20
[1788896340592] TUI Render Frame -> Synced: true, Seq ID: 1788896339847000000, Bids: 20, Asks: 20
[1788896340642] TUI Render Frame -> Synced: true, Seq ID: 1788896339847000000, Bids: 20, Asks: 20
[1788896340692] TUI Render Frame -> Synced: true, Seq ID: 1788896339847000000, Bids: 20, Asks: 20
[1788896340742] TUI Render Frame -> Synced: true, Seq ID: 1788896339847000000, Bids: 20, Asks: 20
[1788896340791] TUI Render Frame -> Synced: true, Seq ID: 1788896339847000000, Bids: 20, Asks: 20
[1788896340842] TUI Render Frame -> Synced: true, Seq ID: 1788896339847000000, Bids: 20, Asks: 20
[1788896340892] TUI Render Frame -> Synced: true, Seq ID: 1788896339847000000, Bids: 20, Asks: 20
[1788896340941] TUI Render Frame -> Synced: true, Seq ID: 1788896339847000000, Bids: 20, Asks: 20
[1788896340992] TUI Render Frame -> Synced: true, Seq ID: 1788896339847000000, Bids: 20, Asks: 20
[1788896341042] TUI Render Frame -> Synced: true, Seq ID: 1788896339847000000, Bids: 20, Asks: 20
[1788896341092] TUI Render Frame -> Synced: true, Seq ID: 1788896339847000000, Bids: 20, Asks: 20
[1788896341142] TUI Render Frame -> Synced: true, Seq ID: 1788896339847000000, Bids: 20, Asks: 20
[1788896341192] TUI Render Frame -> Synced: true, Seq ID: 1788896339847000000, Bids: 20, Asks: 20
[1788896341241] TUI Render Frame -> Synced: true, Seq ID: 1788896339847000000, Bids: 20, Asks: 20
[1788896341291] TUI Render Frame -> Synced: true, Seq ID: 1788896339847000000, Bids: 20, Asks: 20
[1788896341342] TUI Render Frame -> Synced: true, Seq ID: 1788896339847000000, Bids: 20, Asks: 20
[1788896341392] TUI Render Frame -> Synced: true, Seq ID: 1788896339847000000, Bids: 20, Asks: 20
[1788896341442] TUI Render Frame -> Synced: true, Seq ID: 1788896339847000000, Bids: 20, Asks: 20
[1788896341491] TUI Render Frame -> Synced: true, Seq ID: 1788896339847000000, Bids: 20, Asks: 20
[1788896341542] TUI Render Frame -> Synced: true, Seq ID: 1788896339847000000, Bids: 20, Asks: 20
[1788896341591] TUI Render Frame -> Synced: true, Seq ID: 1788896339847000000, Bids: 20, Asks: 20
[1788896341642] TUI Render Frame -> Synced: true, Seq ID: 1788896339847000000, Bids: 20, Asks: 20
[1788896341691] TUI Render Frame -> Synced: true, Seq ID: 1788896339847000000, Bids: 20, Asks: 20
[1788896341742] TUI Render Frame -> Synced: true, Seq ID: 1788896339847000000, Bids: 20, Asks: 20
[1788896341792] TUI Render Frame -> Synced: true, Seq ID: 1788896339847000000, Bids: 20, Asks: 20
[1788896341842] TUI Render Frame -> Synced: true, Seq ID: 1788896339847000000, Bids: 20, Asks: 20
[1788896341891] TUI Render Frame -> Synced: true, Seq ID: 1788896339847000000, Bids: 20, Asks: 20
[1788896341942] TUI Render Frame -> Synced: true, Seq ID: 1788896339847000000, Bids: 20, Asks: 20
[1788896341991] TUI Render Frame -> Synced: true, Seq ID: 1788896339847000000, Bids: 20, Asks: 20
[1788896342042] TUI Render Frame -> Synced: true, Seq ID: 1788896339847000000, Bids: 20, Asks: 20
[1788896342092] TUI Render Frame -> Synced: true, Seq ID: 1788896339847000000, Bids: 20, Asks: 20
[1788896342142] TUI Render Frame -> Synced: true, Seq ID: 1788896339847000000, Bids: 20, Asks: 20
[1788896342192] TUI Render Frame -> Synced: true, Seq ID: 1788896339847000000, Bids: 20, Asks: 20
[1788896342242] TUI Render Frame -> Synced: true, Seq ID: 1788896339847000000, Bids: 20, Asks: 20
[1788896342292] TUI Render Frame -> Synced: true, Seq ID: 1788896339847000000, Bids: 20, Asks: 20
[1788896342341] TUI Render Frame -> Synced: true, Seq ID: 1788896339847000000, Bids: 20, Asks: 20
[1788896342391] TUI Render Frame -> Synced: true, Seq ID: 1788896339847000000, Bids: 20, Asks: 20
[1788896342442] TUI Render Frame -> Synced: true, Seq ID: 1788896339847000000, Bids: 20, Asks: 20
[1788896342492] TUI Render Frame -> Synced: true, Seq ID: 1788896339847000000, Bids: 20, Asks: 20
[1788896342542] TUI Render Frame -> Synced: true, Seq ID: 1788896339847000000, Bids: 20, Asks: 20
[1788896342592] TUI Render Frame -> Synced: true, Seq ID: 1788896339847000000, Bids: 20, Asks: 20
[1788896342642] TUI Render Frame -> Synced: true, Seq ID: 1788896339847000000, Bids: 20, Asks: 20
[1788896342692] TUI Render Frame -> Synced: true, Seq ID: 1788896339847000000, Bids: 20, Asks: 20
[1788896342742] TUI Render Frame -> Synced: true, Seq ID: 1788896339847000000, Bids: 20, Asks: 20
[1788896342792] TUI Render Frame -> Synced: true, Seq ID: 1788896339847000000, Bids: 20, Asks: 20
[1788896342841] TUI Render Frame -> Synced: true, Seq ID: 1788896339847000000, Bids: 20, Asks: 20
[1788896342892] TUI Render Frame -> Synced: true, Seq ID: 1788896339847000000, Bids: 20, Asks: 20
[1788896342942] TUI Render Frame -> Synced: true, Seq ID: 1788896339847000000, Bids: 20, Asks: 20
[1788896342992] TUI Render Frame -> Synced: true, Seq ID: 1788896339847000000, Bids: 20, Asks: 20
[1788896343042] TUI Render Frame -> Synced: true, Seq ID: 1788896339847000000, Bids: 20, Asks: 20
[1788896343092] TUI Render Frame -> Synced: true, Seq ID: 1788896339847000000, Bids: 20, Asks: 20
[1788896343141] TUI Render Frame -> Synced: true, Seq ID: 1788896339847000000, Bids: 20, Asks: 20
[1788896343191] TUI Render Frame -> Synced: true, Seq ID: 1788896339847000000, Bids: 20, Asks: 20
[1788896343242] TUI Render Frame -> Synced: true, Seq ID: 1788896339847000000, Bids: 20, Asks: 20
[1788896343291] TUI Render Frame -> Synced: true, Seq ID: 1788896339847000000, Bids: 20, Asks: 20
[1788896343342] TUI Render Frame -> Synced: true, Seq ID: 1788896339847000000, Bids: 20, Asks: 20
[1788896343392] TUI Render Frame -> Synced: true, Seq ID: 1788896339847000000, Bids: 20, Asks: 20
[1788896343441] TUI Render Frame -> Synced: true, Seq ID: 1788896339847000000, Bids: 20, Asks: 20
[1788896343492] TUI Render Frame -> Synced: true, Seq ID: 1788896339847000000, Bids: 20, Asks: 20
[1788896343542] TUI Render Frame -> Synced: true, Seq ID: 1788896339847000000, Bids: 20, Asks: 20
[1788896343591] TUI Render Frame -> Synced: true, Seq ID: 1788896339847000000, Bids: 20, Asks: 20
[1788896343641] TUI Render Frame -> Synced: true, Seq ID: 1788896339847000000, Bids: 20, Asks: 20
[1788896343692] TUI Render Frame -> Synced: true, Seq ID: 1788896339847000000, Bids: 20, Asks: 20
[1788896343741] TUI Render Frame -> Synced: true, Seq ID: 1788896339847000000, Bids: 20, Asks: 20
[1788896343791] TUI Render Frame -> Synced: true, Seq ID: 1788896339847000000, Bids: 20, Asks: 20
[1788896343842] TUI Render Frame -> Synced: true, Seq ID: 1788896339847000000, Bids: 20, Asks: 20
[1788896343892] TUI Render Frame -> Synced: true, Seq ID: 1788896339847000000, Bids: 20, Asks: 20
[1788896343942] TUI Render Frame -> Synced: true, Seq ID: 1788896339847000000, Bids: 20, Asks: 20
[1788896343991] TUI Render Frame -> Synced: true, Seq ID: 1788896339847000000, Bids: 20, Asks: 20
[1788896344041] TUI Render Frame -> Synced: true, Seq ID: 1788896339847000000, Bids: 20, Asks: 20
[1788896344092] TUI Render Frame -> Synced: true, Seq ID: 1788896339847000000, Bids: 20, Asks: 20
[1788896344142] TUI Render Frame -> Synced: true, Seq ID: 1788896339847000000, Bids: 20, Asks: 20
[1788896344191] TUI Render Frame -> Synced: true, Seq ID: 1788896339847000000, Bids: 20, Asks: 20
[1788896344242] TUI Render Frame -> Synced: true, Seq ID: 1788896339847000000, Bids: 20, Asks: 20
[1788896344292] TUI Render Frame -> Synced: true, Seq ID: 1788896339847000000, Bids: 20, Asks: 20
[1788896344342] TUI Render Frame -> Synced: true, Seq ID: 1788896339847000000, Bids: 20, Asks: 20
[1788896344391] TUI Render Frame -> Synced: true, Seq ID: 1788896339847000000, Bids: 20, Asks: 20
[1788896344441] TUI Render Frame -> Synced: true, Seq ID: 1788896339847000000, Bids: 20, Asks: 20
[1788896344492] TUI Render Frame -> Synced: true, Seq ID: 1788896339847000000, Bids: 20, Asks: 20
[1788896344542] TUI Render Frame -> Synced: true, Seq ID: 1788896339847000000, Bids: 20, Asks: 20
[1788896344592] TUI Render Frame -> Synced: true, Seq ID: 1788896339847000000, Bids: 20, Asks: 20
[1788896344642] TUI Render Frame -> Synced: true, Seq ID: 1788896339847000000, Bids: 20, Asks: 20
[1788896344692] TUI Render Frame -> Synced: true, Seq ID: 1788896339847000000, Bids: 20, Asks: 20
[1788896344742] TUI Render Frame -> Synced: true, Seq ID: 1788896339847000000, Bids: 20, Asks: 20
[1788896344791] TUI Render Frame -> Synced: true, Seq ID: 1788896339847000000, Bids: 20, Asks: 20
[1788896344842] TUI Render Frame -> Synced: true, Seq ID: 1788896339847000000, Bids: 20, Asks: 20
[1788896344891] TUI Render Frame -> Synced: true, Seq ID: 1788896339847000000, Bids: 20, Asks: 20
[1788896344942] TUI Render Frame -> Synced: true, Seq ID: 1788896339847000000, Bids: 20, Asks: 20
[1788896344991] TUI Render Frame -> Synced: true, Seq ID: 1788896339847000000, Bids: 20, Asks: 20
[1788896345042] TUI Render Frame -> Synced: true, Seq ID: 1788896339847000000, Bids: 20, Asks: 20
[1788896345092] TUI Render Frame -> Synced: true, Seq ID: 1788896339847000000, Bids: 20, Asks: 20
[1788896345142] TUI Render Frame -> Synced: true, Seq ID: 1788896339847000000, Bids: 20, Asks: 20
[1788896345192] TUI Render Frame -> Synced: true, Seq ID: 1788896339847000000, Bids: 20, Asks: 20
[1788896345242] TUI Render Frame -> Synced: true, Seq ID: 1788896339847000000, Bids: 20, Asks: 20
[1788896345291] TUI Render Frame -> Synced: true, Seq ID: 1788896339847000000, Bids: 20, Asks: 20
[1788896345342] TUI Render Frame -> Synced: true, Seq ID: 1788896339847000000, Bids: 20, Asks: 20
[1788896345391] TUI Render Frame -> Synced: true, Seq ID: 1788896339847000000, Bids: 20, Asks: 20
[1788896345442] TUI Render Frame -> Synced: true, Seq ID: 1788896339847000000, Bids: 20, Asks: 20
[1788896345491] TUI Render Frame -> Synced: true, Seq ID: 1788896339847000000, Bids: 20, Asks: 20
[1788896345542] TUI Render Frame -> Synced: true, Seq ID: 1788896339847000000, Bids: 20, Asks: 20
[1788896345590] TUI Render Frame -> Synced: true, Seq ID: 1788896339847000000, Bids: 20, Asks: 20
[1788896345641] TUI Render Frame -> Synced: true, Seq ID: 1788896339847000000, Bids: 20, Asks: 20
[1788896345691] TUI Render Frame -> Synced: true, Seq ID: 1788896339847000000, Bids: 20, Asks: 20
[1788896345696] Msg #78: Depth received | Bids: 20, Asks: 20, Timestamp ID: 1788896345238000000
[1788896345696] Reconciler book exists: true
[1788896345696] ui_tx.send status: true, receiver count: 1
[1788896345741] TUI Render Frame -> Synced: true, Seq ID: 1788896345238000000, Bids: 20, Asks: 20
[1788896345792] TUI Render Frame -> Synced: true, Seq ID: 1788896345238000000, Bids: 20, Asks: 20
[1788896345842] TUI Render Frame -> Synced: true, Seq ID: 1788896345238000000, Bids: 20, Asks: 20
[1788896345892] TUI Render Frame -> Synced: true, Seq ID: 1788896345238000000, Bids: 20, Asks: 20
[1788896345946] TUI Render Frame -> Synced: true, Seq ID: 1788896345238000000, Bids: 20, Asks: 20
[1788896345991] TUI Render Frame -> Synced: true, Seq ID: 1788896345238000000, Bids: 20, Asks: 20
[1788896346041] TUI Render Frame -> Synced: true, Seq ID: 1788896345238000000, Bids: 20, Asks: 20
[1788896346092] TUI Render Frame -> Synced: true, Seq ID: 1788896345238000000, Bids: 20, Asks: 20
[1788896346141] TUI Render Frame -> Synced: true, Seq ID: 1788896345238000000, Bids: 20, Asks: 20
[1788896346192] TUI Render Frame -> Synced: true, Seq ID: 1788896345238000000, Bids: 20, Asks: 20
[1788896346242] TUI Render Frame -> Synced: true, Seq ID: 1788896345238000000, Bids: 20, Asks: 20
[1788896346292] TUI Render Frame -> Synced: true, Seq ID: 1788896345238000000, Bids: 20, Asks: 20
[1788896346341] TUI Render Frame -> Synced: true, Seq ID: 1788896345238000000, Bids: 20, Asks: 20
[1788896346391] TUI Render Frame -> Synced: true, Seq ID: 1788896345238000000, Bids: 20, Asks: 20
[1788896346442] TUI Render Frame -> Synced: true, Seq ID: 1788896345238000000, Bids: 20, Asks: 20
[1788896346492] TUI Render Frame -> Synced: true, Seq ID: 1788896345238000000, Bids: 20, Asks: 20
[1788896346542] TUI Render Frame -> Synced: true, Seq ID: 1788896345238000000, Bids: 20, Asks: 20
[1788896346592] TUI Render Frame -> Synced: true, Seq ID: 1788896345238000000, Bids: 20, Asks: 20
[1788896346642] TUI Render Frame -> Synced: true, Seq ID: 1788896345238000000, Bids: 20, Asks: 20
[1788896346692] TUI Render Frame -> Synced: true, Seq ID: 1788896345238000000, Bids: 20, Asks: 20
[1788896346742] TUI Render Frame -> Synced: true, Seq ID: 1788896345238000000, Bids: 20, Asks: 20
[1788896346791] TUI Render Frame -> Synced: true, Seq ID: 1788896345238000000, Bids: 20, Asks: 20
[1788896346842] TUI Render Frame -> Synced: true, Seq ID: 1788896345238000000, Bids: 20, Asks: 20
[1788896346891] TUI Render Frame -> Synced: true, Seq ID: 1788896345238000000, Bids: 20, Asks: 20
[1788896346942] TUI Render Frame -> Synced: true, Seq ID: 1788896345238000000, Bids: 20, Asks: 20
[1788896346991] TUI Render Frame -> Synced: true, Seq ID: 1788896345238000000, Bids: 20, Asks: 20
[1788896347042] TUI Render Frame -> Synced: true, Seq ID: 1788896345238000000, Bids: 20, Asks: 20
[1788896347092] TUI Render Frame -> Synced: true, Seq ID: 1788896345238000000, Bids: 20, Asks: 20
[1788896347142] TUI Render Frame -> Synced: true, Seq ID: 1788896345238000000, Bids: 20, Asks: 20
[1788896347190] TUI Render Frame -> Synced: true, Seq ID: 1788896345238000000, Bids: 20, Asks: 20
[1788896347242] TUI Render Frame -> Synced: true, Seq ID: 1788896345238000000, Bids: 20, Asks: 20
[1788896347292] TUI Render Frame -> Synced: true, Seq ID: 1788896345238000000, Bids: 20, Asks: 20
[1788896347341] TUI Render Frame -> Synced: true, Seq ID: 1788896345238000000, Bids: 20, Asks: 20
[1788896347392] TUI Render Frame -> Synced: true, Seq ID: 1788896345238000000, Bids: 20, Asks: 20
[1788896347442] TUI Render Frame -> Synced: true, Seq ID: 1788896345238000000, Bids: 20, Asks: 20
[1788896347492] TUI Render Frame -> Synced: true, Seq ID: 1788896345238000000, Bids: 20, Asks: 20
[1788896347541] TUI Render Frame -> Synced: true, Seq ID: 1788896345238000000, Bids: 20, Asks: 20
[1788896347591] TUI Render Frame -> Synced: true, Seq ID: 1788896345238000000, Bids: 20, Asks: 20
[1788896347640] TUI Render Frame -> Synced: true, Seq ID: 1788896345238000000, Bids: 20, Asks: 20
[1788896347691] TUI Render Frame -> Synced: true, Seq ID: 1788896345238000000, Bids: 20, Asks: 20
[1788896347742] TUI Render Frame -> Synced: true, Seq ID: 1788896345238000000, Bids: 20, Asks: 20
[1788896347792] TUI Render Frame -> Synced: true, Seq ID: 1788896345238000000, Bids: 20, Asks: 20
[1788896347841] TUI Render Frame -> Synced: true, Seq ID: 1788896345238000000, Bids: 20, Asks: 20
[1788896347892] TUI Render Frame -> Synced: true, Seq ID: 1788896345238000000, Bids: 20, Asks: 20
[1788896347941] TUI Render Frame -> Synced: true, Seq ID: 1788896345238000000, Bids: 20, Asks: 20
[1788896347992] TUI Render Frame -> Synced: true, Seq ID: 1788896345238000000, Bids: 20, Asks: 20
[1788896348042] TUI Render Frame -> Synced: true, Seq ID: 1788896345238000000, Bids: 20, Asks: 20
[1788896348092] TUI Render Frame -> Synced: true, Seq ID: 1788896345238000000, Bids: 20, Asks: 20
[1788896348141] TUI Render Frame -> Synced: true, Seq ID: 1788896345238000000, Bids: 20, Asks: 20
[1788896348191] TUI Render Frame -> Synced: true, Seq ID: 1788896345238000000, Bids: 20, Asks: 20
[1788896348242] TUI Render Frame -> Synced: true, Seq ID: 1788896345238000000, Bids: 20, Asks: 20
[1788896348291] TUI Render Frame -> Synced: true, Seq ID: 1788896345238000000, Bids: 20, Asks: 20
[1788896348342] TUI Render Frame -> Synced: true, Seq ID: 1788896345238000000, Bids: 20, Asks: 20
[1788896348392] TUI Render Frame -> Synced: true, Seq ID: 1788896345238000000, Bids: 20, Asks: 20
[1788896348441] TUI Render Frame -> Synced: true, Seq ID: 1788896345238000000, Bids: 20, Asks: 20
[1788896348492] TUI Render Frame -> Synced: true, Seq ID: 1788896345238000000, Bids: 20, Asks: 20
[1788896348541] TUI Render Frame -> Synced: true, Seq ID: 1788896345238000000, Bids: 20, Asks: 20
[1788896348592] TUI Render Frame -> Synced: true, Seq ID: 1788896345238000000, Bids: 20, Asks: 20
[1788896348642] TUI Render Frame -> Synced: true, Seq ID: 1788896345238000000, Bids: 20, Asks: 20
[1788896348692] TUI Render Frame -> Synced: true, Seq ID: 1788896345238000000, Bids: 20, Asks: 20
[1788896348742] TUI Render Frame -> Synced: true, Seq ID: 1788896345238000000, Bids: 20, Asks: 20
[1788896348791] TUI Render Frame -> Synced: true, Seq ID: 1788896345238000000, Bids: 20, Asks: 20
[1788896348841] TUI Render Frame -> Synced: true, Seq ID: 1788896345238000000, Bids: 20, Asks: 20
[1788896348892] TUI Render Frame -> Synced: true, Seq ID: 1788896345238000000, Bids: 20, Asks: 20
[1788896348941] TUI Render Frame -> Synced: true, Seq ID: 1788896345238000000, Bids: 20, Asks: 20
[1788896348992] TUI Render Frame -> Synced: true, Seq ID: 1788896345238000000, Bids: 20, Asks: 20
[1788896349042] TUI Render Frame -> Synced: true, Seq ID: 1788896345238000000, Bids: 20, Asks: 20
[1788896349092] TUI Render Frame -> Synced: true, Seq ID: 1788896345238000000, Bids: 20, Asks: 20
[1788896349141] TUI Render Frame -> Synced: true, Seq ID: 1788896345238000000, Bids: 20, Asks: 20
[1788896349192] TUI Render Frame -> Synced: true, Seq ID: 1788896345238000000, Bids: 20, Asks: 20
[1788896349241] TUI Render Frame -> Synced: true, Seq ID: 1788896345238000000, Bids: 20, Asks: 20
[1788896349292] TUI Render Frame -> Synced: true, Seq ID: 1788896345238000000, Bids: 20, Asks: 20
[1788896349341] TUI Render Frame -> Synced: true, Seq ID: 1788896345238000000, Bids: 20, Asks: 20
[1788896349391] TUI Render Frame -> Synced: true, Seq ID: 1788896345238000000, Bids: 20, Asks: 20
[1788896349442] TUI Render Frame -> Synced: true, Seq ID: 1788896345238000000, Bids: 20, Asks: 20
[1788896349492] TUI Render Frame -> Synced: true, Seq ID: 1788896345238000000, Bids: 20, Asks: 20
[1788896349542] TUI Render Frame -> Synced: true, Seq ID: 1788896345238000000, Bids: 20, Asks: 20
[1788896349592] TUI Render Frame -> Synced: true, Seq ID: 1788896345238000000, Bids: 20, Asks: 20
[1788896349642] TUI Render Frame -> Synced: true, Seq ID: 1788896345238000000, Bids: 20, Asks: 20
[1788896349691] TUI Render Frame -> Synced: true, Seq ID: 1788896345238000000, Bids: 20, Asks: 20
[1788896349742] TUI Render Frame -> Synced: true, Seq ID: 1788896345238000000, Bids: 20, Asks: 20
[1788896349792] TUI Render Frame -> Synced: true, Seq ID: 1788896345238000000, Bids: 20, Asks: 20
[1788896349842] TUI Render Frame -> Synced: true, Seq ID: 1788896345238000000, Bids: 20, Asks: 20
[1788896349892] TUI Render Frame -> Synced: true, Seq ID: 1788896345238000000, Bids: 20, Asks: 20
[1788896349941] TUI Render Frame -> Synced: true, Seq ID: 1788896345238000000, Bids: 20, Asks: 20
[1788896349992] TUI Render Frame -> Synced: true, Seq ID: 1788896345238000000, Bids: 20, Asks: 20
[1788896350042] TUI Render Frame -> Synced: true, Seq ID: 1788896345238000000, Bids: 20, Asks: 20
[1788896350092] TUI Render Frame -> Synced: true, Seq ID: 1788896345238000000, Bids: 20, Asks: 20
[1788896350142] TUI Render Frame -> Synced: true, Seq ID: 1788896345238000000, Bids: 20, Asks: 20
[1788896350192] TUI Render Frame -> Synced: true, Seq ID: 1788896345238000000, Bids: 20, Asks: 20
[1788896350242] TUI Render Frame -> Synced: true, Seq ID: 1788896345238000000, Bids: 20, Asks: 20
[1788896350292] TUI Render Frame -> Synced: true, Seq ID: 1788896345238000000, Bids: 20, Asks: 20
[1788896350342] TUI Render Frame -> Synced: true, Seq ID: 1788896345238000000, Bids: 20, Asks: 20
[1788896350391] TUI Render Frame -> Synced: true, Seq ID: 1788896345238000000, Bids: 20, Asks: 20
[1788896350442] TUI Render Frame -> Synced: true, Seq ID: 1788896345238000000, Bids: 20, Asks: 20
[1788896350492] TUI Render Frame -> Synced: true, Seq ID: 1788896345238000000, Bids: 20, Asks: 20
[1788896350542] TUI Render Frame -> Synced: true, Seq ID: 1788896345238000000, Bids: 20, Asks: 20
[1788896350592] TUI Render Frame -> Synced: true, Seq ID: 1788896345238000000, Bids: 20, Asks: 20
[1788896350641] TUI Render Frame -> Synced: true, Seq ID: 1788896345238000000, Bids: 20, Asks: 20
[1788896350691] TUI Render Frame -> Synced: true, Seq ID: 1788896345238000000, Bids: 20, Asks: 20
[1788896350741] TUI Render Frame -> Synced: true, Seq ID: 1788896345238000000, Bids: 20, Asks: 20
[1788896350792] TUI Render Frame -> Synced: true, Seq ID: 1788896345238000000, Bids: 20, Asks: 20
[1788896350841] TUI Render Frame -> Synced: true, Seq ID: 1788896345238000000, Bids: 20, Asks: 20
[1788896350892] TUI Render Frame -> Synced: true, Seq ID: 1788896345238000000, Bids: 20, Asks: 20
[1788896350912] Msg #79: Depth received | Bids: 20, Asks: 20, Timestamp ID: 1788896350610000000
[1788896350912] Reconciler book exists: true
[1788896350912] ui_tx.send status: true, receiver count: 1
[1788896350942] TUI Render Frame -> Synced: true, Seq ID: 1788896350610000000, Bids: 20, Asks: 20
[1788896350993] TUI Render Frame -> Synced: true, Seq ID: 1788896350610000000, Bids: 20, Asks: 20
[1788896351044] TUI Render Frame -> Synced: true, Seq ID: 1788896350610000000, Bids: 20, Asks: 20
[1788896351092] TUI Render Frame -> Synced: true, Seq ID: 1788896350610000000, Bids: 20, Asks: 20
[1788896351141] TUI Render Frame -> Synced: true, Seq ID: 1788896350610000000, Bids: 20, Asks: 20
[1788896351190] TUI Render Frame -> Synced: true, Seq ID: 1788896350610000000, Bids: 20, Asks: 20
[1788896351242] TUI Render Frame -> Synced: true, Seq ID: 1788896350610000000, Bids: 20, Asks: 20
[1788896351291] TUI Render Frame -> Synced: true, Seq ID: 1788896350610000000, Bids: 20, Asks: 20
[1788896351341] TUI Render Frame -> Synced: true, Seq ID: 1788896350610000000, Bids: 20, Asks: 20
[1788896351392] TUI Render Frame -> Synced: true, Seq ID: 1788896350610000000, Bids: 20, Asks: 20
[1788896351441] TUI Render Frame -> Synced: true, Seq ID: 1788896350610000000, Bids: 20, Asks: 20
[1788896351491] TUI Render Frame -> Synced: true, Seq ID: 1788896350610000000, Bids: 20, Asks: 20
[1788896351542] TUI Render Frame -> Synced: true, Seq ID: 1788896350610000000, Bids: 20, Asks: 20
[1788896351592] TUI Render Frame -> Synced: true, Seq ID: 1788896350610000000, Bids: 20, Asks: 20
[1788896351642] TUI Render Frame -> Synced: true, Seq ID: 1788896350610000000, Bids: 20, Asks: 20
[1788896351692] TUI Render Frame -> Synced: true, Seq ID: 1788896350610000000, Bids: 20, Asks: 20
[1788896351742] TUI Render Frame -> Synced: true, Seq ID: 1788896350610000000, Bids: 20, Asks: 20
[1788896351791] TUI Render Frame -> Synced: true, Seq ID: 1788896350610000000, Bids: 20, Asks: 20
[1788896351842] TUI Render Frame -> Synced: true, Seq ID: 1788896350610000000, Bids: 20, Asks: 20
[1788896351892] TUI Render Frame -> Synced: true, Seq ID: 1788896350610000000, Bids: 20, Asks: 20
[1788896351943] TUI Render Frame -> Synced: true, Seq ID: 1788896350610000000, Bids: 20, Asks: 20
[1788896351990] TUI Render Frame -> Synced: true, Seq ID: 1788896350610000000, Bids: 20, Asks: 20
[1788896352042] TUI Render Frame -> Synced: true, Seq ID: 1788896350610000000, Bids: 20, Asks: 20
[1788896352091] TUI Render Frame -> Synced: true, Seq ID: 1788896350610000000, Bids: 20, Asks: 20
[1788896352142] TUI Render Frame -> Synced: true, Seq ID: 1788896350610000000, Bids: 20, Asks: 20
[1788896352192] TUI Render Frame -> Synced: true, Seq ID: 1788896350610000000, Bids: 20, Asks: 20
[1788896352242] TUI Render Frame -> Synced: true, Seq ID: 1788896350610000000, Bids: 20, Asks: 20
[1788896352292] TUI Render Frame -> Synced: true, Seq ID: 1788896350610000000, Bids: 20, Asks: 20
[1788896352342] TUI Render Frame -> Synced: true, Seq ID: 1788896350610000000, Bids: 20, Asks: 20
[1788896352392] TUI Render Frame -> Synced: true, Seq ID: 1788896350610000000, Bids: 20, Asks: 20
[1788896352441] TUI Render Frame -> Synced: true, Seq ID: 1788896350610000000, Bids: 20, Asks: 20
[1788896352492] TUI Render Frame -> Synced: true, Seq ID: 1788896350610000000, Bids: 20, Asks: 20
[1788896352542] TUI Render Frame -> Synced: true, Seq ID: 1788896350610000000, Bids: 20, Asks: 20
[1788896352593] TUI Render Frame -> Synced: true, Seq ID: 1788896350610000000, Bids: 20, Asks: 20
[1788896352642] TUI Render Frame -> Synced: true, Seq ID: 1788896350610000000, Bids: 20, Asks: 20
[1788896352692] TUI Render Frame -> Synced: true, Seq ID: 1788896350610000000, Bids: 20, Asks: 20
[1788896352742] TUI Render Frame -> Synced: true, Seq ID: 1788896350610000000, Bids: 20, Asks: 20
[1788896352792] TUI Render Frame -> Synced: true, Seq ID: 1788896350610000000, Bids: 20, Asks: 20
[1788896352842] TUI Render Frame -> Synced: true, Seq ID: 1788896350610000000, Bids: 20, Asks: 20
[1788896352892] TUI Render Frame -> Synced: true, Seq ID: 1788896350610000000, Bids: 20, Asks: 20
[1788896352942] TUI Render Frame -> Synced: true, Seq ID: 1788896350610000000, Bids: 20, Asks: 20
[1788896352992] TUI Render Frame -> Synced: true, Seq ID: 1788896350610000000, Bids: 20, Asks: 20
[1788896353042] TUI Render Frame -> Synced: true, Seq ID: 1788896350610000000, Bids: 20, Asks: 20
[1788896353092] TUI Render Frame -> Synced: true, Seq ID: 1788896350610000000, Bids: 20, Asks: 20
[1788896353142] TUI Render Frame -> Synced: true, Seq ID: 1788896350610000000, Bids: 20, Asks: 20
[1788896353192] TUI Render Frame -> Synced: true, Seq ID: 1788896350610000000, Bids: 20, Asks: 20
[1788896353242] TUI Render Frame -> Synced: true, Seq ID: 1788896350610000000, Bids: 20, Asks: 20
[1788896353292] TUI Render Frame -> Synced: true, Seq ID: 1788896350610000000, Bids: 20, Asks: 20
[1788896353342] TUI Render Frame -> Synced: true, Seq ID: 1788896350610000000, Bids: 20, Asks: 20
