[1788894931544] === ENGINE STARTUP ===
[1788894931544] Attempting WebSocket connection...
[1788894931544] WebSocket connection spawned successfully.
[1788894931544] Initializing Terminal UI...
[1788894931544] Background Reconciliation Task started. Awaiting stream...
[1788894931546] TUI Render Frame -> Synced: false, Seq ID: 0, Bids: 0, Asks: 0
[1788894931596] TUI Render Frame -> Synced: false, Seq ID: 0, Bids: 0, Asks: 0
[1788894931646] TUI Render Frame -> Synced: false, Seq ID: 0, Bids: 0, Asks: 0
[1788894931697] TUI Render Frame -> Synced: false, Seq ID: 0, Bids: 0, Asks: 0
[1788894931864] TUI Render Frame -> Synced: false, Seq ID: 0, Bids: 0, Asks: 0
[1788894931865] TUI Render Frame -> Synced: false, Seq ID: 0, Bids: 0, Asks: 0
[1788894931865] TUI Render Frame -> Synced: false, Seq ID: 0, Bids: 0, Asks: 0
[1788894931897] TUI Render Frame -> Synced: false, Seq ID: 0, Bids: 0, Asks: 0
[1788894931947] TUI Render Frame -> Synced: false, Seq ID: 0, Bids: 0, Asks: 0
[1788894931996] TUI Render Frame -> Synced: false, Seq ID: 0, Bids: 0, Asks: 0
[1788894932046] TUI Render Frame -> Synced: false, Seq ID: 0, Bids: 0, Asks: 0
[1788894932096] TUI Render Frame -> Synced: false, Seq ID: 0, Bids: 0, Asks: 0
[1788894932147] TUI Render Frame -> Synced: false, Seq ID: 0, Bids: 0, Asks: 0
[1788894932196] TUI Render Frame -> Synced: false, Seq ID: 0, Bids: 0, Asks: 0
[1788894932247] TUI Render Frame -> Synced: false, Seq ID: 0, Bids: 0, Asks: 0
[1788894932297] TUI Render Frame -> Synced: false, Seq ID: 0, Bids: 0, Asks: 0
[1788894932346] TUI Render Frame -> Synced: false, Seq ID: 0, Bids: 0, Asks: 0
[1788894932397] TUI Render Frame -> Synced: false, Seq ID: 0, Bids: 0, Asks: 0
[1788894932447] TUI Render Frame -> Synced: false, Seq ID: 0, Bids: 0, Asks: 0
[1788894932497] TUI Render Frame -> Synced: false, Seq ID: 0, Bids: 0, Asks: 0
[1788894932547] TUI Render Frame -> Synced: false, Seq ID: 0, Bids: 0, Asks: 0
[1788894932597] TUI Render Frame -> Synced: false, Seq ID: 0, Bids: 0, Asks: 0
[1788894932622] Msg #1: Depth received | Bids: 20, Asks: 20, Timestamp ID: 1788894932124
[1788894932623] Reconciler book exists: false
[1788894932623] ui_tx.send status: true, receiver count: 1
[1788894932647] TUI Render Frame -> Synced: false, Seq ID: 0, Bids: 0, Asks: 0
[1788894932696] TUI Render Frame -> Synced: false, Seq ID: 0, Bids: 0, Asks: 0
[1788894932746] TUI Render Frame -> Synced: false, Seq ID: 0, Bids: 0, Asks: 0
[1788894932797] TUI Render Frame -> Synced: false, Seq ID: 0, Bids: 0, Asks: 0
[1788894932847] TUI Render Frame -> Synced: false, Seq ID: 0, Bids: 0, Asks: 0
[1788894932897] TUI Render Frame -> Synced: false, Seq ID: 0, Bids: 0, Asks: 0
[1788894932947] TUI Render Frame -> Synced: false, Seq ID: 0, Bids: 0, Asks: 0
[1788894932996] TUI Render Frame -> Synced: false, Seq ID: 0, Bids: 0, Asks: 0
[1788894933047] TUI Render Frame -> Synced: false, Seq ID: 0, Bids: 0, Asks: 0
[1788894933097] TUI Render Frame -> Synced: false, Seq ID: 0, Bids: 0, Asks: 0
[1788894933146] TUI Render Frame -> Synced: false, Seq ID: 0, Bids: 0, Asks: 0
[1788894933197] TUI Render Frame -> Synced: false, Seq ID: 0, Bids: 0, Asks: 0
[1788894933246] TUI Render Frame -> Synced: false, Seq ID: 0, Bids: 0, Asks: 0
[1788894933296] TUI Render Frame -> Synced: false, Seq ID: 0, Bids: 0, Asks: 0
[1788894933346] TUI Render Frame -> Synced: false, Seq ID: 0, Bids: 0, Asks: 0
[1788894933397] TUI Render Frame -> Synced: false, Seq ID: 0, Bids: 0, Asks: 0
[1788894933447] TUI Render Frame -> Synced: false, Seq ID: 0, Bids: 0, Asks: 0
[1788894933497] TUI Render Frame -> Synced: false, Seq ID: 0, Bids: 0, Asks: 0
[1788894933518] Msg #2: Depth received | Bids: 20, Asks: 20, Timestamp ID: 1788894933191
[1788894933518] Reconciler book exists: false
[1788894933518] ui_tx.send status: true, receiver count: 1
[1788894933546] TUI Render Frame -> Synced: false, Seq ID: 0, Bids: 0, Asks: 0
[1788894933596] TUI Render Frame -> Synced: false, Seq ID: 0, Bids: 0, Asks: 0
[1788894933647] TUI Render Frame -> Synced: false, Seq ID: 0, Bids: 0, Asks: 0
[1788894933697] TUI Render Frame -> Synced: false, Seq ID: 0, Bids: 0, Asks: 0
[1788894933747] TUI Render Frame -> Synced: false, Seq ID: 0, Bids: 0, Asks: 0
[1788894933797] TUI Render Frame -> Synced: false, Seq ID: 0, Bids: 0, Asks: 0
[1788894933847] TUI Render Frame -> Synced: false, Seq ID: 0, Bids: 0, Asks: 0
[1788894933897] TUI Render Frame -> Synced: false, Seq ID: 0, Bids: 0, Asks: 0
[1788894933946] TUI Render Frame -> Synced: false, Seq ID: 0, Bids: 0, Asks: 0
[1788894934013] TUI Render Frame -> Synced: false, Seq ID: 0, Bids: 0, Asks: 0
[1788894934046] TUI Render Frame -> Synced: false, Seq ID: 0, Bids: 0, Asks: 0
[1788894934096] TUI Render Frame -> Synced: false, Seq ID: 0, Bids: 0, Asks: 0
[1788894934147] TUI Render Frame -> Synced: false, Seq ID: 0, Bids: 0, Asks: 0
[1788894934197] TUI Render Frame -> Synced: false, Seq ID: 0, Bids: 0, Asks: 0
[1788894934246] TUI Render Frame -> Synced: false, Seq ID: 0, Bids: 0, Asks: 0
[1788894934297] TUI Render Frame -> Synced: false, Seq ID: 0, Bids: 0, Asks: 0
[1788894934347] TUI Render Frame -> Synced: false, Seq ID: 0, Bids: 0, Asks: 0
[1788894934397] TUI Render Frame -> Synced: false, Seq ID: 0, Bids: 0, Asks: 0
[1788894934447] TUI Render Frame -> Synced: false, Seq ID: 0, Bids: 0, Asks: 0
[1788894934497] TUI Render Frame -> Synced: false, Seq ID: 0, Bids: 0, Asks: 0
[1788894934547] TUI Render Frame -> Synced: false, Seq ID: 0, Bids: 0, Asks: 0
[1788894934597] TUI Render Frame -> Synced: false, Seq ID: 0, Bids: 0, Asks: 0
[1788894934647] TUI Render Frame -> Synced: false, Seq ID: 0, Bids: 0, Asks: 0
[1788894934697] TUI Render Frame -> Synced: false, Seq ID: 0, Bids: 0, Asks: 0
[1788894934746] TUI Render Frame -> Synced: false, Seq ID: 0, Bids: 0, Asks: 0
[1788894934797] TUI Render Frame -> Synced: false, Seq ID: 0, Bids: 0, Asks: 0
[1788894934847] TUI Render Frame -> Synced: false, Seq ID: 0, Bids: 0, Asks: 0
[1788894934897] TUI Render Frame -> Synced: false, Seq ID: 0, Bids: 0, Asks: 0
[1788894934947] TUI Render Frame -> Synced: false, Seq ID: 0, Bids: 0, Asks: 0
[1788894934997] TUI Render Frame -> Synced: false, Seq ID: 0, Bids: 0, Asks: 0
[1788894935047] TUI Render Frame -> Synced: false, Seq ID: 0, Bids: 0, Asks: 0
[1788894935097] TUI Render Frame -> Synced: false, Seq ID: 0, Bids: 0, Asks: 0
[1788894935147] TUI Render Frame -> Synced: false, Seq ID: 0, Bids: 0, Asks: 0
[1788894935196] TUI Render Frame -> Synced: false, Seq ID: 0, Bids: 0, Asks: 0
[1788894935247] TUI Render Frame -> Synced: false, Seq ID: 0, Bids: 0, Asks: 0
[1788894935297] TUI Render Frame -> Synced: false, Seq ID: 0, Bids: 0, Asks: 0
[1788894935347] TUI Render Frame -> Synced: false, Seq ID: 0, Bids: 0, Asks: 0
[1788894935396] TUI Render Frame -> Synced: false, Seq ID: 0, Bids: 0, Asks: 0
[1788894935446] TUI Render Frame -> Synced: false, Seq ID: 0, Bids: 0, Asks: 0
[1788894935497] TUI Render Frame -> Synced: false, Seq ID: 0, Bids: 0, Asks: 0
[1788894935546] TUI Render Frame -> Synced: false, Seq ID: 0, Bids: 0, Asks: 0
[1788894935596] TUI Render Frame -> Synced: false, Seq ID: 0, Bids: 0, Asks: 0
[1788894935647] TUI Render Frame -> Synced: false, Seq ID: 0, Bids: 0, Asks: 0
[1788894935697] TUI Render Frame -> Synced: false, Seq ID: 0, Bids: 0, Asks: 0
[1788894935747] TUI Render Frame -> Synced: false, Seq ID: 0, Bids: 0, Asks: 0
[1788894935797] TUI Render Frame -> Synced: false, Seq ID: 0, Bids: 0, Asks: 0
[1788894935847] TUI Render Frame -> Synced: false, Seq ID: 0, Bids: 0, Asks: 0
[1788894935896] TUI Render Frame -> Synced: false, Seq ID: 0, Bids: 0, Asks: 0
[1788894935947] TUI Render Frame -> Synced: false, Seq ID: 0, Bids: 0, Asks: 0
[1788894935996] TUI Render Frame -> Synced: false, Seq ID: 0, Bids: 0, Asks: 0
[1788894936046] TUI Render Frame -> Synced: false, Seq ID: 0, Bids: 0, Asks: 0
[1788894936097] TUI Render Frame -> Synced: false, Seq ID: 0, Bids: 0, Asks: 0
[1788894936147] TUI Render Frame -> Synced: false, Seq ID: 0, Bids: 0, Asks: 0
[1788894936197] TUI Render Frame -> Synced: false, Seq ID: 0, Bids: 0, Asks: 0
[1788894936247] TUI Render Frame -> Synced: false, Seq ID: 0, Bids: 0, Asks: 0
[1788894936296] TUI Render Frame -> Synced: false, Seq ID: 0, Bids: 0, Asks: 0
[1788894936345] TUI Render Frame -> Synced: false, Seq ID: 0, Bids: 0, Asks: 0
[1788894936397] TUI Render Frame -> Synced: false, Seq ID: 0, Bids: 0, Asks: 0
[1788894936447] TUI Render Frame -> Synced: false, Seq ID: 0, Bids: 0, Asks: 0
[1788894936496] TUI Render Frame -> Synced: false, Seq ID: 0, Bids: 0, Asks: 0
[1788894936547] TUI Render Frame -> Synced: false, Seq ID: 0, Bids: 0, Asks: 0
[1788894936596] TUI Render Frame -> Synced: false, Seq ID: 0, Bids: 0, Asks: 0
[1788894936647] TUI Render Frame -> Synced: false, Seq ID: 0, Bids: 0, Asks: 0
[1788894936697] TUI Render Frame -> Synced: false, Seq ID: 0, Bids: 0, Asks: 0
[1788894936747] TUI Render Frame -> Synced: false, Seq ID: 0, Bids: 0, Asks: 0
[1788894936796] TUI Render Frame -> Synced: false, Seq ID: 0, Bids: 0, Asks: 0
[1788894936847] TUI Render Frame -> Synced: false, Seq ID: 0, Bids: 0, Asks: 0
[1788894936897] TUI Render Frame -> Synced: false, Seq ID: 0, Bids: 0, Asks: 0
[1788894936947] TUI Render Frame -> Synced: false, Seq ID: 0, Bids: 0, Asks: 0
[1788894936997] TUI Render Frame -> Synced: false, Seq ID: 0, Bids: 0, Asks: 0
[1788894937046] TUI Render Frame -> Synced: false, Seq ID: 0, Bids: 0, Asks: 0
[1788894937097] TUI Render Frame -> Synced: false, Seq ID: 0, Bids: 0, Asks: 0
[1788894937147] TUI Render Frame -> Synced: false, Seq ID: 0, Bids: 0, Asks: 0
[1788894937197] TUI Render Frame -> Synced: false, Seq ID: 0, Bids: 0, Asks: 0
[1788894937246] TUI Render Frame -> Synced: false, Seq ID: 0, Bids: 0, Asks: 0
[1788894937296] TUI Render Frame -> Synced: false, Seq ID: 0, Bids: 0, Asks: 0
[1788894937346] TUI Render Frame -> Synced: false, Seq ID: 0, Bids: 0, Asks: 0
[1788894937397] TUI Render Frame -> Synced: false, Seq ID: 0, Bids: 0, Asks: 0
[1788894937447] TUI Render Frame -> Synced: false, Seq ID: 0, Bids: 0, Asks: 0
[1788894937497] TUI Render Frame -> Synced: false, Seq ID: 0, Bids: 0, Asks: 0
[1788894937547] TUI Render Frame -> Synced: false, Seq ID: 0, Bids: 0, Asks: 0
[1788894937598] TUI Render Frame -> Synced: false, Seq ID: 0, Bids: 0, Asks: 0
[1788894937647] TUI Render Frame -> Synced: false, Seq ID: 0, Bids: 0, Asks: 0
[1788894937697] TUI Render Frame -> Synced: false, Seq ID: 0, Bids: 0, Asks: 0
[1788894937747] TUI Render Frame -> Synced: false, Seq ID: 0, Bids: 0, Asks: 0
[1788894937797] TUI Render Frame -> Synced: false, Seq ID: 0, Bids: 0, Asks: 0
[1788894937847] TUI Render Frame -> Synced: false, Seq ID: 0, Bids: 0, Asks: 0
[1788894937897] TUI Render Frame -> Synced: false, Seq ID: 0, Bids: 0, Asks: 0
[1788894937946] TUI Render Frame -> Synced: false, Seq ID: 0, Bids: 0, Asks: 0
[1788894937997] TUI Render Frame -> Synced: false, Seq ID: 0, Bids: 0, Asks: 0
[1788894938048] TUI Render Frame -> Synced: false, Seq ID: 0, Bids: 0, Asks: 0
[1788894938097] TUI Render Frame -> Synced: false, Seq ID: 0, Bids: 0, Asks: 0
[1788894938147] TUI Render Frame -> Synced: false, Seq ID: 0, Bids: 0, Asks: 0
[1788894938197] TUI Render Frame -> Synced: false, Seq ID: 0, Bids: 0, Asks: 0
[1788894938247] TUI Render Frame -> Synced: false, Seq ID: 0, Bids: 0, Asks: 0
[1788894938297] TUI Render Frame -> Synced: false, Seq ID: 0, Bids: 0, Asks: 0
[1788894938347] TUI Render Frame -> Synced: false, Seq ID: 0, Bids: 0, Asks: 0
[1788894938396] TUI Render Frame -> Synced: false, Seq ID: 0, Bids: 0, Asks: 0
[1788894938447] TUI Render Frame -> Synced: false, Seq ID: 0, Bids: 0, Asks: 0
[1788894938496] TUI Render Frame -> Synced: false, Seq ID: 0, Bids: 0, Asks: 0
[1788894938547] TUI Render Frame -> Synced: false, Seq ID: 0, Bids: 0, Asks: 0
[1788894938597] TUI Render Frame -> Synced: false, Seq ID: 0, Bids: 0, Asks: 0
[1788894938647] TUI Render Frame -> Synced: false, Seq ID: 0, Bids: 0, Asks: 0
[1788894938697] TUI Render Frame -> Synced: false, Seq ID: 0, Bids: 0, Asks: 0
[1788894938747] TUI Render Frame -> Synced: false, Seq ID: 0, Bids: 0, Asks: 0
[1788894938797] TUI Render Frame -> Synced: false, Seq ID: 0, Bids: 0, Asks: 0
[1788894938846] TUI Render Frame -> Synced: false, Seq ID: 0, Bids: 0, Asks: 0
[1788894938897] TUI Render Frame -> Synced: false, Seq ID: 0, Bids: 0, Asks: 0
[1788894938947] TUI Render Frame -> Synced: false, Seq ID: 0, Bids: 0, Asks: 0
[1788894938997] TUI Render Frame -> Synced: false, Seq ID: 0, Bids: 0, Asks: 0
[1788894939047] TUI Render Frame -> Synced: false, Seq ID: 0, Bids: 0, Asks: 0
[1788894939097] TUI Render Frame -> Synced: false, Seq ID: 0, Bids: 0, Asks: 0
[1788894939147] TUI Render Frame -> Synced: false, Seq ID: 0, Bids: 0, Asks: 0
[1788894939171] Msg #3: Depth received | Bids: 20, Asks: 20, Timestamp ID: 1788894938686
[1788894939172] Reconciler book exists: false
[1788894939172] ui_tx.send status: true, receiver count: 1
[1788894939197] TUI Render Frame -> Synced: false, Seq ID: 0, Bids: 0, Asks: 0
[1788894939247] TUI Render Frame -> Synced: false, Seq ID: 0, Bids: 0, Asks: 0
[1788894939296] TUI Render Frame -> Synced: false, Seq ID: 0, Bids: 0, Asks: 0
[1788894939347] TUI Render Frame -> Synced: false, Seq ID: 0, Bids: 0, Asks: 0
[1788894939397] TUI Render Frame -> Synced: false, Seq ID: 0, Bids: 0, Asks: 0
[1788894939447] TUI Render Frame -> Synced: false, Seq ID: 0, Bids: 0, Asks: 0
[1788894939497] TUI Render Frame -> Synced: false, Seq ID: 0, Bids: 0, Asks: 0
[1788894939547] TUI Render Frame -> Synced: false, Seq ID: 0, Bids: 0, Asks: 0
[1788894939597] TUI Render Frame -> Synced: false, Seq ID: 0, Bids: 0, Asks: 0
[1788894939647] TUI Render Frame -> Synced: false, Seq ID: 0, Bids: 0, Asks: 0
[1788894939697] TUI Render Frame -> Synced: false, Seq ID: 0, Bids: 0, Asks: 0
[1788894939747] TUI Render Frame -> Synced: false, Seq ID: 0, Bids: 0, Asks: 0
[1788894939797] TUI Render Frame -> Synced: false, Seq ID: 0, Bids: 0, Asks: 0
[1788894939847] TUI Render Frame -> Synced: false, Seq ID: 0, Bids: 0, Asks: 0
[1788894939897] TUI Render Frame -> Synced: false, Seq ID: 0, Bids: 0, Asks: 0
[1788894939947] TUI Render Frame -> Synced: false, Seq ID: 0, Bids: 0, Asks: 0
[1788894939997] TUI Render Frame -> Synced: false, Seq ID: 0, Bids: 0, Asks: 0
[1788894940047] TUI Render Frame -> Synced: false, Seq ID: 0, Bids: 0, Asks: 0
[1788894940097] TUI Render Frame -> Synced: false, Seq ID: 0, Bids: 0, Asks: 0
[1788894940147] TUI Render Frame -> Synced: false, Seq ID: 0, Bids: 0, Asks: 0
[1788894940197] TUI Render Frame -> Synced: false, Seq ID: 0, Bids: 0, Asks: 0
[1788894940247] TUI Render Frame -> Synced: false, Seq ID: 0, Bids: 0, Asks: 0
[1788894940297] TUI Render Frame -> Synced: false, Seq ID: 0, Bids: 0, Asks: 0
[1788894940347] TUI Render Frame -> Synced: false, Seq ID: 0, Bids: 0, Asks: 0
[1788894940397] TUI Render Frame -> Synced: false, Seq ID: 0, Bids: 0, Asks: 0
[1788894940447] TUI Render Frame -> Synced: false, Seq ID: 0, Bids: 0, Asks: 0
[1788894940497] TUI Render Frame -> Synced: false, Seq ID: 0, Bids: 0, Asks: 0
[1788894940547] TUI Render Frame -> Synced: false, Seq ID: 0, Bids: 0, Asks: 0
[1788894940597] TUI Render Frame -> Synced: false, Seq ID: 0, Bids: 0, Asks: 0
[1788894940647] TUI Render Frame -> Synced: false, Seq ID: 0, Bids: 0, Asks: 0
[1788894940697] TUI Render Frame -> Synced: false, Seq ID: 0, Bids: 0, Asks: 0
[1788894940747] TUI Render Frame -> Synced: false, Seq ID: 0, Bids: 0, Asks: 0
[1788894940798] TUI Render Frame -> Synced: false, Seq ID: 0, Bids: 0, Asks: 0
[1788894940847] TUI Render Frame -> Synced: false, Seq ID: 0, Bids: 0, Asks: 0
[1788894940897] TUI Render Frame -> Synced: false, Seq ID: 0, Bids: 0, Asks: 0
[1788894940946] TUI Render Frame -> Synced: false, Seq ID: 0, Bids: 0, Asks: 0
[1788894940997] TUI Render Frame -> Synced: false, Seq ID: 0, Bids: 0, Asks: 0
[1788894941047] TUI Render Frame -> Synced: false, Seq ID: 0, Bids: 0, Asks: 0
[1788894941097] TUI Render Frame -> Synced: false, Seq ID: 0, Bids: 0, Asks: 0
[1788894941145] TUI Render Frame -> Synced: false, Seq ID: 0, Bids: 0, Asks: 0
[1788894941197] TUI Render Frame -> Synced: false, Seq ID: 0, Bids: 0, Asks: 0
[1788894941247] TUI Render Frame -> Synced: false, Seq ID: 0, Bids: 0, Asks: 0
[1788894941297] TUI Render Frame -> Synced: false, Seq ID: 0, Bids: 0, Asks: 0
[1788894941347] TUI Render Frame -> Synced: false, Seq ID: 0, Bids: 0, Asks: 0
[1788894941397] TUI Render Frame -> Synced: false, Seq ID: 0, Bids: 0, Asks: 0
[1788894941447] TUI Render Frame -> Synced: false, Seq ID: 0, Bids: 0, Asks: 0
[1788894941497] TUI Render Frame -> Synced: false, Seq ID: 0, Bids: 0, Asks: 0
[1788894941547] TUI Render Frame -> Synced: false, Seq ID: 0, Bids: 0, Asks: 0
[1788894941596] TUI Render Frame -> Synced: false, Seq ID: 0, Bids: 0, Asks: 0
[1788894941647] TUI Render Frame -> Synced: false, Seq ID: 0, Bids: 0, Asks: 0
[1788894941697] TUI Render Frame -> Synced: false, Seq ID: 0, Bids: 0, Asks: 0
[1788894941746] TUI Render Frame -> Synced: false, Seq ID: 0, Bids: 0, Asks: 0
[1788894941797] TUI Render Frame -> Synced: false, Seq ID: 0, Bids: 0, Asks: 0
[1788894941847] TUI Render Frame -> Synced: false, Seq ID: 0, Bids: 0, Asks: 0
[1788894941897] TUI Render Frame -> Synced: false, Seq ID: 0, Bids: 0, Asks: 0
[1788894941947] TUI Render Frame -> Synced: false, Seq ID: 0, Bids: 0, Asks: 0
[1788894941997] TUI Render Frame -> Synced: false, Seq ID: 0, Bids: 0, Asks: 0
[1788894942047] TUI Render Frame -> Synced: false, Seq ID: 0, Bids: 0, Asks: 0
[1788894942097] TUI Render Frame -> Synced: false, Seq ID: 0, Bids: 0, Asks: 0
[1788894942147] TUI Render Frame -> Synced: false, Seq ID: 0, Bids: 0, Asks: 0
[1788894942197] TUI Render Frame -> Synced: false, Seq ID: 0, Bids: 0, Asks: 0
[1788894942247] TUI Render Frame -> Synced: false, Seq ID: 0, Bids: 0, Asks: 0
[1788894942297] TUI Render Frame -> Synced: false, Seq ID: 0, Bids: 0, Asks: 0
[1788894942347] TUI Render Frame -> Synced: false, Seq ID: 0, Bids: 0, Asks: 0
[1788894942397] TUI Render Frame -> Synced: false, Seq ID: 0, Bids: 0, Asks: 0
[1788894942447] TUI Render Frame -> Synced: false, Seq ID: 0, Bids: 0, Asks: 0
[1788894942497] TUI Render Frame -> Synced: false, Seq ID: 0, Bids: 0, Asks: 0
[1788894942547] TUI Render Frame -> Synced: false, Seq ID: 0, Bids: 0, Asks: 0
[1788894942597] TUI Render Frame -> Synced: false, Seq ID: 0, Bids: 0, Asks: 0
[1788894942647] TUI Render Frame -> Synced: false, Seq ID: 0, Bids: 0, Asks: 0
[1788894942697] TUI Render Frame -> Synced: false, Seq ID: 0, Bids: 0, Asks: 0
[1788894942746] TUI Render Frame -> Synced: false, Seq ID: 0, Bids: 0, Asks: 0
[1788894942797] TUI Render Frame -> Synced: false, Seq ID: 0, Bids: 0, Asks: 0
[1788894942847] TUI Render Frame -> Synced: false, Seq ID: 0, Bids: 0, Asks: 0
[1788894942897] TUI Render Frame -> Synced: false, Seq ID: 0, Bids: 0, Asks: 0
[1788894942947] TUI Render Frame -> Synced: false, Seq ID: 0, Bids: 0, Asks: 0
[1788894942997] TUI Render Frame -> Synced: false, Seq ID: 0, Bids: 0, Asks: 0
[1788894943047] TUI Render Frame -> Synced: false, Seq ID: 0, Bids: 0, Asks: 0
[1788894943097] TUI Render Frame -> Synced: false, Seq ID: 0, Bids: 0, Asks: 0
[1788894943147] TUI Render Frame -> Synced: false, Seq ID: 0, Bids: 0, Asks: 0
[1788894943197] TUI Render Frame -> Synced: false, Seq ID: 0, Bids: 0, Asks: 0
[1788894943247] TUI Render Frame -> Synced: false, Seq ID: 0, Bids: 0, Asks: 0
[1788894943297] TUI Render Frame -> Synced: false, Seq ID: 0, Bids: 0, Asks: 0
[1788894943347] TUI Render Frame -> Synced: false, Seq ID: 0, Bids: 0, Asks: 0
[1788894943397] TUI Render Frame -> Synced: false, Seq ID: 0, Bids: 0, Asks: 0
[1788894943452] TUI Render Frame -> Synced: false, Seq ID: 0, Bids: 0, Asks: 0
[1788894943497] TUI Render Frame -> Synced: false, Seq ID: 0, Bids: 0, Asks: 0
[1788894943547] TUI Render Frame -> Synced: false, Seq ID: 0, Bids: 0, Asks: 0
[1788894943596] TUI Render Frame -> Synced: false, Seq ID: 0, Bids: 0, Asks: 0
[1788894943646] TUI Render Frame -> Synced: false, Seq ID: 0, Bids: 0, Asks: 0
[1788894943697] TUI Render Frame -> Synced: false, Seq ID: 0, Bids: 0, Asks: 0
[1788894943747] TUI Render Frame -> Synced: false, Seq ID: 0, Bids: 0, Asks: 0
[1788894943797] TUI Render Frame -> Synced: false, Seq ID: 0, Bids: 0, Asks: 0
[1788894943847] TUI Render Frame -> Synced: false, Seq ID: 0, Bids: 0, Asks: 0
[1788894943897] TUI Render Frame -> Synced: false, Seq ID: 0, Bids: 0, Asks: 0
[1788894943947] TUI Render Frame -> Synced: false, Seq ID: 0, Bids: 0, Asks: 0
[1788894943997] TUI Render Frame -> Synced: false, Seq ID: 0, Bids: 0, Asks: 0
[1788894944047] TUI Render Frame -> Synced: false, Seq ID: 0, Bids: 0, Asks: 0
[1788894944097] TUI Render Frame -> Synced: false, Seq ID: 0, Bids: 0, Asks: 0
[1788894944147] TUI Render Frame -> Synced: false, Seq ID: 0, Bids: 0, Asks: 0
[1788894944197] TUI Render Frame -> Synced: false, Seq ID: 0, Bids: 0, Asks: 0
[1788894944247] TUI Render Frame -> Synced: false, Seq ID: 0, Bids: 0, Asks: 0
[1788894944297] TUI Render Frame -> Synced: false, Seq ID: 0, Bids: 0, Asks: 0
[1788894944346] TUI Render Frame -> Synced: false, Seq ID: 0, Bids: 0, Asks: 0
[1788894944396] Msg #4: Depth received | Bids: 20, Asks: 20, Timestamp ID: 1788894943936
[1788894944397] Reconciler book exists: false
[1788894944397] ui_tx.send status: true, receiver count: 1
[1788894944397] TUI Render Frame -> Synced: false, Seq ID: 0, Bids: 0, Asks: 0
[1788894944447] TUI Render Frame -> Synced: false, Seq ID: 0, Bids: 0, Asks: 0
[1788894944497] TUI Render Frame -> Synced: false, Seq ID: 0, Bids: 0, Asks: 0
[1788894944547] TUI Render Frame -> Synced: false, Seq ID: 0, Bids: 0, Asks: 0
[1788894944597] TUI Render Frame -> Synced: false, Seq ID: 0, Bids: 0, Asks: 0
[1788894944648] TUI Render Frame -> Synced: false, Seq ID: 0, Bids: 0, Asks: 0
[1788894944697] TUI Render Frame -> Synced: false, Seq ID: 0, Bids: 0, Asks: 0
[1788894944747] TUI Render Frame -> Synced: false, Seq ID: 0, Bids: 0, Asks: 0
[1788894944796] TUI Render Frame -> Synced: false, Seq ID: 0, Bids: 0, Asks: 0
[1788894944847] TUI Render Frame -> Synced: false, Seq ID: 0, Bids: 0, Asks: 0
[1788894944896] TUI Render Frame -> Synced: false, Seq ID: 0, Bids: 0, Asks: 0
[1788894944947] TUI Render Frame -> Synced: false, Seq ID: 0, Bids: 0, Asks: 0
[1788894944997] TUI Render Frame -> Synced: false, Seq ID: 0, Bids: 0, Asks: 0
[1788894945047] TUI Render Frame -> Synced: false, Seq ID: 0, Bids: 0, Asks: 0
[1788894945097] TUI Render Frame -> Synced: false, Seq ID: 0, Bids: 0, Asks: 0
[1788894945147] TUI Render Frame -> Synced: false, Seq ID: 0, Bids: 0, Asks: 0
[1788894945197] TUI Render Frame -> Synced: false, Seq ID: 0, Bids: 0, Asks: 0
[1788894945247] TUI Render Frame -> Synced: false, Seq ID: 0, Bids: 0, Asks: 0
[1788894945297] TUI Render Frame -> Synced: false, Seq ID: 0, Bids: 0, Asks: 0
[1788894945347] TUI Render Frame -> Synced: false, Seq ID: 0, Bids: 0, Asks: 0
[1788894945397] TUI Render Frame -> Synced: false, Seq ID: 0, Bids: 0, Asks: 0
[1788894945447] TUI Render Frame -> Synced: false, Seq ID: 0, Bids: 0, Asks: 0
[1788894945497] TUI Render Frame -> Synced: false, Seq ID: 0, Bids: 0, Asks: 0
[1788894945547] TUI Render Frame -> Synced: false, Seq ID: 0, Bids: 0, Asks: 0
[1788894945596] TUI Render Frame -> Synced: false, Seq ID: 0, Bids: 0, Asks: 0
[1788894945647] TUI Render Frame -> Synced: false, Seq ID: 0, Bids: 0, Asks: 0
[1788894945697] TUI Render Frame -> Synced: false, Seq ID: 0, Bids: 0, Asks: 0
[1788894945747] TUI Render Frame -> Synced: false, Seq ID: 0, Bids: 0, Asks: 0
[1788894945797] TUI Render Frame -> Synced: false, Seq ID: 0, Bids: 0, Asks: 0
[1788894945847] TUI Render Frame -> Synced: false, Seq ID: 0, Bids: 0, Asks: 0
[1788894945897] TUI Render Frame -> Synced: false, Seq ID: 0, Bids: 0, Asks: 0
[1788894945946] TUI Render Frame -> Synced: false, Seq ID: 0, Bids: 0, Asks: 0
[1788894945997] TUI Render Frame -> Synced: false, Seq ID: 0, Bids: 0, Asks: 0
[1788894946046] TUI Render Frame -> Synced: false, Seq ID: 0, Bids: 0, Asks: 0
[1788894946097] TUI Render Frame -> Synced: false, Seq ID: 0, Bids: 0, Asks: 0
[1788894946146] TUI Render Frame -> Synced: false, Seq ID: 0, Bids: 0, Asks: 0
[1788894946197] TUI Render Frame -> Synced: false, Seq ID: 0, Bids: 0, Asks: 0
[1788894946246] TUI Render Frame -> Synced: false, Seq ID: 0, Bids: 0, Asks: 0
[1788894946297] TUI Render Frame -> Synced: false, Seq ID: 0, Bids: 0, Asks: 0
[1788894946347] TUI Render Frame -> Synced: false, Seq ID: 0, Bids: 0, Asks: 0
[1788894946396] TUI Render Frame -> Synced: false, Seq ID: 0, Bids: 0, Asks: 0
[1788894946447] TUI Render Frame -> Synced: false, Seq ID: 0, Bids: 0, Asks: 0
[1788894946497] TUI Render Frame -> Synced: false, Seq ID: 0, Bids: 0, Asks: 0
[1788894946547] TUI Render Frame -> Synced: false, Seq ID: 0, Bids: 0, Asks: 0
[1788894946598] TUI Render Frame -> Synced: false, Seq ID: 0, Bids: 0, Asks: 0
[1788894946647] TUI Render Frame -> Synced: false, Seq ID: 0, Bids: 0, Asks: 0
[1788894946696] TUI Render Frame -> Synced: false, Seq ID: 0, Bids: 0, Asks: 0
[1788894946747] TUI Render Frame -> Synced: false, Seq ID: 0, Bids: 0, Asks: 0
[1788894946797] TUI Render Frame -> Synced: false, Seq ID: 0, Bids: 0, Asks: 0
[1788894946846] TUI Render Frame -> Synced: false, Seq ID: 0, Bids: 0, Asks: 0
[1788894946897] TUI Render Frame -> Synced: false, Seq ID: 0, Bids: 0, Asks: 0
[1788894946946] TUI Render Frame -> Synced: false, Seq ID: 0, Bids: 0, Asks: 0
[1788894946997] TUI Render Frame -> Synced: false, Seq ID: 0, Bids: 0, Asks: 0
[1788894947047] TUI Render Frame -> Synced: false, Seq ID: 0, Bids: 0, Asks: 0
[1788894947097] TUI Render Frame -> Synced: false, Seq ID: 0, Bids: 0, Asks: 0
[1788894947147] TUI Render Frame -> Synced: false, Seq ID: 0, Bids: 0, Asks: 0
[1788894947197] TUI Render Frame -> Synced: false, Seq ID: 0, Bids: 0, Asks: 0
[1788894947247] TUI Render Frame -> Synced: false, Seq ID: 0, Bids: 0, Asks: 0
[1788894947297] TUI Render Frame -> Synced: false, Seq ID: 0, Bids: 0, Asks: 0
[1788894947347] TUI Render Frame -> Synced: false, Seq ID: 0, Bids: 0, Asks: 0
[1788894947396] TUI Render Frame -> Synced: false, Seq ID: 0, Bids: 0, Asks: 0
[1788894947447] TUI Render Frame -> Synced: false, Seq ID: 0, Bids: 0, Asks: 0
[1788894947496] TUI Render Frame -> Synced: false, Seq ID: 0, Bids: 0, Asks: 0
[1788894947546] TUI Render Frame -> Synced: false, Seq ID: 0, Bids: 0, Asks: 0
[1788894947597] TUI Render Frame -> Synced: false, Seq ID: 0, Bids: 0, Asks: 0
[1788894947647] TUI Render Frame -> Synced: false, Seq ID: 0, Bids: 0, Asks: 0
[1788894947697] TUI Render Frame -> Synced: false, Seq ID: 0, Bids: 0, Asks: 0
[1788894947747] TUI Render Frame -> Synced: false, Seq ID: 0, Bids: 0, Asks: 0
[1788894947797] TUI Render Frame -> Synced: false, Seq ID: 0, Bids: 0, Asks: 0
[1788894947847] TUI Render Frame -> Synced: false, Seq ID: 0, Bids: 0, Asks: 0
[1788894947897] TUI Render Frame -> Synced: false, Seq ID: 0, Bids: 0, Asks: 0
[1788894947947] TUI Render Frame -> Synced: false, Seq ID: 0, Bids: 0, Asks: 0
[1788894947997] TUI Render Frame -> Synced: false, Seq ID: 0, Bids: 0, Asks: 0
[1788894948047] TUI Render Frame -> Synced: false, Seq ID: 0, Bids: 0, Asks: 0
[1788894948097] TUI Render Frame -> Synced: false, Seq ID: 0, Bids: 0, Asks: 0
[1788894948147] TUI Render Frame -> Synced: false, Seq ID: 0, Bids: 0, Asks: 0
[1788894948197] TUI Render Frame -> Synced: false, Seq ID: 0, Bids: 0, Asks: 0
[1788894948247] TUI Render Frame -> Synced: false, Seq ID: 0, Bids: 0, Asks: 0
[1788894948297] TUI Render Frame -> Synced: false, Seq ID: 0, Bids: 0, Asks: 0
[1788894948347] TUI Render Frame -> Synced: false, Seq ID: 0, Bids: 0, Asks: 0
[1788894948397] TUI Render Frame -> Synced: false, Seq ID: 0, Bids: 0, Asks: 0
[1788894948446] TUI Render Frame -> Synced: false, Seq ID: 0, Bids: 0, Asks: 0
[1788894948497] TUI Render Frame -> Synced: false, Seq ID: 0, Bids: 0, Asks: 0
[1788894948547] TUI Render Frame -> Synced: false, Seq ID: 0, Bids: 0, Asks: 0
[1788894948597] TUI Render Frame -> Synced: false, Seq ID: 0, Bids: 0, Asks: 0
[1788894948647] TUI Render Frame -> Synced: false, Seq ID: 0, Bids: 0, Asks: 0
[1788894948697] TUI Render Frame -> Synced: false, Seq ID: 0, Bids: 0, Asks: 0
[1788894948747] TUI Render Frame -> Synced: false, Seq ID: 0, Bids: 0, Asks: 0
[1788894948797] TUI Render Frame -> Synced: false, Seq ID: 0, Bids: 0, Asks: 0
[1788894948846] TUI Render Frame -> Synced: false, Seq ID: 0, Bids: 0, Asks: 0
[1788894948897] TUI Render Frame -> Synced: false, Seq ID: 0, Bids: 0, Asks: 0
[1788894948947] TUI Render Frame -> Synced: false, Seq ID: 0, Bids: 0, Asks: 0
[1788894948997] TUI Render Frame -> Synced: false, Seq ID: 0, Bids: 0, Asks: 0
[1788894949047] TUI Render Frame -> Synced: false, Seq ID: 0, Bids: 0, Asks: 0
[1788894949097] TUI Render Frame -> Synced: false, Seq ID: 0, Bids: 0, Asks: 0
[1788894949146] TUI Render Frame -> Synced: false, Seq ID: 0, Bids: 0, Asks: 0
[1788894949197] TUI Render Frame -> Synced: false, Seq ID: 0, Bids: 0, Asks: 0
[1788894949247] TUI Render Frame -> Synced: false, Seq ID: 0, Bids: 0, Asks: 0
[1788894949297] TUI Render Frame -> Synced: false, Seq ID: 0, Bids: 0, Asks: 0
[1788894949347] TUI Render Frame -> Synced: false, Seq ID: 0, Bids: 0, Asks: 0
[1788894949396] TUI Render Frame -> Synced: false, Seq ID: 0, Bids: 0, Asks: 0
[1788894949446] TUI Render Frame -> Synced: false, Seq ID: 0, Bids: 0, Asks: 0
[1788894949496] TUI Render Frame -> Synced: false, Seq ID: 0, Bids: 0, Asks: 0
[1788894949546] TUI Render Frame -> Synced: false, Seq ID: 0, Bids: 0, Asks: 0
[1788894949596] TUI Render Frame -> Synced: false, Seq ID: 0, Bids: 0, Asks: 0
[1788894949647] TUI Render Frame -> Synced: false, Seq ID: 0, Bids: 0, Asks: 0
[1788894949697] TUI Render Frame -> Synced: false, Seq ID: 0, Bids: 0, Asks: 0
[1788894949730] Msg #5: Depth received | Bids: 20, Asks: 20, Timestamp ID: 1788894949324
[1788894949731] Reconciler book exists: false
[1788894949731] ui_tx.send status: true, receiver count: 1
[1788894949748] TUI Render Frame -> Synced: false, Seq ID: 0, Bids: 0, Asks: 0
[1788894949796] TUI Render Frame -> Synced: false, Seq ID: 0, Bids: 0, Asks: 0
[1788894949846] TUI Render Frame -> Synced: false, Seq ID: 0, Bids: 0, Asks: 0
[1788894949897] TUI Render Frame -> Synced: false, Seq ID: 0, Bids: 0, Asks: 0
[1788894949947] TUI Render Frame -> Synced: false, Seq ID: 0, Bids: 0, Asks: 0
[1788894949997] TUI Render Frame -> Synced: false, Seq ID: 0, Bids: 0, Asks: 0
[1788894950047] TUI Render Frame -> Synced: false, Seq ID: 0, Bids: 0, Asks: 0
[1788894950096] TUI Render Frame -> Synced: false, Seq ID: 0, Bids: 0, Asks: 0
[1788894950146] TUI Render Frame -> Synced: false, Seq ID: 0, Bids: 0, Asks: 0
[1788894950197] TUI Render Frame -> Synced: false, Seq ID: 0, Bids: 0, Asks: 0
[1788894950246] TUI Render Frame -> Synced: false, Seq ID: 0, Bids: 0, Asks: 0
[1788894950297] TUI Render Frame -> Synced: false, Seq ID: 0, Bids: 0, Asks: 0
[1788894950347] TUI Render Frame -> Synced: false, Seq ID: 0, Bids: 0, Asks: 0
[1788894950397] TUI Render Frame -> Synced: false, Seq ID: 0, Bids: 0, Asks: 0
[1788894950447] TUI Render Frame -> Synced: false, Seq ID: 0, Bids: 0, Asks: 0
[1788894950497] TUI Render Frame -> Synced: false, Seq ID: 0, Bids: 0, Asks: 0
[1788894950548] TUI Render Frame -> Synced: false, Seq ID: 0, Bids: 0, Asks: 0
[1788894950596] TUI Render Frame -> Synced: false, Seq ID: 0, Bids: 0, Asks: 0
[1788894950647] TUI Render Frame -> Synced: false, Seq ID: 0, Bids: 0, Asks: 0
[1788894950697] TUI Render Frame -> Synced: false, Seq ID: 0, Bids: 0, Asks: 0
[1788894950746] TUI Render Frame -> Synced: false, Seq ID: 0, Bids: 0, Asks: 0
[1788894950796] TUI Render Frame -> Synced: false, Seq ID: 0, Bids: 0, Asks: 0
[1788894950847] TUI Render Frame -> Synced: false, Seq ID: 0, Bids: 0, Asks: 0
[1788894950896] TUI Render Frame -> Synced: false, Seq ID: 0, Bids: 0, Asks: 0
[1788894950947] TUI Render Frame -> Synced: false, Seq ID: 0, Bids: 0, Asks: 0
[1788894950997] TUI Render Frame -> Synced: false, Seq ID: 0, Bids: 0, Asks: 0
[1788894951047] TUI Render Frame -> Synced: false, Seq ID: 0, Bids: 0, Asks: 0
[1788894951097] TUI Render Frame -> Synced: false, Seq ID: 0, Bids: 0, Asks: 0
[1788894951147] TUI Render Frame -> Synced: false, Seq ID: 0, Bids: 0, Asks: 0
[1788894951196] TUI Render Frame -> Synced: false, Seq ID: 0, Bids: 0, Asks: 0
[1788894951246] TUI Render Frame -> Synced: false, Seq ID: 0, Bids: 0, Asks: 0
[1788894951296] TUI Render Frame -> Synced: false, Seq ID: 0, Bids: 0, Asks: 0
[1788894951347] TUI Render Frame -> Synced: false, Seq ID: 0, Bids: 0, Asks: 0
[1788894951397] TUI Render Frame -> Synced: false, Seq ID: 0, Bids: 0, Asks: 0
[1788894951447] TUI Render Frame -> Synced: false, Seq ID: 0, Bids: 0, Asks: 0
[1788894951497] TUI Render Frame -> Synced: false, Seq ID: 0, Bids: 0, Asks: 0
[1788894951547] TUI Render Frame -> Synced: false, Seq ID: 0, Bids: 0, Asks: 0
[1788894951597] TUI Render Frame -> Synced: false, Seq ID: 0, Bids: 0, Asks: 0
[1788894951647] TUI Render Frame -> Synced: false, Seq ID: 0, Bids: 0, Asks: 0
[1788894951697] TUI Render Frame -> Synced: false, Seq ID: 0, Bids: 0, Asks: 0
[1788894951747] TUI Render Frame -> Synced: false, Seq ID: 0, Bids: 0, Asks: 0
[1788894951797] TUI Render Frame -> Synced: false, Seq ID: 0, Bids: 0, Asks: 0
[1788894951847] TUI Render Frame -> Synced: false, Seq ID: 0, Bids: 0, Asks: 0
[1788894951897] TUI Render Frame -> Synced: false, Seq ID: 0, Bids: 0, Asks: 0
[1788894951947] TUI Render Frame -> Synced: false, Seq ID: 0, Bids: 0, Asks: 0
[1788894951997] TUI Render Frame -> Synced: false, Seq ID: 0, Bids: 0, Asks: 0
[1788894952047] TUI Render Frame -> Synced: false, Seq ID: 0, Bids: 0, Asks: 0
[1788894952097] TUI Render Frame -> Synced: false, Seq ID: 0, Bids: 0, Asks: 0
[1788894952147] TUI Render Frame -> Synced: false, Seq ID: 0, Bids: 0, Asks: 0
[1788894952197] TUI Render Frame -> Synced: false, Seq ID: 0, Bids: 0, Asks: 0
[1788894952249] TUI Render Frame -> Synced: false, Seq ID: 0, Bids: 0, Asks: 0
[1788894952297] TUI Render Frame -> Synced: false, Seq ID: 0, Bids: 0, Asks: 0
[1788894952346] TUI Render Frame -> Synced: false, Seq ID: 0, Bids: 0, Asks: 0
[1788894952397] TUI Render Frame -> Synced: false, Seq ID: 0, Bids: 0, Asks: 0
[1788894952447] TUI Render Frame -> Synced: false, Seq ID: 0, Bids: 0, Asks: 0
[1788894952497] TUI Render Frame -> Synced: false, Seq ID: 0, Bids: 0, Asks: 0
[1788894952613] TUI Render Frame -> Synced: false, Seq ID: 0, Bids: 0, Asks: 0
[1788894952626] TUI Render Frame -> Synced: false, Seq ID: 0, Bids: 0, Asks: 0
[1788894952653] TUI Render Frame -> Synced: false, Seq ID: 0, Bids: 0, Asks: 0
[1788894952698] TUI Render Frame -> Synced: false, Seq ID: 0, Bids: 0, Asks: 0
[1788894952765] TUI Render Frame -> Synced: false, Seq ID: 0, Bids: 0, Asks: 0
[1788894952796] TUI Render Frame -> Synced: false, Seq ID: 0, Bids: 0, Asks: 0
[1788894952847] TUI Render Frame -> Synced: false, Seq ID: 0, Bids: 0, Asks: 0
[1788894952897] TUI Render Frame -> Synced: false, Seq ID: 0, Bids: 0, Asks: 0
[1788894952947] TUI Render Frame -> Synced: false, Seq ID: 0, Bids: 0, Asks: 0
[1788894952997] TUI Render Frame -> Synced: false, Seq ID: 0, Bids: 0, Asks: 0
[1788894953047] TUI Render Frame -> Synced: false, Seq ID: 0, Bids: 0, Asks: 0
[1788894953097] TUI Render Frame -> Synced: false, Seq ID: 0, Bids: 0, Asks: 0
[1788894953147] TUI Render Frame -> Synced: false, Seq ID: 0, Bids: 0, Asks: 0
[1788894953197] TUI Render Frame -> Synced: false, Seq ID: 0, Bids: 0, Asks: 0
[1788894953247] TUI Render Frame -> Synced: false, Seq ID: 0, Bids: 0, Asks: 0
[1788894953298] TUI Render Frame -> Synced: false, Seq ID: 0, Bids: 0, Asks: 0
[1788894953348] TUI Render Frame -> Synced: false, Seq ID: 0, Bids: 0, Asks: 0
[1788894953396] TUI Render Frame -> Synced: false, Seq ID: 0, Bids: 0, Asks: 0
[1788894953446] TUI Render Frame -> Synced: false, Seq ID: 0, Bids: 0, Asks: 0
[1788894953496] TUI Render Frame -> Synced: false, Seq ID: 0, Bids: 0, Asks: 0
[1788894953546] TUI Render Frame -> Synced: false, Seq ID: 0, Bids: 0, Asks: 0
[1788894953597] TUI Render Frame -> Synced: false, Seq ID: 0, Bids: 0, Asks: 0
[1788894953647] TUI Render Frame -> Synced: false, Seq ID: 0, Bids: 0, Asks: 0
[1788894953697] TUI Render Frame -> Synced: false, Seq ID: 0, Bids: 0, Asks: 0
[1788894953747] TUI Render Frame -> Synced: false, Seq ID: 0, Bids: 0, Asks: 0
[1788894953797] TUI Render Frame -> Synced: false, Seq ID: 0, Bids: 0, Asks: 0
[1788894953847] TUI Render Frame -> Synced: false, Seq ID: 0, Bids: 0, Asks: 0
[1788894953897] TUI Render Frame -> Synced: false, Seq ID: 0, Bids: 0, Asks: 0
[1788894953946] TUI Render Frame -> Synced: false, Seq ID: 0, Bids: 0, Asks: 0
[1788894953997] TUI Render Frame -> Synced: false, Seq ID: 0, Bids: 0, Asks: 0
[1788894954047] TUI Render Frame -> Synced: false, Seq ID: 0, Bids: 0, Asks: 0
[1788894954097] TUI Render Frame -> Synced: false, Seq ID: 0, Bids: 0, Asks: 0
[1788894954147] TUI Render Frame -> Synced: false, Seq ID: 0, Bids: 0, Asks: 0
[1788894954197] TUI Render Frame -> Synced: false, Seq ID: 0, Bids: 0, Asks: 0
[1788894954247] TUI Render Frame -> Synced: false, Seq ID: 0, Bids: 0, Asks: 0
[1788894954297] TUI Render Frame -> Synced: false, Seq ID: 0, Bids: 0, Asks: 0
[1788894954347] TUI Render Frame -> Synced: false, Seq ID: 0, Bids: 0, Asks: 0
[1788894954396] TUI Render Frame -> Synced: false, Seq ID: 0, Bids: 0, Asks: 0
[1788894954447] TUI Render Frame -> Synced: false, Seq ID: 0, Bids: 0, Asks: 0
[1788894954497] TUI Render Frame -> Synced: false, Seq ID: 0, Bids: 0, Asks: 0
[1788894954547] TUI Render Frame -> Synced: false, Seq ID: 0, Bids: 0, Asks: 0
[1788894954597] TUI Render Frame -> Synced: false, Seq ID: 0, Bids: 0, Asks: 0
[1788894954647] TUI Render Frame -> Synced: false, Seq ID: 0, Bids: 0, Asks: 0
[1788894954697] TUI Render Frame -> Synced: false, Seq ID: 0, Bids: 0, Asks: 0
[1788894954747] TUI Render Frame -> Synced: false, Seq ID: 0, Bids: 0, Asks: 0
[1788894954797] TUI Render Frame -> Synced: false, Seq ID: 0, Bids: 0, Asks: 0
[1788894954846] TUI Render Frame -> Synced: false, Seq ID: 0, Bids: 0, Asks: 0
[1788894954897] TUI Render Frame -> Synced: false, Seq ID: 0, Bids: 0, Asks: 0
[1788894954947] TUI Render Frame -> Synced: false, Seq ID: 0, Bids: 0, Asks: 0
[1788894954997] TUI Render Frame -> Synced: false, Seq ID: 0, Bids: 0, Asks: 0
[1788894955047] TUI Render Frame -> Synced: false, Seq ID: 0, Bids: 0, Asks: 0
[1788894955097] TUI Render Frame -> Synced: false, Seq ID: 0, Bids: 0, Asks: 0
[1788894955147] TUI Render Frame -> Synced: false, Seq ID: 0, Bids: 0, Asks: 0
[1788894955151] Msg #6: Depth received | Bids: 20, Asks: 20, Timestamp ID: 1788894954733
[1788894955151] Reconciler book exists: false
[1788894955151] ui_tx.send status: true, receiver count: 1
[1788894955196] TUI Render Frame -> Synced: false, Seq ID: 0, Bids: 0, Asks: 0
[1788894955247] TUI Render Frame -> Synced: false, Seq ID: 0, Bids: 0, Asks: 0
[1788894955297] TUI Render Frame -> Synced: false, Seq ID: 0, Bids: 0, Asks: 0
[1788894955347] TUI Render Frame -> Synced: false, Seq ID: 0, Bids: 0, Asks: 0
[1788894955397] TUI Render Frame -> Synced: false, Seq ID: 0, Bids: 0, Asks: 0
[1788894955447] TUI Render Frame -> Synced: false, Seq ID: 0, Bids: 0, Asks: 0
[1788894955497] TUI Render Frame -> Synced: false, Seq ID: 0, Bids: 0, Asks: 0
[1788894955546] TUI Render Frame -> Synced: false, Seq ID: 0, Bids: 0, Asks: 0
[1788894955597] TUI Render Frame -> Synced: false, Seq ID: 0, Bids: 0, Asks: 0
[1788894955647] TUI Render Frame -> Synced: false, Seq ID: 0, Bids: 0, Asks: 0
[1788894955697] TUI Render Frame -> Synced: false, Seq ID: 0, Bids: 0, Asks: 0
[1788894955747] TUI Render Frame -> Synced: false, Seq ID: 0, Bids: 0, Asks: 0
[1788894955797] TUI Render Frame -> Synced: false, Seq ID: 0, Bids: 0, Asks: 0
[1788894955847] TUI Render Frame -> Synced: false, Seq ID: 0, Bids: 0, Asks: 0
[1788894955897] TUI Render Frame -> Synced: false, Seq ID: 0, Bids: 0, Asks: 0
[1788894955947] TUI Render Frame -> Synced: false, Seq ID: 0, Bids: 0, Asks: 0
[1788894955997] TUI Render Frame -> Synced: false, Seq ID: 0, Bids: 0, Asks: 0
[1788894956047] TUI Render Frame -> Synced: false, Seq ID: 0, Bids: 0, Asks: 0
[1788894956097] TUI Render Frame -> Synced: false, Seq ID: 0, Bids: 0, Asks: 0
[1788894956147] TUI Render Frame -> Synced: false, Seq ID: 0, Bids: 0, Asks: 0
[1788894956198] TUI Render Frame -> Synced: false, Seq ID: 0, Bids: 0, Asks: 0
[1788894956247] TUI Render Frame -> Synced: false, Seq ID: 0, Bids: 0, Asks: 0
[1788894956297] TUI Render Frame -> Synced: false, Seq ID: 0, Bids: 0, Asks: 0
[1788894956346] TUI Render Frame -> Synced: false, Seq ID: 0, Bids: 0, Asks: 0
[1788894956397] TUI Render Frame -> Synced: false, Seq ID: 0, Bids: 0, Asks: 0
[1788894956446] TUI Render Frame -> Synced: false, Seq ID: 0, Bids: 0, Asks: 0
[1788894956497] TUI Render Frame -> Synced: false, Seq ID: 0, Bids: 0, Asks: 0
[1788894956547] TUI Render Frame -> Synced: false, Seq ID: 0, Bids: 0, Asks: 0
[1788894956597] TUI Render Frame -> Synced: false, Seq ID: 0, Bids: 0, Asks: 0
[1788894956646] TUI Render Frame -> Synced: false, Seq ID: 0, Bids: 0, Asks: 0
[1788894956697] TUI Render Frame -> Synced: false, Seq ID: 0, Bids: 0, Asks: 0
[1788894956747] TUI Render Frame -> Synced: false, Seq ID: 0, Bids: 0, Asks: 0
[1788894956798] TUI Render Frame -> Synced: false, Seq ID: 0, Bids: 0, Asks: 0
[1788894956847] TUI Render Frame -> Synced: false, Seq ID: 0, Bids: 0, Asks: 0
[1788894956898] TUI Render Frame -> Synced: false, Seq ID: 0, Bids: 0, Asks: 0
[1788894956947] TUI Render Frame -> Synced: false, Seq ID: 0, Bids: 0, Asks: 0
[1788894956997] TUI Render Frame -> Synced: false, Seq ID: 0, Bids: 0, Asks: 0
[1788894957047] TUI Render Frame -> Synced: false, Seq ID: 0, Bids: 0, Asks: 0
[1788894957097] TUI Render Frame -> Synced: false, Seq ID: 0, Bids: 0, Asks: 0
[1788894957147] TUI Render Frame -> Synced: false, Seq ID: 0, Bids: 0, Asks: 0
[1788894957197] TUI Render Frame -> Synced: false, Seq ID: 0, Bids: 0, Asks: 0
[1788894957247] TUI Render Frame -> Synced: false, Seq ID: 0, Bids: 0, Asks: 0
[1788894957298] TUI Render Frame -> Synced: false, Seq ID: 0, Bids: 0, Asks: 0
[1788894957346] TUI Render Frame -> Synced: false, Seq ID: 0, Bids: 0, Asks: 0
[1788894957397] TUI Render Frame -> Synced: false, Seq ID: 0, Bids: 0, Asks: 0
[1788894957447] TUI Render Frame -> Synced: false, Seq ID: 0, Bids: 0, Asks: 0
[1788894957497] TUI Render Frame -> Synced: false, Seq ID: 0, Bids: 0, Asks: 0
[1788894957547] TUI Render Frame -> Synced: false, Seq ID: 0, Bids: 0, Asks: 0
[1788894957597] TUI Render Frame -> Synced: false, Seq ID: 0, Bids: 0, Asks: 0
[1788894957647] TUI Render Frame -> Synced: false, Seq ID: 0, Bids: 0, Asks: 0
[1788894957697] TUI Render Frame -> Synced: false, Seq ID: 0, Bids: 0, Asks: 0
[1788894957747] TUI Render Frame -> Synced: false, Seq ID: 0, Bids: 0, Asks: 0
[1788894957797] TUI Render Frame -> Synced: false, Seq ID: 0, Bids: 0, Asks: 0
[1788894957847] TUI Render Frame -> Synced: false, Seq ID: 0, Bids: 0, Asks: 0
[1788894957897] TUI Render Frame -> Synced: false, Seq ID: 0, Bids: 0, Asks: 0
[1788894957947] TUI Render Frame -> Synced: false, Seq ID: 0, Bids: 0, Asks: 0
[1788894957997] TUI Render Frame -> Synced: false, Seq ID: 0, Bids: 0, Asks: 0
[1788894958047] TUI Render Frame -> Synced: false, Seq ID: 0, Bids: 0, Asks: 0
[1788894958097] TUI Render Frame -> Synced: false, Seq ID: 0, Bids: 0, Asks: 0
[1788894958148] TUI Render Frame -> Synced: false, Seq ID: 0, Bids: 0, Asks: 0
[1788894958197] TUI Render Frame -> Synced: false, Seq ID: 0, Bids: 0, Asks: 0
[1788894958247] TUI Render Frame -> Synced: false, Seq ID: 0, Bids: 0, Asks: 0
[1788894958298] TUI Render Frame -> Synced: false, Seq ID: 0, Bids: 0, Asks: 0
[1788894958348] TUI Render Frame -> Synced: false, Seq ID: 0, Bids: 0, Asks: 0
[1788894958398] TUI Render Frame -> Synced: false, Seq ID: 0, Bids: 0, Asks: 0
[1788894958447] TUI Render Frame -> Synced: false, Seq ID: 0, Bids: 0, Asks: 0
[1788894958497] TUI Render Frame -> Synced: false, Seq ID: 0, Bids: 0, Asks: 0
[1788894958547] TUI Render Frame -> Synced: false, Seq ID: 0, Bids: 0, Asks: 0
[1788894958596] TUI Render Frame -> Synced: false, Seq ID: 0, Bids: 0, Asks: 0
[1788894958648] TUI Render Frame -> Synced: false, Seq ID: 0, Bids: 0, Asks: 0
[1788894958697] TUI Render Frame -> Synced: false, Seq ID: 0, Bids: 0, Asks: 0
[1788894958746] TUI Render Frame -> Synced: false, Seq ID: 0, Bids: 0, Asks: 0
[1788894958797] TUI Render Frame -> Synced: false, Seq ID: 0, Bids: 0, Asks: 0
[1788894958847] TUI Render Frame -> Synced: false, Seq ID: 0, Bids: 0, Asks: 0
[1788894958897] TUI Render Frame -> Synced: false, Seq ID: 0, Bids: 0, Asks: 0
[1788894958947] TUI Render Frame -> Synced: false, Seq ID: 0, Bids: 0, Asks: 0
[1788894958996] TUI Render Frame -> Synced: false, Seq ID: 0, Bids: 0, Asks: 0
[1788894959047] TUI Render Frame -> Synced: false, Seq ID: 0, Bids: 0, Asks: 0
[1788894959097] TUI Render Frame -> Synced: false, Seq ID: 0, Bids: 0, Asks: 0
[1788894959147] TUI Render Frame -> Synced: false, Seq ID: 0, Bids: 0, Asks: 0
[1788894959196] TUI Render Frame -> Synced: false, Seq ID: 0, Bids: 0, Asks: 0
[1788894959247] TUI Render Frame -> Synced: false, Seq ID: 0, Bids: 0, Asks: 0
[1788894959298] TUI Render Frame -> Synced: false, Seq ID: 0, Bids: 0, Asks: 0
[1788894959347] TUI Render Frame -> Synced: false, Seq ID: 0, Bids: 0, Asks: 0
[1788894959397] TUI Render Frame -> Synced: false, Seq ID: 0, Bids: 0, Asks: 0
[1788894959447] TUI Render Frame -> Synced: false, Seq ID: 0, Bids: 0, Asks: 0
[1788894959497] TUI Render Frame -> Synced: false, Seq ID: 0, Bids: 0, Asks: 0
[1788894959547] TUI Render Frame -> Synced: false, Seq ID: 0, Bids: 0, Asks: 0
[1788894959598] TUI Render Frame -> Synced: false, Seq ID: 0, Bids: 0, Asks: 0
[1788894959647] TUI Render Frame -> Synced: false, Seq ID: 0, Bids: 0, Asks: 0
[1788894959698] TUI Render Frame -> Synced: false, Seq ID: 0, Bids: 0, Asks: 0
[1788894959748] TUI Render Frame -> Synced: false, Seq ID: 0, Bids: 0, Asks: 0
[1788894959797] TUI Render Frame -> Synced: false, Seq ID: 0, Bids: 0, Asks: 0
[1788894959847] TUI Render Frame -> Synced: false, Seq ID: 0, Bids: 0, Asks: 0
[1788894959897] TUI Render Frame -> Synced: false, Seq ID: 0, Bids: 0, Asks: 0
[1788894959946] TUI Render Frame -> Synced: false, Seq ID: 0, Bids: 0, Asks: 0
[1788894959997] TUI Render Frame -> Synced: false, Seq ID: 0, Bids: 0, Asks: 0
[1788894960047] TUI Render Frame -> Synced: false, Seq ID: 0, Bids: 0, Asks: 0
[1788894960097] TUI Render Frame -> Synced: false, Seq ID: 0, Bids: 0, Asks: 0
[1788894960147] TUI Render Frame -> Synced: false, Seq ID: 0, Bids: 0, Asks: 0
[1788894960197] TUI Render Frame -> Synced: false, Seq ID: 0, Bids: 0, Asks: 0
[1788894960247] TUI Render Frame -> Synced: false, Seq ID: 0, Bids: 0, Asks: 0
[1788894960297] TUI Render Frame -> Synced: false, Seq ID: 0, Bids: 0, Asks: 0
[1788894960346] TUI Render Frame -> Synced: false, Seq ID: 0, Bids: 0, Asks: 0
[1788894960397] TUI Render Frame -> Synced: false, Seq ID: 0, Bids: 0, Asks: 0
[1788894960447] TUI Render Frame -> Synced: false, Seq ID: 0, Bids: 0, Asks: 0
[1788894960497] TUI Render Frame -> Synced: false, Seq ID: 0, Bids: 0, Asks: 0
[1788894960547] TUI Render Frame -> Synced: false, Seq ID: 0, Bids: 0, Asks: 0
[1788894960573] Msg #7: Depth received | Bids: 20, Asks: 20, Timestamp ID: 1788894960121
[1788894960573] Reconciler book exists: false
[1788894960573] ui_tx.send status: true, receiver count: 1
[1788894960597] TUI Render Frame -> Synced: false, Seq ID: 0, Bids: 0, Asks: 0
[1788894960647] TUI Render Frame -> Synced: false, Seq ID: 0, Bids: 0, Asks: 0
[1788894960697] TUI Render Frame -> Synced: false, Seq ID: 0, Bids: 0, Asks: 0
[1788894960747] TUI Render Frame -> Synced: false, Seq ID: 0, Bids: 0, Asks: 0
[1788894960797] TUI Render Frame -> Synced: false, Seq ID: 0, Bids: 0, Asks: 0
[1788894960847] TUI Render Frame -> Synced: false, Seq ID: 0, Bids: 0, Asks: 0
[1788894960897] TUI Render Frame -> Synced: false, Seq ID: 0, Bids: 0, Asks: 0
[1788894960947] TUI Render Frame -> Synced: false, Seq ID: 0, Bids: 0, Asks: 0
[1788894960997] TUI Render Frame -> Synced: false, Seq ID: 0, Bids: 0, Asks: 0
[1788894961047] TUI Render Frame -> Synced: false, Seq ID: 0, Bids: 0, Asks: 0
[1788894961097] TUI Render Frame -> Synced: false, Seq ID: 0, Bids: 0, Asks: 0
[1788894961147] TUI Render Frame -> Synced: false, Seq ID: 0, Bids: 0, Asks: 0
[1788894961197] TUI Render Frame -> Synced: false, Seq ID: 0, Bids: 0, Asks: 0
[1788894961246] TUI Render Frame -> Synced: false, Seq ID: 0, Bids: 0, Asks: 0
[1788894961297] TUI Render Frame -> Synced: false, Seq ID: 0, Bids: 0, Asks: 0
[1788894961347] TUI Render Frame -> Synced: false, Seq ID: 0, Bids: 0, Asks: 0
[1788894961397] TUI Render Frame -> Synced: false, Seq ID: 0, Bids: 0, Asks: 0
[1788894961449] TUI Render Frame -> Synced: false, Seq ID: 0, Bids: 0, Asks: 0
[1788894961497] TUI Render Frame -> Synced: false, Seq ID: 0, Bids: 0, Asks: 0
[1788894961546] TUI Render Frame -> Synced: false, Seq ID: 0, Bids: 0, Asks: 0
[1788894961597] TUI Render Frame -> Synced: false, Seq ID: 0, Bids: 0, Asks: 0
[1788894961647] TUI Render Frame -> Synced: false, Seq ID: 0, Bids: 0, Asks: 0
[1788894961697] TUI Render Frame -> Synced: false, Seq ID: 0, Bids: 0, Asks: 0
[1788894961747] TUI Render Frame -> Synced: false, Seq ID: 0, Bids: 0, Asks: 0
[1788894961797] TUI Render Frame -> Synced: false, Seq ID: 0, Bids: 0, Asks: 0
[1788894961847] TUI Render Frame -> Synced: false, Seq ID: 0, Bids: 0, Asks: 0
[1788894961897] TUI Render Frame -> Synced: false, Seq ID: 0, Bids: 0, Asks: 0
[1788894961946] TUI Render Frame -> Synced: false, Seq ID: 0, Bids: 0, Asks: 0
[1788894961997] TUI Render Frame -> Synced: false, Seq ID: 0, Bids: 0, Asks: 0
[1788894962047] TUI Render Frame -> Synced: false, Seq ID: 0, Bids: 0, Asks: 0
[1788894962098] TUI Render Frame -> Synced: false, Seq ID: 0, Bids: 0, Asks: 0
[1788894962149] TUI Render Frame -> Synced: false, Seq ID: 0, Bids: 0, Asks: 0
[1788894962196] TUI Render Frame -> Synced: false, Seq ID: 0, Bids: 0, Asks: 0
[1788894962247] TUI Render Frame -> Synced: false, Seq ID: 0, Bids: 0, Asks: 0
[1788894962296] TUI Render Frame -> Synced: false, Seq ID: 0, Bids: 0, Asks: 0
[1788894962346] TUI Render Frame -> Synced: false, Seq ID: 0, Bids: 0, Asks: 0
[1788894962396] TUI Render Frame -> Synced: false, Seq ID: 0, Bids: 0, Asks: 0
[1788894962447] TUI Render Frame -> Synced: false, Seq ID: 0, Bids: 0, Asks: 0
[1788894962497] TUI Render Frame -> Synced: false, Seq ID: 0, Bids: 0, Asks: 0
[1788894962547] TUI Render Frame -> Synced: false, Seq ID: 0, Bids: 0, Asks: 0
[1788894962597] TUI Render Frame -> Synced: false, Seq ID: 0, Bids: 0, Asks: 0
[1788894962647] TUI Render Frame -> Synced: false, Seq ID: 0, Bids: 0, Asks: 0
[1788894962697] TUI Render Frame -> Synced: false, Seq ID: 0, Bids: 0, Asks: 0
[1788894962747] TUI Render Frame -> Synced: false, Seq ID: 0, Bids: 0, Asks: 0
[1788894962796] TUI Render Frame -> Synced: false, Seq ID: 0, Bids: 0, Asks: 0
[1788894962847] TUI Render Frame -> Synced: false, Seq ID: 0, Bids: 0, Asks: 0
[1788894962897] TUI Render Frame -> Synced: false, Seq ID: 0, Bids: 0, Asks: 0
[1788894962947] TUI Render Frame -> Synced: false, Seq ID: 0, Bids: 0, Asks: 0
[1788894962997] TUI Render Frame -> Synced: false, Seq ID: 0, Bids: 0, Asks: 0
[1788894963047] TUI Render Frame -> Synced: false, Seq ID: 0, Bids: 0, Asks: 0
[1788894963097] TUI Render Frame -> Synced: false, Seq ID: 0, Bids: 0, Asks: 0
[1788894963148] TUI Render Frame -> Synced: false, Seq ID: 0, Bids: 0, Asks: 0
[1788894963198] TUI Render Frame -> Synced: false, Seq ID: 0, Bids: 0, Asks: 0
[1788894963247] TUI Render Frame -> Synced: false, Seq ID: 0, Bids: 0, Asks: 0
[1788894963297] TUI Render Frame -> Synced: false, Seq ID: 0, Bids: 0, Asks: 0
[1788894963347] TUI Render Frame -> Synced: false, Seq ID: 0, Bids: 0, Asks: 0
[1788894963397] TUI Render Frame -> Synced: false, Seq ID: 0, Bids: 0, Asks: 0
[1788894963447] TUI Render Frame -> Synced: false, Seq ID: 0, Bids: 0, Asks: 0
[1788894963497] TUI Render Frame -> Synced: false, Seq ID: 0, Bids: 0, Asks: 0
[1788894963546] TUI Render Frame -> Synced: false, Seq ID: 0, Bids: 0, Asks: 0
[1788894963597] TUI Render Frame -> Synced: false, Seq ID: 0, Bids: 0, Asks: 0
[1788894963647] TUI Render Frame -> Synced: false, Seq ID: 0, Bids: 0, Asks: 0
[1788894963697] TUI Render Frame -> Synced: false, Seq ID: 0, Bids: 0, Asks: 0
[1788894963747] TUI Render Frame -> Synced: false, Seq ID: 0, Bids: 0, Asks: 0
[1788894963797] TUI Render Frame -> Synced: false, Seq ID: 0, Bids: 0, Asks: 0
[1788894963847] TUI Render Frame -> Synced: false, Seq ID: 0, Bids: 0, Asks: 0
[1788894963898] TUI Render Frame -> Synced: false, Seq ID: 0, Bids: 0, Asks: 0
[1788894963947] TUI Render Frame -> Synced: false, Seq ID: 0, Bids: 0, Asks: 0
[1788894963997] TUI Render Frame -> Synced: false, Seq ID: 0, Bids: 0, Asks: 0
[1788894964047] TUI Render Frame -> Synced: false, Seq ID: 0, Bids: 0, Asks: 0
[1788894964096] TUI Render Frame -> Synced: false, Seq ID: 0, Bids: 0, Asks: 0
[1788894964146] TUI Render Frame -> Synced: false, Seq ID: 0, Bids: 0, Asks: 0
[1788894964197] TUI Render Frame -> Synced: false, Seq ID: 0, Bids: 0, Asks: 0
[1788894964249] TUI Render Frame -> Synced: false, Seq ID: 0, Bids: 0, Asks: 0
[1788894964297] TUI Render Frame -> Synced: false, Seq ID: 0, Bids: 0, Asks: 0
[1788894964347] TUI Render Frame -> Synced: false, Seq ID: 0, Bids: 0, Asks: 0
[1788894964396] TUI Render Frame -> Synced: false, Seq ID: 0, Bids: 0, Asks: 0
[1788894964447] TUI Render Frame -> Synced: false, Seq ID: 0, Bids: 0, Asks: 0
[1788894964497] TUI Render Frame -> Synced: false, Seq ID: 0, Bids: 0, Asks: 0
[1788894964547] TUI Render Frame -> Synced: false, Seq ID: 0, Bids: 0, Asks: 0
[1788894964597] TUI Render Frame -> Synced: false, Seq ID: 0, Bids: 0, Asks: 0
[1788894964647] TUI Render Frame -> Synced: false, Seq ID: 0, Bids: 0, Asks: 0
[1788894964697] TUI Render Frame -> Synced: false, Seq ID: 0, Bids: 0, Asks: 0
[1788894964747] TUI Render Frame -> Synced: false, Seq ID: 0, Bids: 0, Asks: 0
[1788894964797] TUI Render Frame -> Synced: false, Seq ID: 0, Bids: 0, Asks: 0
[1788894964847] TUI Render Frame -> Synced: false, Seq ID: 0, Bids: 0, Asks: 0
[1788894964897] TUI Render Frame -> Synced: false, Seq ID: 0, Bids: 0, Asks: 0
[1788894964947] TUI Render Frame -> Synced: false, Seq ID: 0, Bids: 0, Asks: 0
[1788894964997] TUI Render Frame -> Synced: false, Seq ID: 0, Bids: 0, Asks: 0
[1788894965047] TUI Render Frame -> Synced: false, Seq ID: 0, Bids: 0, Asks: 0
[1788894965096] TUI Render Frame -> Synced: false, Seq ID: 0, Bids: 0, Asks: 0
[1788894965147] TUI Render Frame -> Synced: false, Seq ID: 0, Bids: 0, Asks: 0
[1788894965197] TUI Render Frame -> Synced: false, Seq ID: 0, Bids: 0, Asks: 0
[1788894965247] TUI Render Frame -> Synced: false, Seq ID: 0, Bids: 0, Asks: 0
[1788894965298] TUI Render Frame -> Synced: false, Seq ID: 0, Bids: 0, Asks: 0
[1788894965347] TUI Render Frame -> Synced: false, Seq ID: 0, Bids: 0, Asks: 0
[1788894965397] TUI Render Frame -> Synced: false, Seq ID: 0, Bids: 0, Asks: 0
[1788894965447] TUI Render Frame -> Synced: false, Seq ID: 0, Bids: 0, Asks: 0
[1788894965497] TUI Render Frame -> Synced: false, Seq ID: 0, Bids: 0, Asks: 0
[1788894965547] TUI Render Frame -> Synced: false, Seq ID: 0, Bids: 0, Asks: 0
[1788894965597] TUI Render Frame -> Synced: false, Seq ID: 0, Bids: 0, Asks: 0
[1788894965647] TUI Render Frame -> Synced: false, Seq ID: 0, Bids: 0, Asks: 0
[1788894965697] TUI Render Frame -> Synced: false, Seq ID: 0, Bids: 0, Asks: 0
[1788894965747] TUI Render Frame -> Synced: false, Seq ID: 0, Bids: 0, Asks: 0
[1788894965797] TUI Render Frame -> Synced: false, Seq ID: 0, Bids: 0, Asks: 0
[1788894965847] TUI Render Frame -> Synced: false, Seq ID: 0, Bids: 0, Asks: 0
[1788894965897] TUI Render Frame -> Synced: false, Seq ID: 0, Bids: 0, Asks: 0
[1788894965908] Msg #8: Depth received | Bids: 20, Asks: 20, Timestamp ID: 1788894965501
[1788894965908] Reconciler book exists: false
[1788894965908] ui_tx.send status: true, receiver count: 1
[1788894965948] TUI Render Frame -> Synced: false, Seq ID: 0, Bids: 0, Asks: 0
[1788894965997] TUI Render Frame -> Synced: false, Seq ID: 0, Bids: 0, Asks: 0
[1788894966047] TUI Render Frame -> Synced: false, Seq ID: 0, Bids: 0, Asks: 0
[1788894966097] TUI Render Frame -> Synced: false, Seq ID: 0, Bids: 0, Asks: 0
[1788894966146] TUI Render Frame -> Synced: false, Seq ID: 0, Bids: 0, Asks: 0
[1788894966199] TUI Render Frame -> Synced: false, Seq ID: 0, Bids: 0, Asks: 0
[1788894966246] TUI Render Frame -> Synced: false, Seq ID: 0, Bids: 0, Asks: 0
[1788894966297] TUI Render Frame -> Synced: false, Seq ID: 0, Bids: 0, Asks: 0
[1788894966347] TUI Render Frame -> Synced: false, Seq ID: 0, Bids: 0, Asks: 0
[1788894966397] TUI Render Frame -> Synced: false, Seq ID: 0, Bids: 0, Asks: 0
[1788894966447] TUI Render Frame -> Synced: false, Seq ID: 0, Bids: 0, Asks: 0
[1788894966496] TUI Render Frame -> Synced: false, Seq ID: 0, Bids: 0, Asks: 0
[1788894966547] TUI Render Frame -> Synced: false, Seq ID: 0, Bids: 0, Asks: 0
[1788894966597] TUI Render Frame -> Synced: false, Seq ID: 0, Bids: 0, Asks: 0
[1788894966648] TUI Render Frame -> Synced: false, Seq ID: 0, Bids: 0, Asks: 0
[1788894966697] TUI Render Frame -> Synced: false, Seq ID: 0, Bids: 0, Asks: 0
[1788894966746] TUI Render Frame -> Synced: false, Seq ID: 0, Bids: 0, Asks: 0
[1788894966796] TUI Render Frame -> Synced: false, Seq ID: 0, Bids: 0, Asks: 0
[1788894966848] TUI Render Frame -> Synced: false, Seq ID: 0, Bids: 0, Asks: 0
[1788894966897] TUI Render Frame -> Synced: false, Seq ID: 0, Bids: 0, Asks: 0
[1788894966947] TUI Render Frame -> Synced: false, Seq ID: 0, Bids: 0, Asks: 0
[1788894966997] TUI Render Frame -> Synced: false, Seq ID: 0, Bids: 0, Asks: 0
[1788894967048] TUI Render Frame -> Synced: false, Seq ID: 0, Bids: 0, Asks: 0
[1788894967098] TUI Render Frame -> Synced: false, Seq ID: 0, Bids: 0, Asks: 0
[1788894967147] TUI Render Frame -> Synced: false, Seq ID: 0, Bids: 0, Asks: 0
[1788894967196] TUI Render Frame -> Synced: false, Seq ID: 0, Bids: 0, Asks: 0
[1788894967247] TUI Render Frame -> Synced: false, Seq ID: 0, Bids: 0, Asks: 0
[1788894967297] TUI Render Frame -> Synced: false, Seq ID: 0, Bids: 0, Asks: 0
[1788894967346] TUI Render Frame -> Synced: false, Seq ID: 0, Bids: 0, Asks: 0
[1788894967398] TUI Render Frame -> Synced: false, Seq ID: 0, Bids: 0, Asks: 0
[1788894967447] TUI Render Frame -> Synced: false, Seq ID: 0, Bids: 0, Asks: 0
[1788894967497] TUI Render Frame -> Synced: false, Seq ID: 0, Bids: 0, Asks: 0
[1788894967547] TUI Render Frame -> Synced: false, Seq ID: 0, Bids: 0, Asks: 0
[1788894967597] TUI Render Frame -> Synced: false, Seq ID: 0, Bids: 0, Asks: 0
[1788894967647] TUI Render Frame -> Synced: false, Seq ID: 0, Bids: 0, Asks: 0
[1788894967697] TUI Render Frame -> Synced: false, Seq ID: 0, Bids: 0, Asks: 0
[1788894967747] TUI Render Frame -> Synced: false, Seq ID: 0, Bids: 0, Asks: 0
[1788894967797] TUI Render Frame -> Synced: false, Seq ID: 0, Bids: 0, Asks: 0
[1788894967848] TUI Render Frame -> Synced: false, Seq ID: 0, Bids: 0, Asks: 0
[1788894967897] TUI Render Frame -> Synced: false, Seq ID: 0, Bids: 0, Asks: 0
[1788894967948] TUI Render Frame -> Synced: false, Seq ID: 0, Bids: 0, Asks: 0
[1788894967997] TUI Render Frame -> Synced: false, Seq ID: 0, Bids: 0, Asks: 0
[1788894968047] TUI Render Frame -> Synced: false, Seq ID: 0, Bids: 0, Asks: 0
[1788894968097] TUI Render Frame -> Synced: false, Seq ID: 0, Bids: 0, Asks: 0
[1788894968146] TUI Render Frame -> Synced: false, Seq ID: 0, Bids: 0, Asks: 0
[1788894968197] TUI Render Frame -> Synced: false, Seq ID: 0, Bids: 0, Asks: 0
[1788894968247] TUI Render Frame -> Synced: false, Seq ID: 0, Bids: 0, Asks: 0
[1788894968297] TUI Render Frame -> Synced: false, Seq ID: 0, Bids: 0, Asks: 0
[1788894968346] TUI Render Frame -> Synced: false, Seq ID: 0, Bids: 0, Asks: 0
[1788894968397] TUI Render Frame -> Synced: false, Seq ID: 0, Bids: 0, Asks: 0
[1788894968447] TUI Render Frame -> Synced: false, Seq ID: 0, Bids: 0, Asks: 0
[1788894968497] TUI Render Frame -> Synced: false, Seq ID: 0, Bids: 0, Asks: 0
[1788894968547] TUI Render Frame -> Synced: false, Seq ID: 0, Bids: 0, Asks: 0
[1788894968597] TUI Render Frame -> Synced: false, Seq ID: 0, Bids: 0, Asks: 0
[1788894968647] TUI Render Frame -> Synced: false, Seq ID: 0, Bids: 0, Asks: 0
[1788894968698] TUI Render Frame -> Synced: false, Seq ID: 0, Bids: 0, Asks: 0
[1788894968747] TUI Render Frame -> Synced: false, Seq ID: 0, Bids: 0, Asks: 0
[1788894968796] TUI Render Frame -> Synced: false, Seq ID: 0, Bids: 0, Asks: 0
[1788894968847] TUI Render Frame -> Synced: false, Seq ID: 0, Bids: 0, Asks: 0
[1788894968897] TUI Render Frame -> Synced: false, Seq ID: 0, Bids: 0, Asks: 0
[1788894968947] TUI Render Frame -> Synced: false, Seq ID: 0, Bids: 0, Asks: 0
[1788894968999] TUI Render Frame -> Synced: false, Seq ID: 0, Bids: 0, Asks: 0
[1788894969048] TUI Render Frame -> Synced: false, Seq ID: 0, Bids: 0, Asks: 0
[1788894969097] TUI Render Frame -> Synced: false, Seq ID: 0, Bids: 0, Asks: 0
[1788894969149] TUI Render Frame -> Synced: false, Seq ID: 0, Bids: 0, Asks: 0
[1788894969197] TUI Render Frame -> Synced: false, Seq ID: 0, Bids: 0, Asks: 0
[1788894969247] TUI Render Frame -> Synced: false, Seq ID: 0, Bids: 0, Asks: 0
[1788894969298] TUI Render Frame -> Synced: false, Seq ID: 0, Bids: 0, Asks: 0
[1788894969347] TUI Render Frame -> Synced: false, Seq ID: 0, Bids: 0, Asks: 0
[1788894969397] TUI Render Frame -> Synced: false, Seq ID: 0, Bids: 0, Asks: 0
[1788894969447] TUI Render Frame -> Synced: false, Seq ID: 0, Bids: 0, Asks: 0
[1788894969497] TUI Render Frame -> Synced: false, Seq ID: 0, Bids: 0, Asks: 0
[1788894969547] TUI Render Frame -> Synced: false, Seq ID: 0, Bids: 0, Asks: 0
[1788894969596] TUI Render Frame -> Synced: false, Seq ID: 0, Bids: 0, Asks: 0
[1788894969647] TUI Render Frame -> Synced: false, Seq ID: 0, Bids: 0, Asks: 0
[1788894969696] TUI Render Frame -> Synced: false, Seq ID: 0, Bids: 0, Asks: 0
[1788894969747] TUI Render Frame -> Synced: false, Seq ID: 0, Bids: 0, Asks: 0
[1788894969798] TUI Render Frame -> Synced: false, Seq ID: 0, Bids: 0, Asks: 0
[1788894969847] TUI Render Frame -> Synced: false, Seq ID: 0, Bids: 0, Asks: 0
[1788894969897] TUI Render Frame -> Synced: false, Seq ID: 0, Bids: 0, Asks: 0
[1788894969947] TUI Render Frame -> Synced: false, Seq ID: 0, Bids: 0, Asks: 0
[1788894969998] TUI Render Frame -> Synced: false, Seq ID: 0, Bids: 0, Asks: 0
[1788894970047] TUI Render Frame -> Synced: false, Seq ID: 0, Bids: 0, Asks: 0
[1788894970097] TUI Render Frame -> Synced: false, Seq ID: 0, Bids: 0, Asks: 0
[1788894970147] TUI Render Frame -> Synced: false, Seq ID: 0, Bids: 0, Asks: 0
[1788894970198] TUI Render Frame -> Synced: false, Seq ID: 0, Bids: 0, Asks: 0
[1788894970248] TUI Render Frame -> Synced: false, Seq ID: 0, Bids: 0, Asks: 0
[1788894970299] TUI Render Frame -> Synced: false, Seq ID: 0, Bids: 0, Asks: 0
[1788894970347] TUI Render Frame -> Synced: false, Seq ID: 0, Bids: 0, Asks: 0
[1788894970397] TUI Render Frame -> Synced: false, Seq ID: 0, Bids: 0, Asks: 0
[1788894970447] TUI Render Frame -> Synced: false, Seq ID: 0, Bids: 0, Asks: 0
[1788894970497] TUI Render Frame -> Synced: false, Seq ID: 0, Bids: 0, Asks: 0
[1788894970547] TUI Render Frame -> Synced: false, Seq ID: 0, Bids: 0, Asks: 0
[1788894970597] TUI Render Frame -> Synced: false, Seq ID: 0, Bids: 0, Asks: 0
[1788894970647] TUI Render Frame -> Synced: false, Seq ID: 0, Bids: 0, Asks: 0
[1788894970697] TUI Render Frame -> Synced: false, Seq ID: 0, Bids: 0, Asks: 0
[1788894970748] TUI Render Frame -> Synced: false, Seq ID: 0, Bids: 0, Asks: 0
[1788894970797] TUI Render Frame -> Synced: false, Seq ID: 0, Bids: 0, Asks: 0
[1788894970847] TUI Render Frame -> Synced: false, Seq ID: 0, Bids: 0, Asks: 0
[1788894970897] TUI Render Frame -> Synced: false, Seq ID: 0, Bids: 0, Asks: 0
[1788894970947] TUI Render Frame -> Synced: false, Seq ID: 0, Bids: 0, Asks: 0
[1788894970997] TUI Render Frame -> Synced: false, Seq ID: 0, Bids: 0, Asks: 0
[1788894971047] TUI Render Frame -> Synced: false, Seq ID: 0, Bids: 0, Asks: 0
[1788894971097] TUI Render Frame -> Synced: false, Seq ID: 0, Bids: 0, Asks: 0
[1788894971147] TUI Render Frame -> Synced: false, Seq ID: 0, Bids: 0, Asks: 0
[1788894971197] TUI Render Frame -> Synced: false, Seq ID: 0, Bids: 0, Asks: 0
[1788894971249] TUI Render Frame -> Synced: false, Seq ID: 0, Bids: 0, Asks: 0
[1788894971297] TUI Render Frame -> Synced: false, Seq ID: 0, Bids: 0, Asks: 0
[1788894971335] Msg #9: Depth received | Bids: 20, Asks: 20, Timestamp ID: 1788894970872
[1788894971335] Reconciler book exists: false
[1788894971335] ui_tx.send status: true, receiver count: 1
[1788894971347] TUI Render Frame -> Synced: false, Seq ID: 0, Bids: 0, Asks: 0
[1788894971397] TUI Render Frame -> Synced: false, Seq ID: 0, Bids: 0, Asks: 0
[1788894971446] TUI Render Frame -> Synced: false, Seq ID: 0, Bids: 0, Asks: 0
[1788894971497] TUI Render Frame -> Synced: false, Seq ID: 0, Bids: 0, Asks: 0
[1788894971546] TUI Render Frame -> Synced: false, Seq ID: 0, Bids: 0, Asks: 0
[1788894971598] TUI Render Frame -> Synced: false, Seq ID: 0, Bids: 0, Asks: 0
[1788894971647] TUI Render Frame -> Synced: false, Seq ID: 0, Bids: 0, Asks: 0
[1788894971698] TUI Render Frame -> Synced: false, Seq ID: 0, Bids: 0, Asks: 0
[1788894971747] TUI Render Frame -> Synced: false, Seq ID: 0, Bids: 0, Asks: 0
[1788894971797] TUI Render Frame -> Synced: false, Seq ID: 0, Bids: 0, Asks: 0
[1788894971847] TUI Render Frame -> Synced: false, Seq ID: 0, Bids: 0, Asks: 0
[1788894971898] TUI Render Frame -> Synced: false, Seq ID: 0, Bids: 0, Asks: 0
[1788894971947] TUI Render Frame -> Synced: false, Seq ID: 0, Bids: 0, Asks: 0
[1788894971997] TUI Render Frame -> Synced: false, Seq ID: 0, Bids: 0, Asks: 0
[1788894972047] TUI Render Frame -> Synced: false, Seq ID: 0, Bids: 0, Asks: 0
[1788894972097] TUI Render Frame -> Synced: false, Seq ID: 0, Bids: 0, Asks: 0
[1788894972147] TUI Render Frame -> Synced: false, Seq ID: 0, Bids: 0, Asks: 0
[1788894972199] TUI Render Frame -> Synced: false, Seq ID: 0, Bids: 0, Asks: 0
[1788894972246] TUI Render Frame -> Synced: false, Seq ID: 0, Bids: 0, Asks: 0
[1788894972297] TUI Render Frame -> Synced: false, Seq ID: 0, Bids: 0, Asks: 0
[1788894972347] TUI Render Frame -> Synced: false, Seq ID: 0, Bids: 0, Asks: 0
[1788894972396] TUI Render Frame -> Synced: false, Seq ID: 0, Bids: 0, Asks: 0
[1788894972446] TUI Render Frame -> Synced: false, Seq ID: 0, Bids: 0, Asks: 0
[1788894972496] TUI Render Frame -> Synced: false, Seq ID: 0, Bids: 0, Asks: 0
[1788894972547] TUI Render Frame -> Synced: false, Seq ID: 0, Bids: 0, Asks: 0
[1788894972601] TUI Render Frame -> Synced: false, Seq ID: 0, Bids: 0, Asks: 0
[1788894972648] TUI Render Frame -> Synced: false, Seq ID: 0, Bids: 0, Asks: 0
[1788894972697] TUI Render Frame -> Synced: false, Seq ID: 0, Bids: 0, Asks: 0
[1788894972747] TUI Render Frame -> Synced: false, Seq ID: 0, Bids: 0, Asks: 0
[1788894972797] TUI Render Frame -> Synced: false, Seq ID: 0, Bids: 0, Asks: 0
[1788894972847] TUI Render Frame -> Synced: false, Seq ID: 0, Bids: 0, Asks: 0
[1788894972897] TUI Render Frame -> Synced: false, Seq ID: 0, Bids: 0, Asks: 0
[1788894972947] TUI Render Frame -> Synced: false, Seq ID: 0, Bids: 0, Asks: 0
[1788894972997] TUI Render Frame -> Synced: false, Seq ID: 0, Bids: 0, Asks: 0
[1788894973047] TUI Render Frame -> Synced: false, Seq ID: 0, Bids: 0, Asks: 0
[1788894973097] TUI Render Frame -> Synced: false, Seq ID: 0, Bids: 0, Asks: 0
[1788894973147] TUI Render Frame -> Synced: false, Seq ID: 0, Bids: 0, Asks: 0
[1788894973197] TUI Render Frame -> Synced: false, Seq ID: 0, Bids: 0, Asks: 0
[1788894973247] TUI Render Frame -> Synced: false, Seq ID: 0, Bids: 0, Asks: 0
[1788894973297] TUI Render Frame -> Synced: false, Seq ID: 0, Bids: 0, Asks: 0
[1788894973348] TUI Render Frame -> Synced: false, Seq ID: 0, Bids: 0, Asks: 0
[1788894973397] TUI Render Frame -> Synced: false, Seq ID: 0, Bids: 0, Asks: 0
[1788894973446] TUI Render Frame -> Synced: false, Seq ID: 0, Bids: 0, Asks: 0
[1788894973497] TUI Render Frame -> Synced: false, Seq ID: 0, Bids: 0, Asks: 0
[1788894973547] TUI Render Frame -> Synced: false, Seq ID: 0, Bids: 0, Asks: 0
[1788894973596] TUI Render Frame -> Synced: false, Seq ID: 0, Bids: 0, Asks: 0
[1788894973647] TUI Render Frame -> Synced: false, Seq ID: 0, Bids: 0, Asks: 0
[1788894973697] TUI Render Frame -> Synced: false, Seq ID: 0, Bids: 0, Asks: 0
[1788894973747] TUI Render Frame -> Synced: false, Seq ID: 0, Bids: 0, Asks: 0
[1788894973797] TUI Render Frame -> Synced: false, Seq ID: 0, Bids: 0, Asks: 0
[1788894973847] TUI Render Frame -> Synced: false, Seq ID: 0, Bids: 0, Asks: 0
[1788894973897] TUI Render Frame -> Synced: false, Seq ID: 0, Bids: 0, Asks: 0
[1788894973948] TUI Render Frame -> Synced: false, Seq ID: 0, Bids: 0, Asks: 0
[1788894973997] TUI Render Frame -> Synced: false, Seq ID: 0, Bids: 0, Asks: 0
[1788894974047] TUI Render Frame -> Synced: false, Seq ID: 0, Bids: 0, Asks: 0
[1788894974097] TUI Render Frame -> Synced: false, Seq ID: 0, Bids: 0, Asks: 0
[1788894974147] TUI Render Frame -> Synced: false, Seq ID: 0, Bids: 0, Asks: 0
[1788894974197] TUI Render Frame -> Synced: false, Seq ID: 0, Bids: 0, Asks: 0
[1788894974246] TUI Render Frame -> Synced: false, Seq ID: 0, Bids: 0, Asks: 0
[1788894974298] TUI Render Frame -> Synced: false, Seq ID: 0, Bids: 0, Asks: 0
[1788894974348] TUI Render Frame -> Synced: false, Seq ID: 0, Bids: 0, Asks: 0
[1788894974398] TUI Render Frame -> Synced: false, Seq ID: 0, Bids: 0, Asks: 0
[1788894974447] TUI Render Frame -> Synced: false, Seq ID: 0, Bids: 0, Asks: 0
[1788894974496] TUI Render Frame -> Synced: false, Seq ID: 0, Bids: 0, Asks: 0
[1788894974547] TUI Render Frame -> Synced: false, Seq ID: 0, Bids: 0, Asks: 0
[1788894974597] TUI Render Frame -> Synced: false, Seq ID: 0, Bids: 0, Asks: 0
[1788894974647] TUI Render Frame -> Synced: false, Seq ID: 0, Bids: 0, Asks: 0
[1788894974697] TUI Render Frame -> Synced: false, Seq ID: 0, Bids: 0, Asks: 0
[1788894974746] TUI Render Frame -> Synced: false, Seq ID: 0, Bids: 0, Asks: 0
[1788894974797] TUI Render Frame -> Synced: false, Seq ID: 0, Bids: 0, Asks: 0
[1788894974847] TUI Render Frame -> Synced: false, Seq ID: 0, Bids: 0, Asks: 0
[1788894974897] TUI Render Frame -> Synced: false, Seq ID: 0, Bids: 0, Asks: 0
[1788894974947] TUI Render Frame -> Synced: false, Seq ID: 0, Bids: 0, Asks: 0
[1788894974997] TUI Render Frame -> Synced: false, Seq ID: 0, Bids: 0, Asks: 0
[1788894975047] TUI Render Frame -> Synced: false, Seq ID: 0, Bids: 0, Asks: 0
[1788894975097] TUI Render Frame -> Synced: false, Seq ID: 0, Bids: 0, Asks: 0
[1788894975147] TUI Render Frame -> Synced: false, Seq ID: 0, Bids: 0, Asks: 0
[1788894975196] TUI Render Frame -> Synced: false, Seq ID: 0, Bids: 0, Asks: 0
[1788894975248] TUI Render Frame -> Synced: false, Seq ID: 0, Bids: 0, Asks: 0
[1788894975297] TUI Render Frame -> Synced: false, Seq ID: 0, Bids: 0, Asks: 0
[1788894975347] TUI Render Frame -> Synced: false, Seq ID: 0, Bids: 0, Asks: 0
[1788894975397] TUI Render Frame -> Synced: false, Seq ID: 0, Bids: 0, Asks: 0
[1788894975447] TUI Render Frame -> Synced: false, Seq ID: 0, Bids: 0, Asks: 0
[1788894975496] TUI Render Frame -> Synced: false, Seq ID: 0, Bids: 0, Asks: 0
[1788894975548] TUI Render Frame -> Synced: false, Seq ID: 0, Bids: 0, Asks: 0
[1788894975597] TUI Render Frame -> Synced: false, Seq ID: 0, Bids: 0, Asks: 0
[1788894975646] TUI Render Frame -> Synced: false, Seq ID: 0, Bids: 0, Asks: 0
[1788894975697] TUI Render Frame -> Synced: false, Seq ID: 0, Bids: 0, Asks: 0
[1788894975747] TUI Render Frame -> Synced: false, Seq ID: 0, Bids: 0, Asks: 0
[1788894975797] TUI Render Frame -> Synced: false, Seq ID: 0, Bids: 0, Asks: 0
[1788894975847] TUI Render Frame -> Synced: false, Seq ID: 0, Bids: 0, Asks: 0
[1788894975896] TUI Render Frame -> Synced: false, Seq ID: 0, Bids: 0, Asks: 0
[1788894975947] TUI Render Frame -> Synced: false, Seq ID: 0, Bids: 0, Asks: 0
[1788894975998] TUI Render Frame -> Synced: false, Seq ID: 0, Bids: 0, Asks: 0
[1788894976047] TUI Render Frame -> Synced: false, Seq ID: 0, Bids: 0, Asks: 0
[1788894976097] TUI Render Frame -> Synced: false, Seq ID: 0, Bids: 0, Asks: 0
[1788894976147] TUI Render Frame -> Synced: false, Seq ID: 0, Bids: 0, Asks: 0
[1788894976196] TUI Render Frame -> Synced: false, Seq ID: 0, Bids: 0, Asks: 0
[1788894976248] TUI Render Frame -> Synced: false, Seq ID: 0, Bids: 0, Asks: 0
[1788894976297] TUI Render Frame -> Synced: false, Seq ID: 0, Bids: 0, Asks: 0
[1788894976346] TUI Render Frame -> Synced: false, Seq ID: 0, Bids: 0, Asks: 0
[1788894976397] TUI Render Frame -> Synced: false, Seq ID: 0, Bids: 0, Asks: 0
[1788894976447] TUI Render Frame -> Synced: false, Seq ID: 0, Bids: 0, Asks: 0
[1788894976497] TUI Render Frame -> Synced: false, Seq ID: 0, Bids: 0, Asks: 0
[1788894976547] TUI Render Frame -> Synced: false, Seq ID: 0, Bids: 0, Asks: 0
[1788894976597] TUI Render Frame -> Synced: false, Seq ID: 0, Bids: 0, Asks: 0
[1788894976648] TUI Render Frame -> Synced: false, Seq ID: 0, Bids: 0, Asks: 0
[1788894976659] Msg #10: Depth received | Bids: 20, Asks: 20, Timestamp ID: 1788894976323
[1788894976660] Reconciler book exists: false
[1788894976660] ui_tx.send status: true, receiver count: 1
[1788894976697] TUI Render Frame -> Synced: false, Seq ID: 0, Bids: 0, Asks: 0
[1788894976747] TUI Render Frame -> Synced: false, Seq ID: 0, Bids: 0, Asks: 0
[1788894976797] TUI Render Frame -> Synced: false, Seq ID: 0, Bids: 0, Asks: 0
[1788894976847] TUI Render Frame -> Synced: false, Seq ID: 0, Bids: 0, Asks: 0
[1788894976896] TUI Render Frame -> Synced: false, Seq ID: 0, Bids: 0, Asks: 0
[1788894976946] TUI Render Frame -> Synced: false, Seq ID: 0, Bids: 0, Asks: 0
[1788894976997] TUI Render Frame -> Synced: false, Seq ID: 0, Bids: 0, Asks: 0
[1788894977047] TUI Render Frame -> Synced: false, Seq ID: 0, Bids: 0, Asks: 0
[1788894977097] TUI Render Frame -> Synced: false, Seq ID: 0, Bids: 0, Asks: 0
[1788894977147] TUI Render Frame -> Synced: false, Seq ID: 0, Bids: 0, Asks: 0
[1788894977197] TUI Render Frame -> Synced: false, Seq ID: 0, Bids: 0, Asks: 0
[1788894977247] TUI Render Frame -> Synced: false, Seq ID: 0, Bids: 0, Asks: 0
[1788894977298] TUI Render Frame -> Synced: false, Seq ID: 0, Bids: 0, Asks: 0
[1788894977347] TUI Render Frame -> Synced: false, Seq ID: 0, Bids: 0, Asks: 0
[1788894977397] TUI Render Frame -> Synced: false, Seq ID: 0, Bids: 0, Asks: 0
[1788894977447] TUI Render Frame -> Synced: false, Seq ID: 0, Bids: 0, Asks: 0
[1788894977497] TUI Render Frame -> Synced: false, Seq ID: 0, Bids: 0, Asks: 0
[1788894977547] TUI Render Frame -> Synced: false, Seq ID: 0, Bids: 0, Asks: 0
[1788894977597] TUI Render Frame -> Synced: false, Seq ID: 0, Bids: 0, Asks: 0
[1788894977647] TUI Render Frame -> Synced: false, Seq ID: 0, Bids: 0, Asks: 0
[1788894977697] TUI Render Frame -> Synced: false, Seq ID: 0, Bids: 0, Asks: 0
[1788894977747] TUI Render Frame -> Synced: false, Seq ID: 0, Bids: 0, Asks: 0
[1788894977796] TUI Render Frame -> Synced: false, Seq ID: 0, Bids: 0, Asks: 0
[1788894977847] TUI Render Frame -> Synced: false, Seq ID: 0, Bids: 0, Asks: 0
[1788894977897] TUI Render Frame -> Synced: false, Seq ID: 0, Bids: 0, Asks: 0
[1788894977946] TUI Render Frame -> Synced: false, Seq ID: 0, Bids: 0, Asks: 0
[1788894977998] TUI Render Frame -> Synced: false, Seq ID: 0, Bids: 0, Asks: 0
[1788894978048] TUI Render Frame -> Synced: false, Seq ID: 0, Bids: 0, Asks: 0
[1788894978097] TUI Render Frame -> Synced: false, Seq ID: 0, Bids: 0, Asks: 0
[1788894978147] TUI Render Frame -> Synced: false, Seq ID: 0, Bids: 0, Asks: 0
[1788894978198] TUI Render Frame -> Synced: false, Seq ID: 0, Bids: 0, Asks: 0
[1788894978246] TUI Render Frame -> Synced: false, Seq ID: 0, Bids: 0, Asks: 0
[1788894978297] TUI Render Frame -> Synced: false, Seq ID: 0, Bids: 0, Asks: 0
[1788894978348] TUI Render Frame -> Synced: false, Seq ID: 0, Bids: 0, Asks: 0
[1788894978397] TUI Render Frame -> Synced: false, Seq ID: 0, Bids: 0, Asks: 0
[1788894978446] TUI Render Frame -> Synced: false, Seq ID: 0, Bids: 0, Asks: 0
[1788894978497] TUI Render Frame -> Synced: false, Seq ID: 0, Bids: 0, Asks: 0
[1788894978547] TUI Render Frame -> Synced: false, Seq ID: 0, Bids: 0, Asks: 0
[1788894978597] TUI Render Frame -> Synced: false, Seq ID: 0, Bids: 0, Asks: 0
[1788894978647] TUI Render Frame -> Synced: false, Seq ID: 0, Bids: 0, Asks: 0
[1788894978697] TUI Render Frame -> Synced: false, Seq ID: 0, Bids: 0, Asks: 0
[1788894978747] TUI Render Frame -> Synced: false, Seq ID: 0, Bids: 0, Asks: 0
[1788894978797] TUI Render Frame -> Synced: false, Seq ID: 0, Bids: 0, Asks: 0
[1788894978846] TUI Render Frame -> Synced: false, Seq ID: 0, Bids: 0, Asks: 0
[1788894978897] TUI Render Frame -> Synced: false, Seq ID: 0, Bids: 0, Asks: 0
[1788894978947] TUI Render Frame -> Synced: false, Seq ID: 0, Bids: 0, Asks: 0
[1788894978997] TUI Render Frame -> Synced: false, Seq ID: 0, Bids: 0, Asks: 0
[1788894979047] TUI Render Frame -> Synced: false, Seq ID: 0, Bids: 0, Asks: 0
[1788894979096] TUI Render Frame -> Synced: false, Seq ID: 0, Bids: 0, Asks: 0
[1788894979147] TUI Render Frame -> Synced: false, Seq ID: 0, Bids: 0, Asks: 0
[1788894979197] TUI Render Frame -> Synced: false, Seq ID: 0, Bids: 0, Asks: 0
[1788894979247] TUI Render Frame -> Synced: false, Seq ID: 0, Bids: 0, Asks: 0
[1788894979297] TUI Render Frame -> Synced: false, Seq ID: 0, Bids: 0, Asks: 0
[1788894979347] TUI Render Frame -> Synced: false, Seq ID: 0, Bids: 0, Asks: 0
[1788894979397] TUI Render Frame -> Synced: false, Seq ID: 0, Bids: 0, Asks: 0
[1788894979447] TUI Render Frame -> Synced: false, Seq ID: 0, Bids: 0, Asks: 0
[1788894979497] TUI Render Frame -> Synced: false, Seq ID: 0, Bids: 0, Asks: 0
[1788894979546] TUI Render Frame -> Synced: false, Seq ID: 0, Bids: 0, Asks: 0
[1788894979596] TUI Render Frame -> Synced: false, Seq ID: 0, Bids: 0, Asks: 0
[1788894979647] TUI Render Frame -> Synced: false, Seq ID: 0, Bids: 0, Asks: 0
[1788894979698] TUI Render Frame -> Synced: false, Seq ID: 0, Bids: 0, Asks: 0
[1788894979747] TUI Render Frame -> Synced: false, Seq ID: 0, Bids: 0, Asks: 0
[1788894979797] TUI Render Frame -> Synced: false, Seq ID: 0, Bids: 0, Asks: 0
[1788894979847] TUI Render Frame -> Synced: false, Seq ID: 0, Bids: 0, Asks: 0
[1788894979897] TUI Render Frame -> Synced: false, Seq ID: 0, Bids: 0, Asks: 0
[1788894979947] TUI Render Frame -> Synced: false, Seq ID: 0, Bids: 0, Asks: 0
[1788894979996] TUI Render Frame -> Synced: false, Seq ID: 0, Bids: 0, Asks: 0
[1788894980047] TUI Render Frame -> Synced: false, Seq ID: 0, Bids: 0, Asks: 0
[1788894980097] TUI Render Frame -> Synced: false, Seq ID: 0, Bids: 0, Asks: 0
[1788894980148] TUI Render Frame -> Synced: false, Seq ID: 0, Bids: 0, Asks: 0
[1788894980197] TUI Render Frame -> Synced: false, Seq ID: 0, Bids: 0, Asks: 0
[1788894980246] TUI Render Frame -> Synced: false, Seq ID: 0, Bids: 0, Asks: 0
[1788894980297] TUI Render Frame -> Synced: false, Seq ID: 0, Bids: 0, Asks: 0
[1788894980347] TUI Render Frame -> Synced: false, Seq ID: 0, Bids: 0, Asks: 0
[1788894980397] TUI Render Frame -> Synced: false, Seq ID: 0, Bids: 0, Asks: 0
[1788894980447] TUI Render Frame -> Synced: false, Seq ID: 0, Bids: 0, Asks: 0
[1788894980496] TUI Render Frame -> Synced: false, Seq ID: 0, Bids: 0, Asks: 0
[1788894980547] TUI Render Frame -> Synced: false, Seq ID: 0, Bids: 0, Asks: 0
[1788894980597] TUI Render Frame -> Synced: false, Seq ID: 0, Bids: 0, Asks: 0
[1788894980648] TUI Render Frame -> Synced: false, Seq ID: 0, Bids: 0, Asks: 0
[1788894980697] TUI Render Frame -> Synced: false, Seq ID: 0, Bids: 0, Asks: 0
[1788894980748] TUI Render Frame -> Synced: false, Seq ID: 0, Bids: 0, Asks: 0
[1788894980798] TUI Render Frame -> Synced: false, Seq ID: 0, Bids: 0, Asks: 0
[1788894980847] TUI Render Frame -> Synced: false, Seq ID: 0, Bids: 0, Asks: 0
[1788894980897] TUI Render Frame -> Synced: false, Seq ID: 0, Bids: 0, Asks: 0
[1788894980947] TUI Render Frame -> Synced: false, Seq ID: 0, Bids: 0, Asks: 0
[1788894980996] TUI Render Frame -> Synced: false, Seq ID: 0, Bids: 0, Asks: 0
[1788894981047] TUI Render Frame -> Synced: false, Seq ID: 0, Bids: 0, Asks: 0
[1788894981097] TUI Render Frame -> Synced: false, Seq ID: 0, Bids: 0, Asks: 0
[1788894981146] TUI Render Frame -> Synced: false, Seq ID: 0, Bids: 0, Asks: 0
[1788894981197] TUI Render Frame -> Synced: false, Seq ID: 0, Bids: 0, Asks: 0
[1788894981247] TUI Render Frame -> Synced: false, Seq ID: 0, Bids: 0, Asks: 0
[1788894981297] TUI Render Frame -> Synced: false, Seq ID: 0, Bids: 0, Asks: 0
[1788894981347] TUI Render Frame -> Synced: false, Seq ID: 0, Bids: 0, Asks: 0
[1788894981397] TUI Render Frame -> Synced: false, Seq ID: 0, Bids: 0, Asks: 0
[1788894981447] TUI Render Frame -> Synced: false, Seq ID: 0, Bids: 0, Asks: 0
[1788894981498] TUI Render Frame -> Synced: false, Seq ID: 0, Bids: 0, Asks: 0
[1788894981548] TUI Render Frame -> Synced: false, Seq ID: 0, Bids: 0, Asks: 0
[1788894981597] TUI Render Frame -> Synced: false, Seq ID: 0, Bids: 0, Asks: 0
[1788894981648] TUI Render Frame -> Synced: false, Seq ID: 0, Bids: 0, Asks: 0
[1788894981697] TUI Render Frame -> Synced: false, Seq ID: 0, Bids: 0, Asks: 0
[1788894981747] TUI Render Frame -> Synced: false, Seq ID: 0, Bids: 0, Asks: 0
[1788894981797] TUI Render Frame -> Synced: false, Seq ID: 0, Bids: 0, Asks: 0
[1788894981847] TUI Render Frame -> Synced: false, Seq ID: 0, Bids: 0, Asks: 0
[1788894981897] TUI Render Frame -> Synced: false, Seq ID: 0, Bids: 0, Asks: 0
[1788894981948] TUI Render Frame -> Synced: false, Seq ID: 0, Bids: 0, Asks: 0
[1788894981997] TUI Render Frame -> Synced: false, Seq ID: 0, Bids: 0, Asks: 0
[1788894982032] Msg #11: Depth received | Bids: 20, Asks: 20, Timestamp ID: 1788894981702
[1788894982033] Reconciler book exists: false
[1788894982033] ui_tx.send status: true, receiver count: 1
[1788894982047] TUI Render Frame -> Synced: false, Seq ID: 0, Bids: 0, Asks: 0
[1788894982097] TUI Render Frame -> Synced: false, Seq ID: 0, Bids: 0, Asks: 0
[1788894982150] TUI Render Frame -> Synced: false, Seq ID: 0, Bids: 0, Asks: 0
[1788894982204] TUI Render Frame -> Synced: false, Seq ID: 0, Bids: 0, Asks: 0
[1788894982246] TUI Render Frame -> Synced: false, Seq ID: 0, Bids: 0, Asks: 0
[1788894982299] TUI Render Frame -> Synced: false, Seq ID: 0, Bids: 0, Asks: 0
[1788894982347] TUI Render Frame -> Synced: false, Seq ID: 0, Bids: 0, Asks: 0
[1788894982396] TUI Render Frame -> Synced: false, Seq ID: 0, Bids: 0, Asks: 0
[1788894982447] TUI Render Frame -> Synced: false, Seq ID: 0, Bids: 0, Asks: 0
[1788894982497] TUI Render Frame -> Synced: false, Seq ID: 0, Bids: 0, Asks: 0
[1788894982547] TUI Render Frame -> Synced: false, Seq ID: 0, Bids: 0, Asks: 0
[1788894982597] TUI Render Frame -> Synced: false, Seq ID: 0, Bids: 0, Asks: 0
[1788894982647] TUI Render Frame -> Synced: false, Seq ID: 0, Bids: 0, Asks: 0
[1788894982697] TUI Render Frame -> Synced: false, Seq ID: 0, Bids: 0, Asks: 0
[1788894982746] TUI Render Frame -> Synced: false, Seq ID: 0, Bids: 0, Asks: 0
[1788894982797] TUI Render Frame -> Synced: false, Seq ID: 0, Bids: 0, Asks: 0
[1788894982846] TUI Render Frame -> Synced: false, Seq ID: 0, Bids: 0, Asks: 0
[1788894982899] TUI Render Frame -> Synced: false, Seq ID: 0, Bids: 0, Asks: 0
[1788894982947] TUI Render Frame -> Synced: false, Seq ID: 0, Bids: 0, Asks: 0
[1788894982997] TUI Render Frame -> Synced: false, Seq ID: 0, Bids: 0, Asks: 0
[1788894983047] TUI Render Frame -> Synced: false, Seq ID: 0, Bids: 0, Asks: 0
[1788894983097] TUI Render Frame -> Synced: false, Seq ID: 0, Bids: 0, Asks: 0
[1788894983147] TUI Render Frame -> Synced: false, Seq ID: 0, Bids: 0, Asks: 0
[1788894983196] TUI Render Frame -> Synced: false, Seq ID: 0, Bids: 0, Asks: 0
[1788894983248] TUI Render Frame -> Synced: false, Seq ID: 0, Bids: 0, Asks: 0
[1788894983297] TUI Render Frame -> Synced: false, Seq ID: 0, Bids: 0, Asks: 0
[1788894983347] TUI Render Frame -> Synced: false, Seq ID: 0, Bids: 0, Asks: 0
[1788894983397] TUI Render Frame -> Synced: false, Seq ID: 0, Bids: 0, Asks: 0
[1788894983447] TUI Render Frame -> Synced: false, Seq ID: 0, Bids: 0, Asks: 0
[1788894983497] TUI Render Frame -> Synced: false, Seq ID: 0, Bids: 0, Asks: 0
[1788894983547] TUI Render Frame -> Synced: false, Seq ID: 0, Bids: 0, Asks: 0
[1788894983597] TUI Render Frame -> Synced: false, Seq ID: 0, Bids: 0, Asks: 0
[1788894983646] TUI Render Frame -> Synced: false, Seq ID: 0, Bids: 0, Asks: 0
[1788894983697] TUI Render Frame -> Synced: false, Seq ID: 0, Bids: 0, Asks: 0
[1788894983747] TUI Render Frame -> Synced: false, Seq ID: 0, Bids: 0, Asks: 0
[1788894983797] TUI Render Frame -> Synced: false, Seq ID: 0, Bids: 0, Asks: 0
[1788894983847] TUI Render Frame -> Synced: false, Seq ID: 0, Bids: 0, Asks: 0
[1788894983896] TUI Render Frame -> Synced: false, Seq ID: 0, Bids: 0, Asks: 0
[1788894983947] TUI Render Frame -> Synced: false, Seq ID: 0, Bids: 0, Asks: 0
[1788894983996] TUI Render Frame -> Synced: false, Seq ID: 0, Bids: 0, Asks: 0
[1788894984047] TUI Render Frame -> Synced: false, Seq ID: 0, Bids: 0, Asks: 0
[1788894984097] TUI Render Frame -> Synced: false, Seq ID: 0, Bids: 0, Asks: 0
[1788894984148] TUI Render Frame -> Synced: false, Seq ID: 0, Bids: 0, Asks: 0
[1788894984197] TUI Render Frame -> Synced: false, Seq ID: 0, Bids: 0, Asks: 0
[1788894984247] TUI Render Frame -> Synced: false, Seq ID: 0, Bids: 0, Asks: 0
[1788894984298] TUI Render Frame -> Synced: false, Seq ID: 0, Bids: 0, Asks: 0
[1788894984346] TUI Render Frame -> Synced: false, Seq ID: 0, Bids: 0, Asks: 0
[1788894984397] TUI Render Frame -> Synced: false, Seq ID: 0, Bids: 0, Asks: 0
[1788894984447] TUI Render Frame -> Synced: false, Seq ID: 0, Bids: 0, Asks: 0
[1788894984497] TUI Render Frame -> Synced: false, Seq ID: 0, Bids: 0, Asks: 0
[1788894984547] TUI Render Frame -> Synced: false, Seq ID: 0, Bids: 0, Asks: 0
[1788894984597] TUI Render Frame -> Synced: false, Seq ID: 0, Bids: 0, Asks: 0
[1788894984647] TUI Render Frame -> Synced: false, Seq ID: 0, Bids: 0, Asks: 0
[1788894984697] TUI Render Frame -> Synced: false, Seq ID: 0, Bids: 0, Asks: 0
[1788894984747] TUI Render Frame -> Synced: false, Seq ID: 0, Bids: 0, Asks: 0
[1788894984796] TUI Render Frame -> Synced: false, Seq ID: 0, Bids: 0, Asks: 0
[1788894984846] TUI Render Frame -> Synced: false, Seq ID: 0, Bids: 0, Asks: 0
[1788894984897] TUI Render Frame -> Synced: false, Seq ID: 0, Bids: 0, Asks: 0
[1788894984947] TUI Render Frame -> Synced: false, Seq ID: 0, Bids: 0, Asks: 0
[1788894984999] TUI Render Frame -> Synced: false, Seq ID: 0, Bids: 0, Asks: 0
[1788894985047] TUI Render Frame -> Synced: false, Seq ID: 0, Bids: 0, Asks: 0
[1788894985097] TUI Render Frame -> Synced: false, Seq ID: 0, Bids: 0, Asks: 0
[1788894985147] TUI Render Frame -> Synced: false, Seq ID: 0, Bids: 0, Asks: 0
[1788894985196] TUI Render Frame -> Synced: false, Seq ID: 0, Bids: 0, Asks: 0
[1788894985247] TUI Render Frame -> Synced: false, Seq ID: 0, Bids: 0, Asks: 0
[1788894985297] TUI Render Frame -> Synced: false, Seq ID: 0, Bids: 0, Asks: 0
[1788894985347] TUI Render Frame -> Synced: false, Seq ID: 0, Bids: 0, Asks: 0
[1788894985397] TUI Render Frame -> Synced: false, Seq ID: 0, Bids: 0, Asks: 0
[1788894985447] TUI Render Frame -> Synced: false, Seq ID: 0, Bids: 0, Asks: 0
[1788894985497] TUI Render Frame -> Synced: false, Seq ID: 0, Bids: 0, Asks: 0
[1788894985547] TUI Render Frame -> Synced: false, Seq ID: 0, Bids: 0, Asks: 0
[1788894985597] TUI Render Frame -> Synced: false, Seq ID: 0, Bids: 0, Asks: 0
[1788894985647] TUI Render Frame -> Synced: false, Seq ID: 0, Bids: 0, Asks: 0
[1788894985704] TUI Render Frame -> Synced: false, Seq ID: 0, Bids: 0, Asks: 0
[1788894985746] TUI Render Frame -> Synced: false, Seq ID: 0, Bids: 0, Asks: 0
[1788894985797] TUI Render Frame -> Synced: false, Seq ID: 0, Bids: 0, Asks: 0
[1788894985847] TUI Render Frame -> Synced: false, Seq ID: 0, Bids: 0, Asks: 0
[1788894985897] TUI Render Frame -> Synced: false, Seq ID: 0, Bids: 0, Asks: 0
[1788894985946] TUI Render Frame -> Synced: false, Seq ID: 0, Bids: 0, Asks: 0
[1788894985997] TUI Render Frame -> Synced: false, Seq ID: 0, Bids: 0, Asks: 0
[1788894986047] TUI Render Frame -> Synced: false, Seq ID: 0, Bids: 0, Asks: 0
[1788894986097] TUI Render Frame -> Synced: false, Seq ID: 0, Bids: 0, Asks: 0
[1788894986148] TUI Render Frame -> Synced: false, Seq ID: 0, Bids: 0, Asks: 0
[1788894986197] TUI Render Frame -> Synced: false, Seq ID: 0, Bids: 0, Asks: 0
[1788894986248] TUI Render Frame -> Synced: false, Seq ID: 0, Bids: 0, Asks: 0
[1788894986298] TUI Render Frame -> Synced: false, Seq ID: 0, Bids: 0, Asks: 0
[1788894986347] TUI Render Frame -> Synced: false, Seq ID: 0, Bids: 0, Asks: 0
[1788894986396] TUI Render Frame -> Synced: false, Seq ID: 0, Bids: 0, Asks: 0
[1788894986448] TUI Render Frame -> Synced: false, Seq ID: 0, Bids: 0, Asks: 0
[1788894986497] TUI Render Frame -> Synced: false, Seq ID: 0, Bids: 0, Asks: 0
[1788894986547] TUI Render Frame -> Synced: false, Seq ID: 0, Bids: 0, Asks: 0
[1788894986597] TUI Render Frame -> Synced: false, Seq ID: 0, Bids: 0, Asks: 0
[1788894986647] TUI Render Frame -> Synced: false, Seq ID: 0, Bids: 0, Asks: 0
[1788894986697] TUI Render Frame -> Synced: false, Seq ID: 0, Bids: 0, Asks: 0
[1788894986748] TUI Render Frame -> Synced: false, Seq ID: 0, Bids: 0, Asks: 0
[1788894986798] TUI Render Frame -> Synced: false, Seq ID: 0, Bids: 0, Asks: 0
[1788894986847] TUI Render Frame -> Synced: false, Seq ID: 0, Bids: 0, Asks: 0
[1788894986897] TUI Render Frame -> Synced: false, Seq ID: 0, Bids: 0, Asks: 0
[1788894986947] TUI Render Frame -> Synced: false, Seq ID: 0, Bids: 0, Asks: 0
[1788894986998] TUI Render Frame -> Synced: false, Seq ID: 0, Bids: 0, Asks: 0
[1788894987047] TUI Render Frame -> Synced: false, Seq ID: 0, Bids: 0, Asks: 0
[1788894987098] TUI Render Frame -> Synced: false, Seq ID: 0, Bids: 0, Asks: 0
[1788894987147] TUI Render Frame -> Synced: false, Seq ID: 0, Bids: 0, Asks: 0
[1788894987197] TUI Render Frame -> Synced: false, Seq ID: 0, Bids: 0, Asks: 0
[1788894987247] TUI Render Frame -> Synced: false, Seq ID: 0, Bids: 0, Asks: 0
[1788894987297] TUI Render Frame -> Synced: false, Seq ID: 0, Bids: 0, Asks: 0
[1788894987347] TUI Render Frame -> Synced: false, Seq ID: 0, Bids: 0, Asks: 0
[1788894987396] TUI Render Frame -> Synced: false, Seq ID: 0, Bids: 0, Asks: 0
[1788894987447] TUI Render Frame -> Synced: false, Seq ID: 0, Bids: 0, Asks: 0
[1788894987498] TUI Render Frame -> Synced: false, Seq ID: 0, Bids: 0, Asks: 0
[1788894987546] TUI Render Frame -> Synced: false, Seq ID: 0, Bids: 0, Asks: 0
[1788894987597] TUI Render Frame -> Synced: false, Seq ID: 0, Bids: 0, Asks: 0
[1788894987619] Msg #12: Depth received | Bids: 20, Asks: 20, Timestamp ID: 1788894987083
[1788894987619] Reconciler book exists: false
[1788894987619] ui_tx.send status: true, receiver count: 1
[1788894987647] TUI Render Frame -> Synced: false, Seq ID: 0, Bids: 0, Asks: 0
[1788894987697] TUI Render Frame -> Synced: false, Seq ID: 0, Bids: 0, Asks: 0
[1788894987747] TUI Render Frame -> Synced: false, Seq ID: 0, Bids: 0, Asks: 0
[1788894987798] TUI Render Frame -> Synced: false, Seq ID: 0, Bids: 0, Asks: 0
[1788894987847] TUI Render Frame -> Synced: false, Seq ID: 0, Bids: 0, Asks: 0
[1788894987897] TUI Render Frame -> Synced: false, Seq ID: 0, Bids: 0, Asks: 0
[1788894987947] TUI Render Frame -> Synced: false, Seq ID: 0, Bids: 0, Asks: 0
[1788894987997] TUI Render Frame -> Synced: false, Seq ID: 0, Bids: 0, Asks: 0
[1788894988047] TUI Render Frame -> Synced: false, Seq ID: 0, Bids: 0, Asks: 0
[1788894988097] TUI Render Frame -> Synced: false, Seq ID: 0, Bids: 0, Asks: 0
[1788894988147] TUI Render Frame -> Synced: false, Seq ID: 0, Bids: 0, Asks: 0
[1788894988197] TUI Render Frame -> Synced: false, Seq ID: 0, Bids: 0, Asks: 0
[1788894988248] TUI Render Frame -> Synced: false, Seq ID: 0, Bids: 0, Asks: 0
[1788894988297] TUI Render Frame -> Synced: false, Seq ID: 0, Bids: 0, Asks: 0
[1788894988347] TUI Render Frame -> Synced: false, Seq ID: 0, Bids: 0, Asks: 0
[1788894988396] TUI Render Frame -> Synced: false, Seq ID: 0, Bids: 0, Asks: 0
[1788894988447] TUI Render Frame -> Synced: false, Seq ID: 0, Bids: 0, Asks: 0
[1788894988497] TUI Render Frame -> Synced: false, Seq ID: 0, Bids: 0, Asks: 0
[1788894988547] TUI Render Frame -> Synced: false, Seq ID: 0, Bids: 0, Asks: 0
[1788894988597] TUI Render Frame -> Synced: false, Seq ID: 0, Bids: 0, Asks: 0
[1788894988647] TUI Render Frame -> Synced: false, Seq ID: 0, Bids: 0, Asks: 0
[1788894988697] TUI Render Frame -> Synced: false, Seq ID: 0, Bids: 0, Asks: 0
[1788894988748] TUI Render Frame -> Synced: false, Seq ID: 0, Bids: 0, Asks: 0
[1788894988797] TUI Render Frame -> Synced: false, Seq ID: 0, Bids: 0, Asks: 0
[1788894988847] TUI Render Frame -> Synced: false, Seq ID: 0, Bids: 0, Asks: 0
[1788894988897] TUI Render Frame -> Synced: false, Seq ID: 0, Bids: 0, Asks: 0
[1788894988948] TUI Render Frame -> Synced: false, Seq ID: 0, Bids: 0, Asks: 0
[1788894988997] TUI Render Frame -> Synced: false, Seq ID: 0, Bids: 0, Asks: 0
[1788894989047] TUI Render Frame -> Synced: false, Seq ID: 0, Bids: 0, Asks: 0
[1788894989097] TUI Render Frame -> Synced: false, Seq ID: 0, Bids: 0, Asks: 0
[1788894989146] TUI Render Frame -> Synced: false, Seq ID: 0, Bids: 0, Asks: 0
[1788894989197] TUI Render Frame -> Synced: false, Seq ID: 0, Bids: 0, Asks: 0
[1788894989247] TUI Render Frame -> Synced: false, Seq ID: 0, Bids: 0, Asks: 0
[1788894989297] TUI Render Frame -> Synced: false, Seq ID: 0, Bids: 0, Asks: 0
[1788894989347] TUI Render Frame -> Synced: false, Seq ID: 0, Bids: 0, Asks: 0
[1788894989397] TUI Render Frame -> Synced: false, Seq ID: 0, Bids: 0, Asks: 0
[1788894989447] TUI Render Frame -> Synced: false, Seq ID: 0, Bids: 0, Asks: 0
[1788894989498] TUI Render Frame -> Synced: false, Seq ID: 0, Bids: 0, Asks: 0
[1788894989547] TUI Render Frame -> Synced: false, Seq ID: 0, Bids: 0, Asks: 0
[1788894989597] TUI Render Frame -> Synced: false, Seq ID: 0, Bids: 0, Asks: 0
[1788894989646] TUI Render Frame -> Synced: false, Seq ID: 0, Bids: 0, Asks: 0
[1788894989697] TUI Render Frame -> Synced: false, Seq ID: 0, Bids: 0, Asks: 0
[1788894989748] TUI Render Frame -> Synced: false, Seq ID: 0, Bids: 0, Asks: 0
[1788894989797] TUI Render Frame -> Synced: false, Seq ID: 0, Bids: 0, Asks: 0
[1788894989847] TUI Render Frame -> Synced: false, Seq ID: 0, Bids: 0, Asks: 0
[1788894989897] TUI Render Frame -> Synced: false, Seq ID: 0, Bids: 0, Asks: 0
[1788894989947] TUI Render Frame -> Synced: false, Seq ID: 0, Bids: 0, Asks: 0
[1788894989997] TUI Render Frame -> Synced: false, Seq ID: 0, Bids: 0, Asks: 0
[1788894990047] TUI Render Frame -> Synced: false, Seq ID: 0, Bids: 0, Asks: 0
[1788894990097] TUI Render Frame -> Synced: false, Seq ID: 0, Bids: 0, Asks: 0
[1788894990148] TUI Render Frame -> Synced: false, Seq ID: 0, Bids: 0, Asks: 0
[1788894990197] TUI Render Frame -> Synced: false, Seq ID: 0, Bids: 0, Asks: 0
[1788894990247] TUI Render Frame -> Synced: false, Seq ID: 0, Bids: 0, Asks: 0
[1788894990297] TUI Render Frame -> Synced: false, Seq ID: 0, Bids: 0, Asks: 0
[1788894990347] TUI Render Frame -> Synced: false, Seq ID: 0, Bids: 0, Asks: 0
[1788894990397] TUI Render Frame -> Synced: false, Seq ID: 0, Bids: 0, Asks: 0
[1788894990448] TUI Render Frame -> Synced: false, Seq ID: 0, Bids: 0, Asks: 0
[1788894990497] TUI Render Frame -> Synced: false, Seq ID: 0, Bids: 0, Asks: 0
[1788894990547] TUI Render Frame -> Synced: false, Seq ID: 0, Bids: 0, Asks: 0
[1788894990597] TUI Render Frame -> Synced: false, Seq ID: 0, Bids: 0, Asks: 0
[1788894990647] TUI Render Frame -> Synced: false, Seq ID: 0, Bids: 0, Asks: 0
[1788894990697] TUI Render Frame -> Synced: false, Seq ID: 0, Bids: 0, Asks: 0
[1788894990747] TUI Render Frame -> Synced: false, Seq ID: 0, Bids: 0, Asks: 0
[1788894990797] TUI Render Frame -> Synced: false, Seq ID: 0, Bids: 0, Asks: 0
[1788894990847] TUI Render Frame -> Synced: false, Seq ID: 0, Bids: 0, Asks: 0
[1788894990903] TUI Render Frame -> Synced: false, Seq ID: 0, Bids: 0, Asks: 0
[1788894990947] TUI Render Frame -> Synced: false, Seq ID: 0, Bids: 0, Asks: 0
[1788894990997] TUI Render Frame -> Synced: false, Seq ID: 0, Bids: 0, Asks: 0
[1788894991047] TUI Render Frame -> Synced: false, Seq ID: 0, Bids: 0, Asks: 0
[1788894991097] TUI Render Frame -> Synced: false, Seq ID: 0, Bids: 0, Asks: 0
[1788894991147] TUI Render Frame -> Synced: false, Seq ID: 0, Bids: 0, Asks: 0
[1788894991196] TUI Render Frame -> Synced: false, Seq ID: 0, Bids: 0, Asks: 0
[1788894991247] TUI Render Frame -> Synced: false, Seq ID: 0, Bids: 0, Asks: 0
[1788894991297] TUI Render Frame -> Synced: false, Seq ID: 0, Bids: 0, Asks: 0
[1788894991348] TUI Render Frame -> Synced: false, Seq ID: 0, Bids: 0, Asks: 0
[1788894991397] TUI Render Frame -> Synced: false, Seq ID: 0, Bids: 0, Asks: 0
[1788894991447] TUI Render Frame -> Synced: false, Seq ID: 0, Bids: 0, Asks: 0
[1788894991497] TUI Render Frame -> Synced: false, Seq ID: 0, Bids: 0, Asks: 0
[1788894991547] TUI Render Frame -> Synced: false, Seq ID: 0, Bids: 0, Asks: 0
[1788894991597] TUI Render Frame -> Synced: false, Seq ID: 0, Bids: 0, Asks: 0
[1788894991647] TUI Render Frame -> Synced: false, Seq ID: 0, Bids: 0, Asks: 0
[1788894991697] TUI Render Frame -> Synced: false, Seq ID: 0, Bids: 0, Asks: 0
[1788894991747] TUI Render Frame -> Synced: false, Seq ID: 0, Bids: 0, Asks: 0
[1788894991797] TUI Render Frame -> Synced: false, Seq ID: 0, Bids: 0, Asks: 0
[1788894991847] TUI Render Frame -> Synced: false, Seq ID: 0, Bids: 0, Asks: 0
[1788894991897] TUI Render Frame -> Synced: false, Seq ID: 0, Bids: 0, Asks: 0
[1788894991947] TUI Render Frame -> Synced: false, Seq ID: 0, Bids: 0, Asks: 0
[1788894991997] TUI Render Frame -> Synced: false, Seq ID: 0, Bids: 0, Asks: 0
[1788894992047] TUI Render Frame -> Synced: false, Seq ID: 0, Bids: 0, Asks: 0
[1788894992097] TUI Render Frame -> Synced: false, Seq ID: 0, Bids: 0, Asks: 0
[1788894992147] TUI Render Frame -> Synced: false, Seq ID: 0, Bids: 0, Asks: 0
[1788894992197] TUI Render Frame -> Synced: false, Seq ID: 0, Bids: 0, Asks: 0
[1788894992248] TUI Render Frame -> Synced: false, Seq ID: 0, Bids: 0, Asks: 0
[1788894992297] TUI Render Frame -> Synced: false, Seq ID: 0, Bids: 0, Asks: 0
[1788894992346] TUI Render Frame -> Synced: false, Seq ID: 0, Bids: 0, Asks: 0
[1788894992397] TUI Render Frame -> Synced: false, Seq ID: 0, Bids: 0, Asks: 0
[1788894992447] TUI Render Frame -> Synced: false, Seq ID: 0, Bids: 0, Asks: 0
[1788894992496] TUI Render Frame -> Synced: false, Seq ID: 0, Bids: 0, Asks: 0
[1788894992547] TUI Render Frame -> Synced: false, Seq ID: 0, Bids: 0, Asks: 0
[1788894992597] TUI Render Frame -> Synced: false, Seq ID: 0, Bids: 0, Asks: 0
[1788894992648] TUI Render Frame -> Synced: false, Seq ID: 0, Bids: 0, Asks: 0
[1788894992696] TUI Render Frame -> Synced: false, Seq ID: 0, Bids: 0, Asks: 0
[1788894992747] TUI Render Frame -> Synced: false, Seq ID: 0, Bids: 0, Asks: 0
[1788894992796] TUI Render Frame -> Synced: false, Seq ID: 0, Bids: 0, Asks: 0
[1788894992847] TUI Render Frame -> Synced: false, Seq ID: 0, Bids: 0, Asks: 0
[1788894992898] TUI Render Frame -> Synced: false, Seq ID: 0, Bids: 0, Asks: 0
[1788894992947] TUI Render Frame -> Synced: false, Seq ID: 0, Bids: 0, Asks: 0
[1788894992997] TUI Render Frame -> Synced: false, Seq ID: 0, Bids: 0, Asks: 0
[1788894993009] Msg #13: Depth received | Bids: 20, Asks: 20, Timestamp ID: 1788894992554
[1788894993009] Reconciler book exists: false
[1788894993009] ui_tx.send status: true, receiver count: 1
[1788894993047] TUI Render Frame -> Synced: false, Seq ID: 0, Bids: 0, Asks: 0
[1788894993097] TUI Render Frame -> Synced: false, Seq ID: 0, Bids: 0, Asks: 0
[1788894993147] TUI Render Frame -> Synced: false, Seq ID: 0, Bids: 0, Asks: 0
[1788894993197] TUI Render Frame -> Synced: false, Seq ID: 0, Bids: 0, Asks: 0
[1788894993247] TUI Render Frame -> Synced: false, Seq ID: 0, Bids: 0, Asks: 0
[1788894993296] TUI Render Frame -> Synced: false, Seq ID: 0, Bids: 0, Asks: 0
[1788894993346] TUI Render Frame -> Synced: false, Seq ID: 0, Bids: 0, Asks: 0
[1788894993397] TUI Render Frame -> Synced: false, Seq ID: 0, Bids: 0, Asks: 0
[1788894993447] TUI Render Frame -> Synced: false, Seq ID: 0, Bids: 0, Asks: 0
[1788894993497] TUI Render Frame -> Synced: false, Seq ID: 0, Bids: 0, Asks: 0
[1788894993547] TUI Render Frame -> Synced: false, Seq ID: 0, Bids: 0, Asks: 0
[1788894993598] TUI Render Frame -> Synced: false, Seq ID: 0, Bids: 0, Asks: 0
[1788894993652] TUI Render Frame -> Synced: false, Seq ID: 0, Bids: 0, Asks: 0
[1788894993697] TUI Render Frame -> Synced: false, Seq ID: 0, Bids: 0, Asks: 0
[1788894993747] TUI Render Frame -> Synced: false, Seq ID: 0, Bids: 0, Asks: 0
[1788894993797] TUI Render Frame -> Synced: false, Seq ID: 0, Bids: 0, Asks: 0
[1788894993847] TUI Render Frame -> Synced: false, Seq ID: 0, Bids: 0, Asks: 0
[1788894993896] TUI Render Frame -> Synced: false, Seq ID: 0, Bids: 0, Asks: 0
[1788894993946] TUI Render Frame -> Synced: false, Seq ID: 0, Bids: 0, Asks: 0
[1788894993997] TUI Render Frame -> Synced: false, Seq ID: 0, Bids: 0, Asks: 0
[1788894994047] TUI Render Frame -> Synced: false, Seq ID: 0, Bids: 0, Asks: 0
[1788894994097] TUI Render Frame -> Synced: false, Seq ID: 0, Bids: 0, Asks: 0
[1788894994146] TUI Render Frame -> Synced: false, Seq ID: 0, Bids: 0, Asks: 0
[1788894994197] TUI Render Frame -> Synced: false, Seq ID: 0, Bids: 0, Asks: 0
[1788894994247] TUI Render Frame -> Synced: false, Seq ID: 0, Bids: 0, Asks: 0
[1788894994297] TUI Render Frame -> Synced: false, Seq ID: 0, Bids: 0, Asks: 0
[1788894994347] TUI Render Frame -> Synced: false, Seq ID: 0, Bids: 0, Asks: 0
[1788894994396] TUI Render Frame -> Synced: false, Seq ID: 0, Bids: 0, Asks: 0
[1788894994447] TUI Render Frame -> Synced: false, Seq ID: 0, Bids: 0, Asks: 0
[1788894994497] TUI Render Frame -> Synced: false, Seq ID: 0, Bids: 0, Asks: 0
[1788894994547] TUI Render Frame -> Synced: false, Seq ID: 0, Bids: 0, Asks: 0
[1788894994597] TUI Render Frame -> Synced: false, Seq ID: 0, Bids: 0, Asks: 0
[1788894994647] TUI Render Frame -> Synced: false, Seq ID: 0, Bids: 0, Asks: 0
[1788894994697] TUI Render Frame -> Synced: false, Seq ID: 0, Bids: 0, Asks: 0
[1788894994747] TUI Render Frame -> Synced: false, Seq ID: 0, Bids: 0, Asks: 0
[1788894994797] TUI Render Frame -> Synced: false, Seq ID: 0, Bids: 0, Asks: 0
[1788894994847] TUI Render Frame -> Synced: false, Seq ID: 0, Bids: 0, Asks: 0
[1788894994896] TUI Render Frame -> Synced: false, Seq ID: 0, Bids: 0, Asks: 0
[1788894994947] TUI Render Frame -> Synced: false, Seq ID: 0, Bids: 0, Asks: 0
[1788894994997] TUI Render Frame -> Synced: false, Seq ID: 0, Bids: 0, Asks: 0
[1788894995047] TUI Render Frame -> Synced: false, Seq ID: 0, Bids: 0, Asks: 0
[1788894995097] TUI Render Frame -> Synced: false, Seq ID: 0, Bids: 0, Asks: 0
[1788894995147] TUI Render Frame -> Synced: false, Seq ID: 0, Bids: 0, Asks: 0
[1788894995197] TUI Render Frame -> Synced: false, Seq ID: 0, Bids: 0, Asks: 0
[1788894995247] TUI Render Frame -> Synced: false, Seq ID: 0, Bids: 0, Asks: 0
[1788894995297] TUI Render Frame -> Synced: false, Seq ID: 0, Bids: 0, Asks: 0
[1788894995347] TUI Render Frame -> Synced: false, Seq ID: 0, Bids: 0, Asks: 0
[1788894995397] TUI Render Frame -> Synced: false, Seq ID: 0, Bids: 0, Asks: 0
[1788894995447] TUI Render Frame -> Synced: false, Seq ID: 0, Bids: 0, Asks: 0
[1788894995497] TUI Render Frame -> Synced: false, Seq ID: 0, Bids: 0, Asks: 0
[1788894995547] TUI Render Frame -> Synced: false, Seq ID: 0, Bids: 0, Asks: 0
[1788894995597] TUI Render Frame -> Synced: false, Seq ID: 0, Bids: 0, Asks: 0
[1788894995647] TUI Render Frame -> Synced: false, Seq ID: 0, Bids: 0, Asks: 0
[1788894995697] TUI Render Frame -> Synced: false, Seq ID: 0, Bids: 0, Asks: 0
[1788894995747] TUI Render Frame -> Synced: false, Seq ID: 0, Bids: 0, Asks: 0
[1788894995797] TUI Render Frame -> Synced: false, Seq ID: 0, Bids: 0, Asks: 0
[1788894995846] TUI Render Frame -> Synced: false, Seq ID: 0, Bids: 0, Asks: 0
[1788894995897] TUI Render Frame -> Synced: false, Seq ID: 0, Bids: 0, Asks: 0
[1788894995947] TUI Render Frame -> Synced: false, Seq ID: 0, Bids: 0, Asks: 0
[1788894995996] TUI Render Frame -> Synced: false, Seq ID: 0, Bids: 0, Asks: 0
[1788894996047] TUI Render Frame -> Synced: false, Seq ID: 0, Bids: 0, Asks: 0
[1788894996097] TUI Render Frame -> Synced: false, Seq ID: 0, Bids: 0, Asks: 0
[1788894996147] TUI Render Frame -> Synced: false, Seq ID: 0, Bids: 0, Asks: 0
[1788894996198] TUI Render Frame -> Synced: false, Seq ID: 0, Bids: 0, Asks: 0
[1788894996247] TUI Render Frame -> Synced: false, Seq ID: 0, Bids: 0, Asks: 0
[1788894996297] TUI Render Frame -> Synced: false, Seq ID: 0, Bids: 0, Asks: 0
[1788894996347] TUI Render Frame -> Synced: false, Seq ID: 0, Bids: 0, Asks: 0
[1788894996397] TUI Render Frame -> Synced: false, Seq ID: 0, Bids: 0, Asks: 0
[1788894996447] TUI Render Frame -> Synced: false, Seq ID: 0, Bids: 0, Asks: 0
[1788894996497] TUI Render Frame -> Synced: false, Seq ID: 0, Bids: 0, Asks: 0
[1788894996547] TUI Render Frame -> Synced: false, Seq ID: 0, Bids: 0, Asks: 0
[1788894996597] TUI Render Frame -> Synced: false, Seq ID: 0, Bids: 0, Asks: 0
[1788894996647] TUI Render Frame -> Synced: false, Seq ID: 0, Bids: 0, Asks: 0
[1788894996697] TUI Render Frame -> Synced: false, Seq ID: 0, Bids: 0, Asks: 0
[1788894996747] TUI Render Frame -> Synced: false, Seq ID: 0, Bids: 0, Asks: 0
[1788894996797] TUI Render Frame -> Synced: false, Seq ID: 0, Bids: 0, Asks: 0
[1788894996847] TUI Render Frame -> Synced: false, Seq ID: 0, Bids: 0, Asks: 0
[1788894996897] TUI Render Frame -> Synced: false, Seq ID: 0, Bids: 0, Asks: 0
[1788894996947] TUI Render Frame -> Synced: false, Seq ID: 0, Bids: 0, Asks: 0
[1788894996996] TUI Render Frame -> Synced: false, Seq ID: 0, Bids: 0, Asks: 0
[1788894997047] TUI Render Frame -> Synced: false, Seq ID: 0, Bids: 0, Asks: 0
[1788894997097] TUI Render Frame -> Synced: false, Seq ID: 0, Bids: 0, Asks: 0
[1788894997145] TUI Render Frame -> Synced: false, Seq ID: 0, Bids: 0, Asks: 0
[1788894997197] TUI Render Frame -> Synced: false, Seq ID: 0, Bids: 0, Asks: 0
[1788894997247] TUI Render Frame -> Synced: false, Seq ID: 0, Bids: 0, Asks: 0
[1788894997298] TUI Render Frame -> Synced: false, Seq ID: 0, Bids: 0, Asks: 0
[1788894997347] TUI Render Frame -> Synced: false, Seq ID: 0, Bids: 0, Asks: 0
[1788894997397] TUI Render Frame -> Synced: false, Seq ID: 0, Bids: 0, Asks: 0
[1788894997447] TUI Render Frame -> Synced: false, Seq ID: 0, Bids: 0, Asks: 0
[1788894997498] TUI Render Frame -> Synced: false, Seq ID: 0, Bids: 0, Asks: 0
[1788894997548] TUI Render Frame -> Synced: false, Seq ID: 0, Bids: 0, Asks: 0
[1788894997596] TUI Render Frame -> Synced: false, Seq ID: 0, Bids: 0, Asks: 0
[1788894997647] TUI Render Frame -> Synced: false, Seq ID: 0, Bids: 0, Asks: 0
[1788894997697] TUI Render Frame -> Synced: false, Seq ID: 0, Bids: 0, Asks: 0
[1788894997747] TUI Render Frame -> Synced: false, Seq ID: 0, Bids: 0, Asks: 0
[1788894997797] TUI Render Frame -> Synced: false, Seq ID: 0, Bids: 0, Asks: 0
[1788894997847] TUI Render Frame -> Synced: false, Seq ID: 0, Bids: 0, Asks: 0
[1788894997897] TUI Render Frame -> Synced: false, Seq ID: 0, Bids: 0, Asks: 0
[1788894997947] TUI Render Frame -> Synced: false, Seq ID: 0, Bids: 0, Asks: 0
[1788894997996] TUI Render Frame -> Synced: false, Seq ID: 0, Bids: 0, Asks: 0
[1788894998047] TUI Render Frame -> Synced: false, Seq ID: 0, Bids: 0, Asks: 0
[1788894998098] TUI Render Frame -> Synced: false, Seq ID: 0, Bids: 0, Asks: 0
[1788894998148] TUI Render Frame -> Synced: false, Seq ID: 0, Bids: 0, Asks: 0
[1788894998197] TUI Render Frame -> Synced: false, Seq ID: 0, Bids: 0, Asks: 0
[1788894998247] TUI Render Frame -> Synced: false, Seq ID: 0, Bids: 0, Asks: 0
[1788894998273] Msg #14: Depth received | Bids: 20, Asks: 20, Timestamp ID: 1788894997864
[1788894998273] Reconciler book exists: false
[1788894998273] ui_tx.send status: true, receiver count: 1
[1788894998297] TUI Render Frame -> Synced: false, Seq ID: 0, Bids: 0, Asks: 0
[1788894998347] TUI Render Frame -> Synced: false, Seq ID: 0, Bids: 0, Asks: 0
[1788894998397] TUI Render Frame -> Synced: false, Seq ID: 0, Bids: 0, Asks: 0
[1788894998447] TUI Render Frame -> Synced: false, Seq ID: 0, Bids: 0, Asks: 0
[1788894998496] TUI Render Frame -> Synced: false, Seq ID: 0, Bids: 0, Asks: 0
[1788894998547] TUI Render Frame -> Synced: false, Seq ID: 0, Bids: 0, Asks: 0
[1788894998597] TUI Render Frame -> Synced: false, Seq ID: 0, Bids: 0, Asks: 0
[1788894998647] TUI Render Frame -> Synced: false, Seq ID: 0, Bids: 0, Asks: 0
[1788894998697] TUI Render Frame -> Synced: false, Seq ID: 0, Bids: 0, Asks: 0
[1788894998747] TUI Render Frame -> Synced: false, Seq ID: 0, Bids: 0, Asks: 0
[1788894998797] TUI Render Frame -> Synced: false, Seq ID: 0, Bids: 0, Asks: 0
[1788894998847] TUI Render Frame -> Synced: false, Seq ID: 0, Bids: 0, Asks: 0
[1788894998897] TUI Render Frame -> Synced: false, Seq ID: 0, Bids: 0, Asks: 0
[1788894998947] TUI Render Frame -> Synced: false, Seq ID: 0, Bids: 0, Asks: 0
[1788894998997] TUI Render Frame -> Synced: false, Seq ID: 0, Bids: 0, Asks: 0
[1788894999047] TUI Render Frame -> Synced: false, Seq ID: 0, Bids: 0, Asks: 0
[1788894999097] TUI Render Frame -> Synced: false, Seq ID: 0, Bids: 0, Asks: 0
[1788894999147] TUI Render Frame -> Synced: false, Seq ID: 0, Bids: 0, Asks: 0
[1788894999196] TUI Render Frame -> Synced: false, Seq ID: 0, Bids: 0, Asks: 0
[1788894999247] TUI Render Frame -> Synced: false, Seq ID: 0, Bids: 0, Asks: 0
[1788894999298] TUI Render Frame -> Synced: false, Seq ID: 0, Bids: 0, Asks: 0
[1788894999347] TUI Render Frame -> Synced: false, Seq ID: 0, Bids: 0, Asks: 0
[1788894999397] TUI Render Frame -> Synced: false, Seq ID: 0, Bids: 0, Asks: 0
[1788894999447] TUI Render Frame -> Synced: false, Seq ID: 0, Bids: 0, Asks: 0
[1788894999497] TUI Render Frame -> Synced: false, Seq ID: 0, Bids: 0, Asks: 0
[1788894999546] TUI Render Frame -> Synced: false, Seq ID: 0, Bids: 0, Asks: 0
[1788894999597] TUI Render Frame -> Synced: false, Seq ID: 0, Bids: 0, Asks: 0
[1788894999647] TUI Render Frame -> Synced: false, Seq ID: 0, Bids: 0, Asks: 0
[1788894999698] TUI Render Frame -> Synced: false, Seq ID: 0, Bids: 0, Asks: 0
[1788894999747] TUI Render Frame -> Synced: false, Seq ID: 0, Bids: 0, Asks: 0
[1788894999798] TUI Render Frame -> Synced: false, Seq ID: 0, Bids: 0, Asks: 0
[1788894999847] TUI Render Frame -> Synced: false, Seq ID: 0, Bids: 0, Asks: 0
[1788894999897] TUI Render Frame -> Synced: false, Seq ID: 0, Bids: 0, Asks: 0
[1788894999948] TUI Render Frame -> Synced: false, Seq ID: 0, Bids: 0, Asks: 0
[1788894999998] TUI Render Frame -> Synced: false, Seq ID: 0, Bids: 0, Asks: 0
[1788895000047] TUI Render Frame -> Synced: false, Seq ID: 0, Bids: 0, Asks: 0
[1788895000098] TUI Render Frame -> Synced: false, Seq ID: 0, Bids: 0, Asks: 0
[1788895000147] TUI Render Frame -> Synced: false, Seq ID: 0, Bids: 0, Asks: 0
[1788895000197] TUI Render Frame -> Synced: false, Seq ID: 0, Bids: 0, Asks: 0
[1788895000247] TUI Render Frame -> Synced: false, Seq ID: 0, Bids: 0, Asks: 0
[1788895000297] TUI Render Frame -> Synced: false, Seq ID: 0, Bids: 0, Asks: 0
[1788895000346] TUI Render Frame -> Synced: false, Seq ID: 0, Bids: 0, Asks: 0
[1788895000397] TUI Render Frame -> Synced: false, Seq ID: 0, Bids: 0, Asks: 0
[1788895000447] TUI Render Frame -> Synced: false, Seq ID: 0, Bids: 0, Asks: 0
[1788895000497] TUI Render Frame -> Synced: false, Seq ID: 0, Bids: 0, Asks: 0
[1788895000547] TUI Render Frame -> Synced: false, Seq ID: 0, Bids: 0, Asks: 0
[1788895000598] TUI Render Frame -> Synced: false, Seq ID: 0, Bids: 0, Asks: 0
[1788895000647] TUI Render Frame -> Synced: false, Seq ID: 0, Bids: 0, Asks: 0
[1788895000697] TUI Render Frame -> Synced: false, Seq ID: 0, Bids: 0, Asks: 0
[1788895000747] TUI Render Frame -> Synced: false, Seq ID: 0, Bids: 0, Asks: 0
[1788895000797] TUI Render Frame -> Synced: false, Seq ID: 0, Bids: 0, Asks: 0
[1788895000847] TUI Render Frame -> Synced: false, Seq ID: 0, Bids: 0, Asks: 0
[1788895000897] TUI Render Frame -> Synced: false, Seq ID: 0, Bids: 0, Asks: 0
[1788895000946] TUI Render Frame -> Synced: false, Seq ID: 0, Bids: 0, Asks: 0
[1788895000997] TUI Render Frame -> Synced: false, Seq ID: 0, Bids: 0, Asks: 0
[1788895001047] TUI Render Frame -> Synced: false, Seq ID: 0, Bids: 0, Asks: 0
[1788895001097] TUI Render Frame -> Synced: false, Seq ID: 0, Bids: 0, Asks: 0
[1788895001147] TUI Render Frame -> Synced: false, Seq ID: 0, Bids: 0, Asks: 0
[1788895001197] TUI Render Frame -> Synced: false, Seq ID: 0, Bids: 0, Asks: 0
[1788895001247] TUI Render Frame -> Synced: false, Seq ID: 0, Bids: 0, Asks: 0
[1788895001297] TUI Render Frame -> Synced: false, Seq ID: 0, Bids: 0, Asks: 0
[1788895001347] TUI Render Frame -> Synced: false, Seq ID: 0, Bids: 0, Asks: 0
[1788895001397] TUI Render Frame -> Synced: false, Seq ID: 0, Bids: 0, Asks: 0
[1788895001447] TUI Render Frame -> Synced: false, Seq ID: 0, Bids: 0, Asks: 0
[1788895001497] TUI Render Frame -> Synced: false, Seq ID: 0, Bids: 0, Asks: 0
[1788895001547] TUI Render Frame -> Synced: false, Seq ID: 0, Bids: 0, Asks: 0
[1788895001597] TUI Render Frame -> Synced: false, Seq ID: 0, Bids: 0, Asks: 0
[1788895001647] TUI Render Frame -> Synced: false, Seq ID: 0, Bids: 0, Asks: 0
[1788895001697] TUI Render Frame -> Synced: false, Seq ID: 0, Bids: 0, Asks: 0
[1788895001747] TUI Render Frame -> Synced: false, Seq ID: 0, Bids: 0, Asks: 0
[1788895001797] TUI Render Frame -> Synced: false, Seq ID: 0, Bids: 0, Asks: 0
[1788895001847] TUI Render Frame -> Synced: false, Seq ID: 0, Bids: 0, Asks: 0
[1788895001897] TUI Render Frame -> Synced: false, Seq ID: 0, Bids: 0, Asks: 0
[1788895001946] TUI Render Frame -> Synced: false, Seq ID: 0, Bids: 0, Asks: 0
[1788895001997] TUI Render Frame -> Synced: false, Seq ID: 0, Bids: 0, Asks: 0
[1788895002047] TUI Render Frame -> Synced: false, Seq ID: 0, Bids: 0, Asks: 0
[1788895002097] TUI Render Frame -> Synced: false, Seq ID: 0, Bids: 0, Asks: 0
[1788895002147] TUI Render Frame -> Synced: false, Seq ID: 0, Bids: 0, Asks: 0
[1788895002197] TUI Render Frame -> Synced: false, Seq ID: 0, Bids: 0, Asks: 0
[1788895002247] TUI Render Frame -> Synced: false, Seq ID: 0, Bids: 0, Asks: 0
[1788895002297] TUI Render Frame -> Synced: false, Seq ID: 0, Bids: 0, Asks: 0
[1788895002347] TUI Render Frame -> Synced: false, Seq ID: 0, Bids: 0, Asks: 0
[1788895002396] TUI Render Frame -> Synced: false, Seq ID: 0, Bids: 0, Asks: 0
[1788895002447] TUI Render Frame -> Synced: false, Seq ID: 0, Bids: 0, Asks: 0
[1788895002497] TUI Render Frame -> Synced: false, Seq ID: 0, Bids: 0, Asks: 0
[1788895002547] TUI Render Frame -> Synced: false, Seq ID: 0, Bids: 0, Asks: 0
[1788895002597] TUI Render Frame -> Synced: false, Seq ID: 0, Bids: 0, Asks: 0
[1788895002647] TUI Render Frame -> Synced: false, Seq ID: 0, Bids: 0, Asks: 0
[1788895002697] TUI Render Frame -> Synced: false, Seq ID: 0, Bids: 0, Asks: 0
[1788895002747] TUI Render Frame -> Synced: false, Seq ID: 0, Bids: 0, Asks: 0
[1788895002797] TUI Render Frame -> Synced: false, Seq ID: 0, Bids: 0, Asks: 0
[1788895002846] TUI Render Frame -> Synced: false, Seq ID: 0, Bids: 0, Asks: 0
[1788895002897] TUI Render Frame -> Synced: false, Seq ID: 0, Bids: 0, Asks: 0
[1788895002947] TUI Render Frame -> Synced: false, Seq ID: 0, Bids: 0, Asks: 0
[1788895002997] TUI Render Frame -> Synced: false, Seq ID: 0, Bids: 0, Asks: 0
[1788895003047] TUI Render Frame -> Synced: false, Seq ID: 0, Bids: 0, Asks: 0
[1788895003097] TUI Render Frame -> Synced: false, Seq ID: 0, Bids: 0, Asks: 0
[1788895003147] TUI Render Frame -> Synced: false, Seq ID: 0, Bids: 0, Asks: 0
[1788895003197] TUI Render Frame -> Synced: false, Seq ID: 0, Bids: 0, Asks: 0
[1788895003247] TUI Render Frame -> Synced: false, Seq ID: 0, Bids: 0, Asks: 0
[1788895003297] TUI Render Frame -> Synced: false, Seq ID: 0, Bids: 0, Asks: 0
[1788895003347] TUI Render Frame -> Synced: false, Seq ID: 0, Bids: 0, Asks: 0
[1788895003397] TUI Render Frame -> Synced: false, Seq ID: 0, Bids: 0, Asks: 0
[1788895003446] TUI Render Frame -> Synced: false, Seq ID: 0, Bids: 0, Asks: 0
[1788895003497] TUI Render Frame -> Synced: false, Seq ID: 0, Bids: 0, Asks: 0
[1788895003546] TUI Render Frame -> Synced: false, Seq ID: 0, Bids: 0, Asks: 0
[1788895003581] Msg #15: Depth received | Bids: 20, Asks: 20, Timestamp ID: 1788895003224
[1788895003581] Reconciler book exists: false
[1788895003581] ui_tx.send status: true, receiver count: 1
[1788895003597] TUI Render Frame -> Synced: false, Seq ID: 0, Bids: 0, Asks: 0
[1788895003647] TUI Render Frame -> Synced: false, Seq ID: 0, Bids: 0, Asks: 0
[1788895003697] TUI Render Frame -> Synced: false, Seq ID: 0, Bids: 0, Asks: 0
[1788895003747] TUI Render Frame -> Synced: false, Seq ID: 0, Bids: 0, Asks: 0
[1788895003797] TUI Render Frame -> Synced: false, Seq ID: 0, Bids: 0, Asks: 0
[1788895003847] TUI Render Frame -> Synced: false, Seq ID: 0, Bids: 0, Asks: 0
[1788895003897] TUI Render Frame -> Synced: false, Seq ID: 0, Bids: 0, Asks: 0
[1788895003947] TUI Render Frame -> Synced: false, Seq ID: 0, Bids: 0, Asks: 0
[1788895003997] TUI Render Frame -> Synced: false, Seq ID: 0, Bids: 0, Asks: 0
[1788895004048] TUI Render Frame -> Synced: false, Seq ID: 0, Bids: 0, Asks: 0
[1788895004097] TUI Render Frame -> Synced: false, Seq ID: 0, Bids: 0, Asks: 0
[1788895004147] TUI Render Frame -> Synced: false, Seq ID: 0, Bids: 0, Asks: 0
[1788895004197] TUI Render Frame -> Synced: false, Seq ID: 0, Bids: 0, Asks: 0
[1788895004247] TUI Render Frame -> Synced: false, Seq ID: 0, Bids: 0, Asks: 0
[1788895004297] TUI Render Frame -> Synced: false, Seq ID: 0, Bids: 0, Asks: 0
[1788895004347] TUI Render Frame -> Synced: false, Seq ID: 0, Bids: 0, Asks: 0
[1788895004397] TUI Render Frame -> Synced: false, Seq ID: 0, Bids: 0, Asks: 0
[1788895004447] TUI Render Frame -> Synced: false, Seq ID: 0, Bids: 0, Asks: 0
[1788895004497] TUI Render Frame -> Synced: false, Seq ID: 0, Bids: 0, Asks: 0
[1788895004547] TUI Render Frame -> Synced: false, Seq ID: 0, Bids: 0, Asks: 0
[1788895004597] TUI Render Frame -> Synced: false, Seq ID: 0, Bids: 0, Asks: 0
[1788895004647] TUI Render Frame -> Synced: false, Seq ID: 0, Bids: 0, Asks: 0
[1788895004697] TUI Render Frame -> Synced: false, Seq ID: 0, Bids: 0, Asks: 0
[1788895004747] TUI Render Frame -> Synced: false, Seq ID: 0, Bids: 0, Asks: 0
[1788895004797] TUI Render Frame -> Synced: false, Seq ID: 0, Bids: 0, Asks: 0
[1788895004847] TUI Render Frame -> Synced: false, Seq ID: 0, Bids: 0, Asks: 0
[1788895004897] TUI Render Frame -> Synced: false, Seq ID: 0, Bids: 0, Asks: 0
[1788895004947] TUI Render Frame -> Synced: false, Seq ID: 0, Bids: 0, Asks: 0
[1788895004997] TUI Render Frame -> Synced: false, Seq ID: 0, Bids: 0, Asks: 0
[1788895005047] TUI Render Frame -> Synced: false, Seq ID: 0, Bids: 0, Asks: 0
[1788895005097] TUI Render Frame -> Synced: false, Seq ID: 0, Bids: 0, Asks: 0
[1788895005146] TUI Render Frame -> Synced: false, Seq ID: 0, Bids: 0, Asks: 0
[1788895005197] TUI Render Frame -> Synced: false, Seq ID: 0, Bids: 0, Asks: 0
[1788895005248] TUI Render Frame -> Synced: false, Seq ID: 0, Bids: 0, Asks: 0
[1788895005297] TUI Render Frame -> Synced: false, Seq ID: 0, Bids: 0, Asks: 0
[1788895005347] TUI Render Frame -> Synced: false, Seq ID: 0, Bids: 0, Asks: 0
[1788895005397] TUI Render Frame -> Synced: false, Seq ID: 0, Bids: 0, Asks: 0
[1788895005447] TUI Render Frame -> Synced: false, Seq ID: 0, Bids: 0, Asks: 0
[1788895005497] TUI Render Frame -> Synced: false, Seq ID: 0, Bids: 0, Asks: 0
[1788895005547] TUI Render Frame -> Synced: false, Seq ID: 0, Bids: 0, Asks: 0
[1788895005597] TUI Render Frame -> Synced: false, Seq ID: 0, Bids: 0, Asks: 0
[1788895005647] TUI Render Frame -> Synced: false, Seq ID: 0, Bids: 0, Asks: 0
[1788895005697] TUI Render Frame -> Synced: false, Seq ID: 0, Bids: 0, Asks: 0
[1788895005747] TUI Render Frame -> Synced: false, Seq ID: 0, Bids: 0, Asks: 0
[1788895005797] TUI Render Frame -> Synced: false, Seq ID: 0, Bids: 0, Asks: 0
[1788895005847] TUI Render Frame -> Synced: false, Seq ID: 0, Bids: 0, Asks: 0
[1788895005897] TUI Render Frame -> Synced: false, Seq ID: 0, Bids: 0, Asks: 0
[1788895005947] TUI Render Frame -> Synced: false, Seq ID: 0, Bids: 0, Asks: 0
[1788895006000] TUI Render Frame -> Synced: false, Seq ID: 0, Bids: 0, Asks: 0
[1788895006046] TUI Render Frame -> Synced: false, Seq ID: 0, Bids: 0, Asks: 0
[1788895006099] TUI Render Frame -> Synced: false, Seq ID: 0, Bids: 0, Asks: 0
[1788895006147] TUI Render Frame -> Synced: false, Seq ID: 0, Bids: 0, Asks: 0
[1788895006197] TUI Render Frame -> Synced: false, Seq ID: 0, Bids: 0, Asks: 0
[1788895006247] TUI Render Frame -> Synced: false, Seq ID: 0, Bids: 0, Asks: 0
[1788895006297] TUI Render Frame -> Synced: false, Seq ID: 0, Bids: 0, Asks: 0
[1788895006347] TUI Render Frame -> Synced: false, Seq ID: 0, Bids: 0, Asks: 0
[1788895006397] TUI Render Frame -> Synced: false, Seq ID: 0, Bids: 0, Asks: 0
[1788895006447] TUI Render Frame -> Synced: false, Seq ID: 0, Bids: 0, Asks: 0
[1788895006497] TUI Render Frame -> Synced: false, Seq ID: 0, Bids: 0, Asks: 0
[1788895006547] TUI Render Frame -> Synced: false, Seq ID: 0, Bids: 0, Asks: 0
[1788895006597] TUI Render Frame -> Synced: false, Seq ID: 0, Bids: 0, Asks: 0
[1788895006647] TUI Render Frame -> Synced: false, Seq ID: 0, Bids: 0, Asks: 0
[1788895006697] TUI Render Frame -> Synced: false, Seq ID: 0, Bids: 0, Asks: 0
[1788895006746] TUI Render Frame -> Synced: false, Seq ID: 0, Bids: 0, Asks: 0
[1788895006797] TUI Render Frame -> Synced: false, Seq ID: 0, Bids: 0, Asks: 0
[1788895006847] TUI Render Frame -> Synced: false, Seq ID: 0, Bids: 0, Asks: 0
[1788895006896] TUI Render Frame -> Synced: false, Seq ID: 0, Bids: 0, Asks: 0
[1788895006947] TUI Render Frame -> Synced: false, Seq ID: 0, Bids: 0, Asks: 0
[1788895006997] TUI Render Frame -> Synced: false, Seq ID: 0, Bids: 0, Asks: 0
[1788895007047] TUI Render Frame -> Synced: false, Seq ID: 0, Bids: 0, Asks: 0
[1788895007098] TUI Render Frame -> Synced: false, Seq ID: 0, Bids: 0, Asks: 0
[1788895007147] TUI Render Frame -> Synced: false, Seq ID: 0, Bids: 0, Asks: 0
[1788895007196] TUI Render Frame -> Synced: false, Seq ID: 0, Bids: 0, Asks: 0
[1788895007247] TUI Render Frame -> Synced: false, Seq ID: 0, Bids: 0, Asks: 0
[1788895007297] TUI Render Frame -> Synced: false, Seq ID: 0, Bids: 0, Asks: 0
[1788895007347] TUI Render Frame -> Synced: false, Seq ID: 0, Bids: 0, Asks: 0
[1788895007397] TUI Render Frame -> Synced: false, Seq ID: 0, Bids: 0, Asks: 0
[1788895007447] TUI Render Frame -> Synced: false, Seq ID: 0, Bids: 0, Asks: 0
[1788895007498] TUI Render Frame -> Synced: false, Seq ID: 0, Bids: 0, Asks: 0
[1788895007548] TUI Render Frame -> Synced: false, Seq ID: 0, Bids: 0, Asks: 0
[1788895007597] TUI Render Frame -> Synced: false, Seq ID: 0, Bids: 0, Asks: 0
[1788895007646] TUI Render Frame -> Synced: false, Seq ID: 0, Bids: 0, Asks: 0
[1788895007697] TUI Render Frame -> Synced: false, Seq ID: 0, Bids: 0, Asks: 0
[1788895007748] TUI Render Frame -> Synced: false, Seq ID: 0, Bids: 0, Asks: 0
[1788895007797] TUI Render Frame -> Synced: false, Seq ID: 0, Bids: 0, Asks: 0
[1788895007847] TUI Render Frame -> Synced: false, Seq ID: 0, Bids: 0, Asks: 0
[1788895007898] TUI Render Frame -> Synced: false, Seq ID: 0, Bids: 0, Asks: 0
[1788895007947] TUI Render Frame -> Synced: false, Seq ID: 0, Bids: 0, Asks: 0
[1788895007997] TUI Render Frame -> Synced: false, Seq ID: 0, Bids: 0, Asks: 0
[1788895008047] TUI Render Frame -> Synced: false, Seq ID: 0, Bids: 0, Asks: 0
[1788895008097] TUI Render Frame -> Synced: false, Seq ID: 0, Bids: 0, Asks: 0
[1788895008146] TUI Render Frame -> Synced: false, Seq ID: 0, Bids: 0, Asks: 0
[1788895008197] TUI Render Frame -> Synced: false, Seq ID: 0, Bids: 0, Asks: 0
[1788895008247] TUI Render Frame -> Synced: false, Seq ID: 0, Bids: 0, Asks: 0
[1788895008297] TUI Render Frame -> Synced: false, Seq ID: 0, Bids: 0, Asks: 0
[1788895008347] TUI Render Frame -> Synced: false, Seq ID: 0, Bids: 0, Asks: 0
[1788895008397] TUI Render Frame -> Synced: false, Seq ID: 0, Bids: 0, Asks: 0
[1788895008447] TUI Render Frame -> Synced: false, Seq ID: 0, Bids: 0, Asks: 0
[1788895008497] TUI Render Frame -> Synced: false, Seq ID: 0, Bids: 0, Asks: 0
[1788895008547] TUI Render Frame -> Synced: false, Seq ID: 0, Bids: 0, Asks: 0
[1788895008598] TUI Render Frame -> Synced: false, Seq ID: 0, Bids: 0, Asks: 0
[1788895008647] TUI Render Frame -> Synced: false, Seq ID: 0, Bids: 0, Asks: 0
[1788895008697] TUI Render Frame -> Synced: false, Seq ID: 0, Bids: 0, Asks: 0
[1788895008747] TUI Render Frame -> Synced: false, Seq ID: 0, Bids: 0, Asks: 0
[1788895008797] TUI Render Frame -> Synced: false, Seq ID: 0, Bids: 0, Asks: 0
[1788895008847] TUI Render Frame -> Synced: false, Seq ID: 0, Bids: 0, Asks: 0
[1788895008897] TUI Render Frame -> Synced: false, Seq ID: 0, Bids: 0, Asks: 0
[1788895008947] TUI Render Frame -> Synced: false, Seq ID: 0, Bids: 0, Asks: 0
[1788895008997] TUI Render Frame -> Synced: false, Seq ID: 0, Bids: 0, Asks: 0
[1788895009014] Msg #16: Depth received | Bids: 20, Asks: 20, Timestamp ID: 1788895008574
[1788895009015] Reconciler book exists: false
[1788895009015] ui_tx.send status: true, receiver count: 1
[1788895009047] TUI Render Frame -> Synced: false, Seq ID: 0, Bids: 0, Asks: 0
[1788895009097] TUI Render Frame -> Synced: false, Seq ID: 0, Bids: 0, Asks: 0
[1788895009147] TUI Render Frame -> Synced: false, Seq ID: 0, Bids: 0, Asks: 0
[1788895009197] TUI Render Frame -> Synced: false, Seq ID: 0, Bids: 0, Asks: 0
[1788895009247] TUI Render Frame -> Synced: false, Seq ID: 0, Bids: 0, Asks: 0
[1788895009298] TUI Render Frame -> Synced: false, Seq ID: 0, Bids: 0, Asks: 0
[1788895009349] TUI Render Frame -> Synced: false, Seq ID: 0, Bids: 0, Asks: 0
[1788895009397] TUI Render Frame -> Synced: false, Seq ID: 0, Bids: 0, Asks: 0
[1788895009447] TUI Render Frame -> Synced: false, Seq ID: 0, Bids: 0, Asks: 0
[1788895009497] TUI Render Frame -> Synced: false, Seq ID: 0, Bids: 0, Asks: 0
[1788895009547] TUI Render Frame -> Synced: false, Seq ID: 0, Bids: 0, Asks: 0
[1788895009597] TUI Render Frame -> Synced: false, Seq ID: 0, Bids: 0, Asks: 0
[1788895009647] TUI Render Frame -> Synced: false, Seq ID: 0, Bids: 0, Asks: 0
[1788895009697] TUI Render Frame -> Synced: false, Seq ID: 0, Bids: 0, Asks: 0
[1788895009747] TUI Render Frame -> Synced: false, Seq ID: 0, Bids: 0, Asks: 0
[1788895009797] TUI Render Frame -> Synced: false, Seq ID: 0, Bids: 0, Asks: 0
[1788895009847] TUI Render Frame -> Synced: false, Seq ID: 0, Bids: 0, Asks: 0
[1788895009897] TUI Render Frame -> Synced: false, Seq ID: 0, Bids: 0, Asks: 0
[1788895009946] TUI Render Frame -> Synced: false, Seq ID: 0, Bids: 0, Asks: 0
[1788895009996] TUI Render Frame -> Synced: false, Seq ID: 0, Bids: 0, Asks: 0
[1788895010047] TUI Render Frame -> Synced: false, Seq ID: 0, Bids: 0, Asks: 0
[1788895010097] TUI Render Frame -> Synced: false, Seq ID: 0, Bids: 0, Asks: 0
[1788895010147] TUI Render Frame -> Synced: false, Seq ID: 0, Bids: 0, Asks: 0
[1788895010198] TUI Render Frame -> Synced: false, Seq ID: 0, Bids: 0, Asks: 0
[1788895010246] TUI Render Frame -> Synced: false, Seq ID: 0, Bids: 0, Asks: 0
[1788895010297] TUI Render Frame -> Synced: false, Seq ID: 0, Bids: 0, Asks: 0
[1788895010347] TUI Render Frame -> Synced: false, Seq ID: 0, Bids: 0, Asks: 0
[1788895010396] TUI Render Frame -> Synced: false, Seq ID: 0, Bids: 0, Asks: 0
[1788895010447] TUI Render Frame -> Synced: false, Seq ID: 0, Bids: 0, Asks: 0
[1788895010497] TUI Render Frame -> Synced: false, Seq ID: 0, Bids: 0, Asks: 0
[1788895010548] TUI Render Frame -> Synced: false, Seq ID: 0, Bids: 0, Asks: 0
[1788895010598] TUI Render Frame -> Synced: false, Seq ID: 0, Bids: 0, Asks: 0
[1788895010648] TUI Render Frame -> Synced: false, Seq ID: 0, Bids: 0, Asks: 0
[1788895010698] TUI Render Frame -> Synced: false, Seq ID: 0, Bids: 0, Asks: 0
[1788895010748] TUI Render Frame -> Synced: false, Seq ID: 0, Bids: 0, Asks: 0
[1788895010797] TUI Render Frame -> Synced: false, Seq ID: 0, Bids: 0, Asks: 0
[1788895010847] TUI Render Frame -> Synced: false, Seq ID: 0, Bids: 0, Asks: 0
[1788895010897] TUI Render Frame -> Synced: false, Seq ID: 0, Bids: 0, Asks: 0
[1788895010947] TUI Render Frame -> Synced: false, Seq ID: 0, Bids: 0, Asks: 0
[1788895010997] TUI Render Frame -> Synced: false, Seq ID: 0, Bids: 0, Asks: 0
[1788895011048] TUI Render Frame -> Synced: false, Seq ID: 0, Bids: 0, Asks: 0
[1788895011097] TUI Render Frame -> Synced: false, Seq ID: 0, Bids: 0, Asks: 0
[1788895011147] TUI Render Frame -> Synced: false, Seq ID: 0, Bids: 0, Asks: 0
[1788895011197] TUI Render Frame -> Synced: false, Seq ID: 0, Bids: 0, Asks: 0
[1788895011247] TUI Render Frame -> Synced: false, Seq ID: 0, Bids: 0, Asks: 0
[1788895011297] TUI Render Frame -> Synced: false, Seq ID: 0, Bids: 0, Asks: 0
[1788895011347] TUI Render Frame -> Synced: false, Seq ID: 0, Bids: 0, Asks: 0
[1788895011397] TUI Render Frame -> Synced: false, Seq ID: 0, Bids: 0, Asks: 0
[1788895011447] TUI Render Frame -> Synced: false, Seq ID: 0, Bids: 0, Asks: 0
[1788895011497] TUI Render Frame -> Synced: false, Seq ID: 0, Bids: 0, Asks: 0
[1788895011546] TUI Render Frame -> Synced: false, Seq ID: 0, Bids: 0, Asks: 0
[1788895011597] TUI Render Frame -> Synced: false, Seq ID: 0, Bids: 0, Asks: 0
[1788895011648] TUI Render Frame -> Synced: false, Seq ID: 0, Bids: 0, Asks: 0
[1788895011697] TUI Render Frame -> Synced: false, Seq ID: 0, Bids: 0, Asks: 0
[1788895011747] TUI Render Frame -> Synced: false, Seq ID: 0, Bids: 0, Asks: 0
[1788895011797] TUI Render Frame -> Synced: false, Seq ID: 0, Bids: 0, Asks: 0
[1788895011847] TUI Render Frame -> Synced: false, Seq ID: 0, Bids: 0, Asks: 0
[1788895011897] TUI Render Frame -> Synced: false, Seq ID: 0, Bids: 0, Asks: 0
[1788895011947] TUI Render Frame -> Synced: false, Seq ID: 0, Bids: 0, Asks: 0
[1788895011996] TUI Render Frame -> Synced: false, Seq ID: 0, Bids: 0, Asks: 0
[1788895012047] TUI Render Frame -> Synced: false, Seq ID: 0, Bids: 0, Asks: 0
[1788895012097] TUI Render Frame -> Synced: false, Seq ID: 0, Bids: 0, Asks: 0
[1788895012147] TUI Render Frame -> Synced: false, Seq ID: 0, Bids: 0, Asks: 0
[1788895012197] TUI Render Frame -> Synced: false, Seq ID: 0, Bids: 0, Asks: 0
[1788895012247] TUI Render Frame -> Synced: false, Seq ID: 0, Bids: 0, Asks: 0
[1788895012297] TUI Render Frame -> Synced: false, Seq ID: 0, Bids: 0, Asks: 0
[1788895012347] TUI Render Frame -> Synced: false, Seq ID: 0, Bids: 0, Asks: 0
[1788895012397] TUI Render Frame -> Synced: false, Seq ID: 0, Bids: 0, Asks: 0
[1788895012447] TUI Render Frame -> Synced: false, Seq ID: 0, Bids: 0, Asks: 0
[1788895012497] TUI Render Frame -> Synced: false, Seq ID: 0, Bids: 0, Asks: 0
[1788895012547] TUI Render Frame -> Synced: false, Seq ID: 0, Bids: 0, Asks: 0
[1788895012597] TUI Render Frame -> Synced: false, Seq ID: 0, Bids: 0, Asks: 0
[1788895012647] TUI Render Frame -> Synced: false, Seq ID: 0, Bids: 0, Asks: 0
[1788895012697] TUI Render Frame -> Synced: false, Seq ID: 0, Bids: 0, Asks: 0
[1788895012747] TUI Render Frame -> Synced: false, Seq ID: 0, Bids: 0, Asks: 0
[1788895012797] TUI Render Frame -> Synced: false, Seq ID: 0, Bids: 0, Asks: 0
[1788895012847] TUI Render Frame -> Synced: false, Seq ID: 0, Bids: 0, Asks: 0
[1788895012897] TUI Render Frame -> Synced: false, Seq ID: 0, Bids: 0, Asks: 0
[1788895012947] TUI Render Frame -> Synced: false, Seq ID: 0, Bids: 0, Asks: 0
[1788895012998] TUI Render Frame -> Synced: false, Seq ID: 0, Bids: 0, Asks: 0
[1788895013047] TUI Render Frame -> Synced: false, Seq ID: 0, Bids: 0, Asks: 0
[1788895013098] TUI Render Frame -> Synced: false, Seq ID: 0, Bids: 0, Asks: 0
[1788895013146] TUI Render Frame -> Synced: false, Seq ID: 0, Bids: 0, Asks: 0
[1788895013197] TUI Render Frame -> Synced: false, Seq ID: 0, Bids: 0, Asks: 0
[1788895013247] TUI Render Frame -> Synced: false, Seq ID: 0, Bids: 0, Asks: 0
[1788895013297] TUI Render Frame -> Synced: false, Seq ID: 0, Bids: 0, Asks: 0
[1788895013347] TUI Render Frame -> Synced: false, Seq ID: 0, Bids: 0, Asks: 0
[1788895013397] TUI Render Frame -> Synced: false, Seq ID: 0, Bids: 0, Asks: 0
[1788895013447] TUI Render Frame -> Synced: false, Seq ID: 0, Bids: 0, Asks: 0
[1788895013497] TUI Render Frame -> Synced: false, Seq ID: 0, Bids: 0, Asks: 0
[1788895013547] TUI Render Frame -> Synced: false, Seq ID: 0, Bids: 0, Asks: 0
[1788895013596] TUI Render Frame -> Synced: false, Seq ID: 0, Bids: 0, Asks: 0
[1788895013647] TUI Render Frame -> Synced: false, Seq ID: 0, Bids: 0, Asks: 0
[1788895013697] TUI Render Frame -> Synced: false, Seq ID: 0, Bids: 0, Asks: 0
[1788895013747] TUI Render Frame -> Synced: false, Seq ID: 0, Bids: 0, Asks: 0
[1788895013797] TUI Render Frame -> Synced: false, Seq ID: 0, Bids: 0, Asks: 0
[1788895013848] TUI Render Frame -> Synced: false, Seq ID: 0, Bids: 0, Asks: 0
[1788895013897] TUI Render Frame -> Synced: false, Seq ID: 0, Bids: 0, Asks: 0
[1788895013947] TUI Render Frame -> Synced: false, Seq ID: 0, Bids: 0, Asks: 0
[1788895013997] TUI Render Frame -> Synced: false, Seq ID: 0, Bids: 0, Asks: 0
[1788895014046] TUI Render Frame -> Synced: false, Seq ID: 0, Bids: 0, Asks: 0
[1788895014098] TUI Render Frame -> Synced: false, Seq ID: 0, Bids: 0, Asks: 0
[1788895014147] TUI Render Frame -> Synced: false, Seq ID: 0, Bids: 0, Asks: 0
[1788895014197] TUI Render Frame -> Synced: false, Seq ID: 0, Bids: 0, Asks: 0
[1788895014247] TUI Render Frame -> Synced: false, Seq ID: 0, Bids: 0, Asks: 0
[1788895014298] TUI Render Frame -> Synced: false, Seq ID: 0, Bids: 0, Asks: 0
[1788895014348] TUI Render Frame -> Synced: false, Seq ID: 0, Bids: 0, Asks: 0
[1788895014397] TUI Render Frame -> Synced: false, Seq ID: 0, Bids: 0, Asks: 0
[1788895014448] TUI Render Frame -> Synced: false, Seq ID: 0, Bids: 0, Asks: 0
[1788895014497] TUI Render Frame -> Synced: false, Seq ID: 0, Bids: 0, Asks: 0
[1788895014537] Msg #17: Depth received | Bids: 20, Asks: 20, Timestamp ID: 1788895013934
[1788895014537] Reconciler book exists: false
[1788895014537] ui_tx.send status: true, receiver count: 1
[1788895014547] TUI Render Frame -> Synced: false, Seq ID: 0, Bids: 0, Asks: 0
[1788895014597] TUI Render Frame -> Synced: false, Seq ID: 0, Bids: 0, Asks: 0
[1788895014647] TUI Render Frame -> Synced: false, Seq ID: 0, Bids: 0, Asks: 0
[1788895014697] TUI Render Frame -> Synced: false, Seq ID: 0, Bids: 0, Asks: 0
[1788895014746] TUI Render Frame -> Synced: false, Seq ID: 0, Bids: 0, Asks: 0
[1788895014798] TUI Render Frame -> Synced: false, Seq ID: 0, Bids: 0, Asks: 0
[1788895014847] TUI Render Frame -> Synced: false, Seq ID: 0, Bids: 0, Asks: 0
[1788895014897] TUI Render Frame -> Synced: false, Seq ID: 0, Bids: 0, Asks: 0
[1788895014947] TUI Render Frame -> Synced: false, Seq ID: 0, Bids: 0, Asks: 0
[1788895014997] TUI Render Frame -> Synced: false, Seq ID: 0, Bids: 0, Asks: 0
[1788895015047] TUI Render Frame -> Synced: false, Seq ID: 0, Bids: 0, Asks: 0
[1788895015097] TUI Render Frame -> Synced: false, Seq ID: 0, Bids: 0, Asks: 0
[1788895015146] TUI Render Frame -> Synced: false, Seq ID: 0, Bids: 0, Asks: 0
[1788895015197] TUI Render Frame -> Synced: false, Seq ID: 0, Bids: 0, Asks: 0
[1788895015247] TUI Render Frame -> Synced: false, Seq ID: 0, Bids: 0, Asks: 0
[1788895015298] TUI Render Frame -> Synced: false, Seq ID: 0, Bids: 0, Asks: 0
[1788895015347] TUI Render Frame -> Synced: false, Seq ID: 0, Bids: 0, Asks: 0
[1788895015397] TUI Render Frame -> Synced: false, Seq ID: 0, Bids: 0, Asks: 0
[1788895015447] TUI Render Frame -> Synced: false, Seq ID: 0, Bids: 0, Asks: 0
[1788895015497] TUI Render Frame -> Synced: false, Seq ID: 0, Bids: 0, Asks: 0
[1788895015548] TUI Render Frame -> Synced: false, Seq ID: 0, Bids: 0, Asks: 0
[1788895015597] TUI Render Frame -> Synced: false, Seq ID: 0, Bids: 0, Asks: 0
[1788895015647] TUI Render Frame -> Synced: false, Seq ID: 0, Bids: 0, Asks: 0
[1788895015698] TUI Render Frame -> Synced: false, Seq ID: 0, Bids: 0, Asks: 0
[1788895015747] TUI Render Frame -> Synced: false, Seq ID: 0, Bids: 0, Asks: 0
[1788895015796] TUI Render Frame -> Synced: false, Seq ID: 0, Bids: 0, Asks: 0
[1788895015848] TUI Render Frame -> Synced: false, Seq ID: 0, Bids: 0, Asks: 0
[1788895015897] TUI Render Frame -> Synced: false, Seq ID: 0, Bids: 0, Asks: 0
[1788895015947] TUI Render Frame -> Synced: false, Seq ID: 0, Bids: 0, Asks: 0
[1788895015996] TUI Render Frame -> Synced: false, Seq ID: 0, Bids: 0, Asks: 0
[1788895016047] TUI Render Frame -> Synced: false, Seq ID: 0, Bids: 0, Asks: 0
[1788895016108] TUI Render Frame -> Synced: false, Seq ID: 0, Bids: 0, Asks: 0
[1788895016149] TUI Render Frame -> Synced: false, Seq ID: 0, Bids: 0, Asks: 0
[1788895016197] TUI Render Frame -> Synced: false, Seq ID: 0, Bids: 0, Asks: 0
[1788895016247] TUI Render Frame -> Synced: false, Seq ID: 0, Bids: 0, Asks: 0
[1788895016297] TUI Render Frame -> Synced: false, Seq ID: 0, Bids: 0, Asks: 0
[1788895016347] TUI Render Frame -> Synced: false, Seq ID: 0, Bids: 0, Asks: 0
[1788895016397] TUI Render Frame -> Synced: false, Seq ID: 0, Bids: 0, Asks: 0
[1788895016447] TUI Render Frame -> Synced: false, Seq ID: 0, Bids: 0, Asks: 0
[1788895016497] TUI Render Frame -> Synced: false, Seq ID: 0, Bids: 0, Asks: 0
[1788895016547] TUI Render Frame -> Synced: false, Seq ID: 0, Bids: 0, Asks: 0
[1788895016597] TUI Render Frame -> Synced: false, Seq ID: 0, Bids: 0, Asks: 0
[1788895016648] TUI Render Frame -> Synced: false, Seq ID: 0, Bids: 0, Asks: 0
[1788895016698] TUI Render Frame -> Synced: false, Seq ID: 0, Bids: 0, Asks: 0
[1788895016747] TUI Render Frame -> Synced: false, Seq ID: 0, Bids: 0, Asks: 0
[1788895016797] TUI Render Frame -> Synced: false, Seq ID: 0, Bids: 0, Asks: 0
[1788895016847] TUI Render Frame -> Synced: false, Seq ID: 0, Bids: 0, Asks: 0
[1788895016898] TUI Render Frame -> Synced: false, Seq ID: 0, Bids: 0, Asks: 0
[1788895016947] TUI Render Frame -> Synced: false, Seq ID: 0, Bids: 0, Asks: 0
[1788895016998] TUI Render Frame -> Synced: false, Seq ID: 0, Bids: 0, Asks: 0
[1788895017047] TUI Render Frame -> Synced: false, Seq ID: 0, Bids: 0, Asks: 0
[1788895017096] TUI Render Frame -> Synced: false, Seq ID: 0, Bids: 0, Asks: 0
[1788895017147] TUI Render Frame -> Synced: false, Seq ID: 0, Bids: 0, Asks: 0
[1788895017196] TUI Render Frame -> Synced: false, Seq ID: 0, Bids: 0, Asks: 0
[1788895017247] TUI Render Frame -> Synced: false, Seq ID: 0, Bids: 0, Asks: 0
[1788895017297] TUI Render Frame -> Synced: false, Seq ID: 0, Bids: 0, Asks: 0
[1788895017347] TUI Render Frame -> Synced: false, Seq ID: 0, Bids: 0, Asks: 0
[1788895017397] TUI Render Frame -> Synced: false, Seq ID: 0, Bids: 0, Asks: 0
[1788895017447] TUI Render Frame -> Synced: false, Seq ID: 0, Bids: 0, Asks: 0
[1788895017498] TUI Render Frame -> Synced: false, Seq ID: 0, Bids: 0, Asks: 0
[1788895017547] TUI Render Frame -> Synced: false, Seq ID: 0, Bids: 0, Asks: 0
[1788895017598] TUI Render Frame -> Synced: false, Seq ID: 0, Bids: 0, Asks: 0
[1788895017647] TUI Render Frame -> Synced: false, Seq ID: 0, Bids: 0, Asks: 0
[1788895017697] TUI Render Frame -> Synced: false, Seq ID: 0, Bids: 0, Asks: 0
[1788895017747] TUI Render Frame -> Synced: false, Seq ID: 0, Bids: 0, Asks: 0
[1788895017797] TUI Render Frame -> Synced: false, Seq ID: 0, Bids: 0, Asks: 0
[1788895017847] TUI Render Frame -> Synced: false, Seq ID: 0, Bids: 0, Asks: 0
[1788895017898] TUI Render Frame -> Synced: false, Seq ID: 0, Bids: 0, Asks: 0
[1788895017946] TUI Render Frame -> Synced: false, Seq ID: 0, Bids: 0, Asks: 0
[1788895017997] TUI Render Frame -> Synced: false, Seq ID: 0, Bids: 0, Asks: 0
[1788895018047] TUI Render Frame -> Synced: false, Seq ID: 0, Bids: 0, Asks: 0
[1788895018097] TUI Render Frame -> Synced: false, Seq ID: 0, Bids: 0, Asks: 0
[1788895018147] TUI Render Frame -> Synced: false, Seq ID: 0, Bids: 0, Asks: 0
[1788895018197] TUI Render Frame -> Synced: false, Seq ID: 0, Bids: 0, Asks: 0
[1788895018247] TUI Render Frame -> Synced: false, Seq ID: 0, Bids: 0, Asks: 0
[1788895018297] TUI Render Frame -> Synced: false, Seq ID: 0, Bids: 0, Asks: 0
[1788895018347] TUI Render Frame -> Synced: false, Seq ID: 0, Bids: 0, Asks: 0
[1788895018397] TUI Render Frame -> Synced: false, Seq ID: 0, Bids: 0, Asks: 0
[1788895018447] TUI Render Frame -> Synced: false, Seq ID: 0, Bids: 0, Asks: 0
[1788895018497] TUI Render Frame -> Synced: false, Seq ID: 0, Bids: 0, Asks: 0
[1788895018547] TUI Render Frame -> Synced: false, Seq ID: 0, Bids: 0, Asks: 0
[1788895018597] TUI Render Frame -> Synced: false, Seq ID: 0, Bids: 0, Asks: 0
[1788895018647] TUI Render Frame -> Synced: false, Seq ID: 0, Bids: 0, Asks: 0
[1788895018697] TUI Render Frame -> Synced: false, Seq ID: 0, Bids: 0, Asks: 0
[1788895018746] TUI Render Frame -> Synced: false, Seq ID: 0, Bids: 0, Asks: 0
[1788895018797] TUI Render Frame -> Synced: false, Seq ID: 0, Bids: 0, Asks: 0
[1788895018847] TUI Render Frame -> Synced: false, Seq ID: 0, Bids: 0, Asks: 0
[1788895018897] TUI Render Frame -> Synced: false, Seq ID: 0, Bids: 0, Asks: 0
[1788895018947] TUI Render Frame -> Synced: false, Seq ID: 0, Bids: 0, Asks: 0
[1788895018997] TUI Render Frame -> Synced: false, Seq ID: 0, Bids: 0, Asks: 0
[1788895019047] TUI Render Frame -> Synced: false, Seq ID: 0, Bids: 0, Asks: 0
[1788895019103] TUI Render Frame -> Synced: false, Seq ID: 0, Bids: 0, Asks: 0
[1788895019151] TUI Render Frame -> Synced: false, Seq ID: 0, Bids: 0, Asks: 0
[1788895019197] TUI Render Frame -> Synced: false, Seq ID: 0, Bids: 0, Asks: 0
[1788895019248] TUI Render Frame -> Synced: false, Seq ID: 0, Bids: 0, Asks: 0
[1788895019297] TUI Render Frame -> Synced: false, Seq ID: 0, Bids: 0, Asks: 0
[1788895019347] TUI Render Frame -> Synced: false, Seq ID: 0, Bids: 0, Asks: 0
[1788895019398] TUI Render Frame -> Synced: false, Seq ID: 0, Bids: 0, Asks: 0
[1788895019447] TUI Render Frame -> Synced: false, Seq ID: 0, Bids: 0, Asks: 0
[1788895019497] TUI Render Frame -> Synced: false, Seq ID: 0, Bids: 0, Asks: 0
[1788895019546] TUI Render Frame -> Synced: false, Seq ID: 0, Bids: 0, Asks: 0
[1788895019598] TUI Render Frame -> Synced: false, Seq ID: 0, Bids: 0, Asks: 0
[1788895019647] TUI Render Frame -> Synced: false, Seq ID: 0, Bids: 0, Asks: 0
[1788895019661] Msg #18: Depth received | Bids: 20, Asks: 20, Timestamp ID: 1788895019316
[1788895019661] Reconciler book exists: false
[1788895019661] ui_tx.send status: true, receiver count: 1
[1788895019696] TUI Render Frame -> Synced: false, Seq ID: 0, Bids: 0, Asks: 0
[1788895019747] TUI Render Frame -> Synced: false, Seq ID: 0, Bids: 0, Asks: 0
[1788895019797] TUI Render Frame -> Synced: false, Seq ID: 0, Bids: 0, Asks: 0
[1788895019847] TUI Render Frame -> Synced: false, Seq ID: 0, Bids: 0, Asks: 0
[1788895019897] TUI Render Frame -> Synced: false, Seq ID: 0, Bids: 0, Asks: 0
[1788895019947] TUI Render Frame -> Synced: false, Seq ID: 0, Bids: 0, Asks: 0
[1788895019997] TUI Render Frame -> Synced: false, Seq ID: 0, Bids: 0, Asks: 0
[1788895020047] TUI Render Frame -> Synced: false, Seq ID: 0, Bids: 0, Asks: 0
[1788895020097] TUI Render Frame -> Synced: false, Seq ID: 0, Bids: 0, Asks: 0
[1788895020147] TUI Render Frame -> Synced: false, Seq ID: 0, Bids: 0, Asks: 0
[1788895020197] TUI Render Frame -> Synced: false, Seq ID: 0, Bids: 0, Asks: 0
[1788895020246] TUI Render Frame -> Synced: false, Seq ID: 0, Bids: 0, Asks: 0
[1788895020297] TUI Render Frame -> Synced: false, Seq ID: 0, Bids: 0, Asks: 0
[1788895020347] TUI Render Frame -> Synced: false, Seq ID: 0, Bids: 0, Asks: 0
[1788895020397] TUI Render Frame -> Synced: false, Seq ID: 0, Bids: 0, Asks: 0
[1788895020447] TUI Render Frame -> Synced: false, Seq ID: 0, Bids: 0, Asks: 0
[1788895020497] TUI Render Frame -> Synced: false, Seq ID: 0, Bids: 0, Asks: 0
[1788895020547] TUI Render Frame -> Synced: false, Seq ID: 0, Bids: 0, Asks: 0
[1788895020596] TUI Render Frame -> Synced: false, Seq ID: 0, Bids: 0, Asks: 0
[1788895020646] TUI Render Frame -> Synced: false, Seq ID: 0, Bids: 0, Asks: 0
[1788895020697] TUI Render Frame -> Synced: false, Seq ID: 0, Bids: 0, Asks: 0
[1788895020747] TUI Render Frame -> Synced: false, Seq ID: 0, Bids: 0, Asks: 0
[1788895020797] TUI Render Frame -> Synced: false, Seq ID: 0, Bids: 0, Asks: 0
[1788895020847] TUI Render Frame -> Synced: false, Seq ID: 0, Bids: 0, Asks: 0
[1788895020897] TUI Render Frame -> Synced: false, Seq ID: 0, Bids: 0, Asks: 0
[1788895020946] TUI Render Frame -> Synced: false, Seq ID: 0, Bids: 0, Asks: 0
[1788895020997] TUI Render Frame -> Synced: false, Seq ID: 0, Bids: 0, Asks: 0
[1788895021050] TUI Render Frame -> Synced: false, Seq ID: 0, Bids: 0, Asks: 0
[1788895021097] TUI Render Frame -> Synced: false, Seq ID: 0, Bids: 0, Asks: 0
[1788895021146] TUI Render Frame -> Synced: false, Seq ID: 0, Bids: 0, Asks: 0
[1788895021197] TUI Render Frame -> Synced: false, Seq ID: 0, Bids: 0, Asks: 0
[1788895021247] TUI Render Frame -> Synced: false, Seq ID: 0, Bids: 0, Asks: 0
[1788895021297] TUI Render Frame -> Synced: false, Seq ID: 0, Bids: 0, Asks: 0
[1788895021347] TUI Render Frame -> Synced: false, Seq ID: 0, Bids: 0, Asks: 0
[1788895021397] TUI Render Frame -> Synced: false, Seq ID: 0, Bids: 0, Asks: 0
[1788895021447] TUI Render Frame -> Synced: false, Seq ID: 0, Bids: 0, Asks: 0
[1788895021513] TUI Render Frame -> Synced: false, Seq ID: 0, Bids: 0, Asks: 0
[1788895021559] TUI Render Frame -> Synced: false, Seq ID: 0, Bids: 0, Asks: 0
[1788895021621] TUI Render Frame -> Synced: false, Seq ID: 0, Bids: 0, Asks: 0
[1788895021646] TUI Render Frame -> Synced: false, Seq ID: 0, Bids: 0, Asks: 0
[1788895021697] TUI Render Frame -> Synced: false, Seq ID: 0, Bids: 0, Asks: 0
[1788895021747] TUI Render Frame -> Synced: false, Seq ID: 0, Bids: 0, Asks: 0
[1788895021797] TUI Render Frame -> Synced: false, Seq ID: 0, Bids: 0, Asks: 0
[1788895021847] TUI Render Frame -> Synced: false, Seq ID: 0, Bids: 0, Asks: 0
[1788895021897] TUI Render Frame -> Synced: false, Seq ID: 0, Bids: 0, Asks: 0
[1788895021957] TUI Render Frame -> Synced: false, Seq ID: 0, Bids: 0, Asks: 0
[1788895021996] TUI Render Frame -> Synced: false, Seq ID: 0, Bids: 0, Asks: 0
[1788895022047] TUI Render Frame -> Synced: false, Seq ID: 0, Bids: 0, Asks: 0
[1788895022097] TUI Render Frame -> Synced: false, Seq ID: 0, Bids: 0, Asks: 0
[1788895022147] TUI Render Frame -> Synced: false, Seq ID: 0, Bids: 0, Asks: 0
[1788895022197] TUI Render Frame -> Synced: false, Seq ID: 0, Bids: 0, Asks: 0
[1788895022247] TUI Render Frame -> Synced: false, Seq ID: 0, Bids: 0, Asks: 0
[1788895022297] TUI Render Frame -> Synced: false, Seq ID: 0, Bids: 0, Asks: 0
[1788895022347] TUI Render Frame -> Synced: false, Seq ID: 0, Bids: 0, Asks: 0
[1788895022397] TUI Render Frame -> Synced: false, Seq ID: 0, Bids: 0, Asks: 0
[1788895022447] TUI Render Frame -> Synced: false, Seq ID: 0, Bids: 0, Asks: 0
[1788895022497] TUI Render Frame -> Synced: false, Seq ID: 0, Bids: 0, Asks: 0
[1788895022547] TUI Render Frame -> Synced: false, Seq ID: 0, Bids: 0, Asks: 0
[1788895022597] TUI Render Frame -> Synced: false, Seq ID: 0, Bids: 0, Asks: 0
[1788895022647] TUI Render Frame -> Synced: false, Seq ID: 0, Bids: 0, Asks: 0
[1788895022697] TUI Render Frame -> Synced: false, Seq ID: 0, Bids: 0, Asks: 0
[1788895022746] TUI Render Frame -> Synced: false, Seq ID: 0, Bids: 0, Asks: 0
[1788895022797] TUI Render Frame -> Synced: false, Seq ID: 0, Bids: 0, Asks: 0
[1788895022847] TUI Render Frame -> Synced: false, Seq ID: 0, Bids: 0, Asks: 0
[1788895022897] TUI Render Frame -> Synced: false, Seq ID: 0, Bids: 0, Asks: 0
[1788895022947] TUI Render Frame -> Synced: false, Seq ID: 0, Bids: 0, Asks: 0
[1788895022998] TUI Render Frame -> Synced: false, Seq ID: 0, Bids: 0, Asks: 0
[1788895023047] TUI Render Frame -> Synced: false, Seq ID: 0, Bids: 0, Asks: 0
[1788895023139] TUI Render Frame -> Synced: false, Seq ID: 0, Bids: 0, Asks: 0
[1788895023146] TUI Render Frame -> Synced: false, Seq ID: 0, Bids: 0, Asks: 0
[1788895023196] TUI Render Frame -> Synced: false, Seq ID: 0, Bids: 0, Asks: 0
[1788895023247] TUI Render Frame -> Synced: false, Seq ID: 0, Bids: 0, Asks: 0
[1788895023297] TUI Render Frame -> Synced: false, Seq ID: 0, Bids: 0, Asks: 0
[1788895023347] TUI Render Frame -> Synced: false, Seq ID: 0, Bids: 0, Asks: 0
[1788895023397] TUI Render Frame -> Synced: false, Seq ID: 0, Bids: 0, Asks: 0
[1788895023447] TUI Render Frame -> Synced: false, Seq ID: 0, Bids: 0, Asks: 0
[1788895023497] TUI Render Frame -> Synced: false, Seq ID: 0, Bids: 0, Asks: 0
[1788895023547] TUI Render Frame -> Synced: false, Seq ID: 0, Bids: 0, Asks: 0
[1788895023597] TUI Render Frame -> Synced: false, Seq ID: 0, Bids: 0, Asks: 0
[1788895023647] TUI Render Frame -> Synced: false, Seq ID: 0, Bids: 0, Asks: 0
[1788895023697] TUI Render Frame -> Synced: false, Seq ID: 0, Bids: 0, Asks: 0
[1788895023747] TUI Render Frame -> Synced: false, Seq ID: 0, Bids: 0, Asks: 0
[1788895023797] TUI Render Frame -> Synced: false, Seq ID: 0, Bids: 0, Asks: 0
[1788895023847] TUI Render Frame -> Synced: false, Seq ID: 0, Bids: 0, Asks: 0
[1788895023897] TUI Render Frame -> Synced: false, Seq ID: 0, Bids: 0, Asks: 0
[1788895023947] TUI Render Frame -> Synced: false, Seq ID: 0, Bids: 0, Asks: 0
[1788895023997] TUI Render Frame -> Synced: false, Seq ID: 0, Bids: 0, Asks: 0
[1788895024047] TUI Render Frame -> Synced: false, Seq ID: 0, Bids: 0, Asks: 0
[1788895024097] TUI Render Frame -> Synced: false, Seq ID: 0, Bids: 0, Asks: 0
[1788895024147] TUI Render Frame -> Synced: false, Seq ID: 0, Bids: 0, Asks: 0
[1788895024197] TUI Render Frame -> Synced: false, Seq ID: 0, Bids: 0, Asks: 0
[1788895024247] TUI Render Frame -> Synced: false, Seq ID: 0, Bids: 0, Asks: 0
[1788895024297] TUI Render Frame -> Synced: false, Seq ID: 0, Bids: 0, Asks: 0
[1788895024346] TUI Render Frame -> Synced: false, Seq ID: 0, Bids: 0, Asks: 0
[1788895024397] TUI Render Frame -> Synced: false, Seq ID: 0, Bids: 0, Asks: 0
[1788895024447] TUI Render Frame -> Synced: false, Seq ID: 0, Bids: 0, Asks: 0
[1788895024497] TUI Render Frame -> Synced: false, Seq ID: 0, Bids: 0, Asks: 0
[1788895024547] TUI Render Frame -> Synced: false, Seq ID: 0, Bids: 0, Asks: 0
[1788895024597] TUI Render Frame -> Synced: false, Seq ID: 0, Bids: 0, Asks: 0
[1788895024647] TUI Render Frame -> Synced: false, Seq ID: 0, Bids: 0, Asks: 0
[1788895024697] TUI Render Frame -> Synced: false, Seq ID: 0, Bids: 0, Asks: 0
[1788895024747] TUI Render Frame -> Synced: false, Seq ID: 0, Bids: 0, Asks: 0
[1788895024797] TUI Render Frame -> Synced: false, Seq ID: 0, Bids: 0, Asks: 0
[1788895024848] TUI Render Frame -> Synced: false, Seq ID: 0, Bids: 0, Asks: 0
[1788895024897] TUI Render Frame -> Synced: false, Seq ID: 0, Bids: 0, Asks: 0
[1788895024947] TUI Render Frame -> Synced: false, Seq ID: 0, Bids: 0, Asks: 0
[1788895024997] TUI Render Frame -> Synced: false, Seq ID: 0, Bids: 0, Asks: 0
[1788895025031] Msg #19: Depth received | Bids: 20, Asks: 20, Timestamp ID: 1788895024683
[1788895025032] Reconciler book exists: false
[1788895025032] ui_tx.send status: true, receiver count: 1
[1788895025047] TUI Render Frame -> Synced: false, Seq ID: 0, Bids: 0, Asks: 0
[1788895025097] TUI Render Frame -> Synced: false, Seq ID: 0, Bids: 0, Asks: 0
[1788895025147] TUI Render Frame -> Synced: false, Seq ID: 0, Bids: 0, Asks: 0
[1788895025197] TUI Render Frame -> Synced: false, Seq ID: 0, Bids: 0, Asks: 0
[1788895025246] TUI Render Frame -> Synced: false, Seq ID: 0, Bids: 0, Asks: 0
[1788895025297] TUI Render Frame -> Synced: false, Seq ID: 0, Bids: 0, Asks: 0
[1788895025347] TUI Render Frame -> Synced: false, Seq ID: 0, Bids: 0, Asks: 0
[1788895025397] TUI Render Frame -> Synced: false, Seq ID: 0, Bids: 0, Asks: 0
[1788895025447] TUI Render Frame -> Synced: false, Seq ID: 0, Bids: 0, Asks: 0
[1788895025497] TUI Render Frame -> Synced: false, Seq ID: 0, Bids: 0, Asks: 0
[1788895025547] TUI Render Frame -> Synced: false, Seq ID: 0, Bids: 0, Asks: 0
[1788895025597] TUI Render Frame -> Synced: false, Seq ID: 0, Bids: 0, Asks: 0
[1788895025647] TUI Render Frame -> Synced: false, Seq ID: 0, Bids: 0, Asks: 0
[1788895025697] TUI Render Frame -> Synced: false, Seq ID: 0, Bids: 0, Asks: 0
[1788895025747] TUI Render Frame -> Synced: false, Seq ID: 0, Bids: 0, Asks: 0
[1788895025797] TUI Render Frame -> Synced: false, Seq ID: 0, Bids: 0, Asks: 0
[1788895025847] TUI Render Frame -> Synced: false, Seq ID: 0, Bids: 0, Asks: 0
[1788895025897] TUI Render Frame -> Synced: false, Seq ID: 0, Bids: 0, Asks: 0
[1788895025946] TUI Render Frame -> Synced: false, Seq ID: 0, Bids: 0, Asks: 0
[1788895025997] TUI Render Frame -> Synced: false, Seq ID: 0, Bids: 0, Asks: 0
[1788895026047] TUI Render Frame -> Synced: false, Seq ID: 0, Bids: 0, Asks: 0
[1788895026097] TUI Render Frame -> Synced: false, Seq ID: 0, Bids: 0, Asks: 0
[1788895026148] TUI Render Frame -> Synced: false, Seq ID: 0, Bids: 0, Asks: 0
[1788895026197] TUI Render Frame -> Synced: false, Seq ID: 0, Bids: 0, Asks: 0
[1788895026247] TUI Render Frame -> Synced: false, Seq ID: 0, Bids: 0, Asks: 0
[1788895026297] TUI Render Frame -> Synced: false, Seq ID: 0, Bids: 0, Asks: 0
[1788895026347] TUI Render Frame -> Synced: false, Seq ID: 0, Bids: 0, Asks: 0
[1788895026397] TUI Render Frame -> Synced: false, Seq ID: 0, Bids: 0, Asks: 0
[1788895026447] TUI Render Frame -> Synced: false, Seq ID: 0, Bids: 0, Asks: 0
[1788895026497] TUI Render Frame -> Synced: false, Seq ID: 0, Bids: 0, Asks: 0
[1788895026548] TUI Render Frame -> Synced: false, Seq ID: 0, Bids: 0, Asks: 0
[1788895026597] TUI Render Frame -> Synced: false, Seq ID: 0, Bids: 0, Asks: 0
[1788895026647] TUI Render Frame -> Synced: false, Seq ID: 0, Bids: 0, Asks: 0
[1788895026697] TUI Render Frame -> Synced: false, Seq ID: 0, Bids: 0, Asks: 0
[1788895026747] TUI Render Frame -> Synced: false, Seq ID: 0, Bids: 0, Asks: 0
[1788895026797] TUI Render Frame -> Synced: false, Seq ID: 0, Bids: 0, Asks: 0
[1788895026847] TUI Render Frame -> Synced: false, Seq ID: 0, Bids: 0, Asks: 0
[1788895026898] TUI Render Frame -> Synced: false, Seq ID: 0, Bids: 0, Asks: 0
[1788895026947] TUI Render Frame -> Synced: false, Seq ID: 0, Bids: 0, Asks: 0
[1788895026996] TUI Render Frame -> Synced: false, Seq ID: 0, Bids: 0, Asks: 0
[1788895027048] TUI Render Frame -> Synced: false, Seq ID: 0, Bids: 0, Asks: 0
[1788895027097] TUI Render Frame -> Synced: false, Seq ID: 0, Bids: 0, Asks: 0
[1788895027147] TUI Render Frame -> Synced: false, Seq ID: 0, Bids: 0, Asks: 0
[1788895027197] TUI Render Frame -> Synced: false, Seq ID: 0, Bids: 0, Asks: 0
[1788895027247] TUI Render Frame -> Synced: false, Seq ID: 0, Bids: 0, Asks: 0
[1788895027297] TUI Render Frame -> Synced: false, Seq ID: 0, Bids: 0, Asks: 0
[1788895027347] TUI Render Frame -> Synced: false, Seq ID: 0, Bids: 0, Asks: 0
[1788895027396] TUI Render Frame -> Synced: false, Seq ID: 0, Bids: 0, Asks: 0
[1788895027447] TUI Render Frame -> Synced: false, Seq ID: 0, Bids: 0, Asks: 0
[1788895027497] TUI Render Frame -> Synced: false, Seq ID: 0, Bids: 0, Asks: 0
[1788895027546] TUI Render Frame -> Synced: false, Seq ID: 0, Bids: 0, Asks: 0
[1788895027597] TUI Render Frame -> Synced: false, Seq ID: 0, Bids: 0, Asks: 0
[1788895027647] TUI Render Frame -> Synced: false, Seq ID: 0, Bids: 0, Asks: 0
[1788895027697] TUI Render Frame -> Synced: false, Seq ID: 0, Bids: 0, Asks: 0
[1788895027747] TUI Render Frame -> Synced: false, Seq ID: 0, Bids: 0, Asks: 0
[1788895027797] TUI Render Frame -> Synced: false, Seq ID: 0, Bids: 0, Asks: 0
[1788895027847] TUI Render Frame -> Synced: false, Seq ID: 0, Bids: 0, Asks: 0
[1788895027897] TUI Render Frame -> Synced: false, Seq ID: 0, Bids: 0, Asks: 0
[1788895027947] TUI Render Frame -> Synced: false, Seq ID: 0, Bids: 0, Asks: 0
[1788895027996] TUI Render Frame -> Synced: false, Seq ID: 0, Bids: 0, Asks: 0
[1788895028048] TUI Render Frame -> Synced: false, Seq ID: 0, Bids: 0, Asks: 0
[1788895028097] TUI Render Frame -> Synced: false, Seq ID: 0, Bids: 0, Asks: 0
[1788895028147] TUI Render Frame -> Synced: false, Seq ID: 0, Bids: 0, Asks: 0
[1788895028197] TUI Render Frame -> Synced: false, Seq ID: 0, Bids: 0, Asks: 0
[1788895028247] TUI Render Frame -> Synced: false, Seq ID: 0, Bids: 0, Asks: 0
[1788895028298] TUI Render Frame -> Synced: false, Seq ID: 0, Bids: 0, Asks: 0
[1788895028347] TUI Render Frame -> Synced: false, Seq ID: 0, Bids: 0, Asks: 0
[1788895028397] TUI Render Frame -> Synced: false, Seq ID: 0, Bids: 0, Asks: 0
[1788895028446] TUI Render Frame -> Synced: false, Seq ID: 0, Bids: 0, Asks: 0
[1788895028498] TUI Render Frame -> Synced: false, Seq ID: 0, Bids: 0, Asks: 0
[1788895028547] TUI Render Frame -> Synced: false, Seq ID: 0, Bids: 0, Asks: 0
[1788895028597] TUI Render Frame -> Synced: false, Seq ID: 0, Bids: 0, Asks: 0
[1788895028647] TUI Render Frame -> Synced: false, Seq ID: 0, Bids: 0, Asks: 0
[1788895028698] TUI Render Frame -> Synced: false, Seq ID: 0, Bids: 0, Asks: 0
[1788895028747] TUI Render Frame -> Synced: false, Seq ID: 0, Bids: 0, Asks: 0
[1788895028797] TUI Render Frame -> Synced: false, Seq ID: 0, Bids: 0, Asks: 0
[1788895028847] TUI Render Frame -> Synced: false, Seq ID: 0, Bids: 0, Asks: 0
[1788895028897] TUI Render Frame -> Synced: false, Seq ID: 0, Bids: 0, Asks: 0
[1788895028948] TUI Render Frame -> Synced: false, Seq ID: 0, Bids: 0, Asks: 0
[1788895028998] TUI Render Frame -> Synced: false, Seq ID: 0, Bids: 0, Asks: 0
[1788895029047] TUI Render Frame -> Synced: false, Seq ID: 0, Bids: 0, Asks: 0
[1788895029097] TUI Render Frame -> Synced: false, Seq ID: 0, Bids: 0, Asks: 0
[1788895029146] TUI Render Frame -> Synced: false, Seq ID: 0, Bids: 0, Asks: 0
[1788895029197] TUI Render Frame -> Synced: false, Seq ID: 0, Bids: 0, Asks: 0
[1788895029247] TUI Render Frame -> Synced: false, Seq ID: 0, Bids: 0, Asks: 0
[1788895029297] TUI Render Frame -> Synced: false, Seq ID: 0, Bids: 0, Asks: 0
[1788895029348] TUI Render Frame -> Synced: false, Seq ID: 0, Bids: 0, Asks: 0
[1788895029397] TUI Render Frame -> Synced: false, Seq ID: 0, Bids: 0, Asks: 0
[1788895029448] TUI Render Frame -> Synced: false, Seq ID: 0, Bids: 0, Asks: 0
[1788895029497] TUI Render Frame -> Synced: false, Seq ID: 0, Bids: 0, Asks: 0
[1788895029547] TUI Render Frame -> Synced: false, Seq ID: 0, Bids: 0, Asks: 0
[1788895029596] TUI Render Frame -> Synced: false, Seq ID: 0, Bids: 0, Asks: 0
[1788895029647] TUI Render Frame -> Synced: false, Seq ID: 0, Bids: 0, Asks: 0
[1788895029697] TUI Render Frame -> Synced: false, Seq ID: 0, Bids: 0, Asks: 0
[1788895029747] TUI Render Frame -> Synced: false, Seq ID: 0, Bids: 0, Asks: 0
[1788895029797] TUI Render Frame -> Synced: false, Seq ID: 0, Bids: 0, Asks: 0
[1788895029848] TUI Render Frame -> Synced: false, Seq ID: 0, Bids: 0, Asks: 0
[1788895029897] TUI Render Frame -> Synced: false, Seq ID: 0, Bids: 0, Asks: 0
[1788895029947] TUI Render Frame -> Synced: false, Seq ID: 0, Bids: 0, Asks: 0
[1788895029997] TUI Render Frame -> Synced: false, Seq ID: 0, Bids: 0, Asks: 0
[1788895030047] TUI Render Frame -> Synced: false, Seq ID: 0, Bids: 0, Asks: 0
[1788895030098] TUI Render Frame -> Synced: false, Seq ID: 0, Bids: 0, Asks: 0
[1788895030147] TUI Render Frame -> Synced: false, Seq ID: 0, Bids: 0, Asks: 0
[1788895030197] TUI Render Frame -> Synced: false, Seq ID: 0, Bids: 0, Asks: 0
[1788895030247] TUI Render Frame -> Synced: false, Seq ID: 0, Bids: 0, Asks: 0
[1788895030298] TUI Render Frame -> Synced: false, Seq ID: 0, Bids: 0, Asks: 0
[1788895030347] TUI Render Frame -> Synced: false, Seq ID: 0, Bids: 0, Asks: 0
[1788895030393] Msg #20: Depth received | Bids: 20, Asks: 20, Timestamp ID: 1788895030041
[1788895030393] Reconciler book exists: false
[1788895030393] ui_tx.send status: true, receiver count: 1
[1788895030397] TUI Render Frame -> Synced: false, Seq ID: 0, Bids: 0, Asks: 0
[1788895030447] TUI Render Frame -> Synced: false, Seq ID: 0, Bids: 0, Asks: 0
[1788895030497] TUI Render Frame -> Synced: false, Seq ID: 0, Bids: 0, Asks: 0
[1788895030547] TUI Render Frame -> Synced: false, Seq ID: 0, Bids: 0, Asks: 0
[1788895030597] TUI Render Frame -> Synced: false, Seq ID: 0, Bids: 0, Asks: 0
[1788895030647] TUI Render Frame -> Synced: false, Seq ID: 0, Bids: 0, Asks: 0
[1788895030698] TUI Render Frame -> Synced: false, Seq ID: 0, Bids: 0, Asks: 0
[1788895030746] TUI Render Frame -> Synced: false, Seq ID: 0, Bids: 0, Asks: 0
[1788895030797] TUI Render Frame -> Synced: false, Seq ID: 0, Bids: 0, Asks: 0
[1788895030847] TUI Render Frame -> Synced: false, Seq ID: 0, Bids: 0, Asks: 0
[1788895030897] TUI Render Frame -> Synced: false, Seq ID: 0, Bids: 0, Asks: 0
[1788895030947] TUI Render Frame -> Synced: false, Seq ID: 0, Bids: 0, Asks: 0
[1788895030997] TUI Render Frame -> Synced: false, Seq ID: 0, Bids: 0, Asks: 0
[1788895031047] TUI Render Frame -> Synced: false, Seq ID: 0, Bids: 0, Asks: 0
[1788895031097] TUI Render Frame -> Synced: false, Seq ID: 0, Bids: 0, Asks: 0
[1788895031147] TUI Render Frame -> Synced: false, Seq ID: 0, Bids: 0, Asks: 0
[1788895031197] TUI Render Frame -> Synced: false, Seq ID: 0, Bids: 0, Asks: 0
[1788895031247] TUI Render Frame -> Synced: false, Seq ID: 0, Bids: 0, Asks: 0
[1788895031297] TUI Render Frame -> Synced: false, Seq ID: 0, Bids: 0, Asks: 0
[1788895031347] TUI Render Frame -> Synced: false, Seq ID: 0, Bids: 0, Asks: 0
[1788895031397] TUI Render Frame -> Synced: false, Seq ID: 0, Bids: 0, Asks: 0
[1788895031447] TUI Render Frame -> Synced: false, Seq ID: 0, Bids: 0, Asks: 0
[1788895031497] TUI Render Frame -> Synced: false, Seq ID: 0, Bids: 0, Asks: 0
[1788895031547] TUI Render Frame -> Synced: false, Seq ID: 0, Bids: 0, Asks: 0
[1788895031597] TUI Render Frame -> Synced: false, Seq ID: 0, Bids: 0, Asks: 0
[1788895031647] TUI Render Frame -> Synced: false, Seq ID: 0, Bids: 0, Asks: 0
[1788895031697] TUI Render Frame -> Synced: false, Seq ID: 0, Bids: 0, Asks: 0
[1788895031747] TUI Render Frame -> Synced: false, Seq ID: 0, Bids: 0, Asks: 0
[1788895031797] TUI Render Frame -> Synced: false, Seq ID: 0, Bids: 0, Asks: 0
[1788895031847] TUI Render Frame -> Synced: false, Seq ID: 0, Bids: 0, Asks: 0
[1788895031898] TUI Render Frame -> Synced: false, Seq ID: 0, Bids: 0, Asks: 0
[1788895031947] TUI Render Frame -> Synced: false, Seq ID: 0, Bids: 0, Asks: 0
[1788895031997] TUI Render Frame -> Synced: false, Seq ID: 0, Bids: 0, Asks: 0
[1788895032047] TUI Render Frame -> Synced: false, Seq ID: 0, Bids: 0, Asks: 0
[1788895032097] TUI Render Frame -> Synced: false, Seq ID: 0, Bids: 0, Asks: 0
[1788895032147] TUI Render Frame -> Synced: false, Seq ID: 0, Bids: 0, Asks: 0
[1788895032197] TUI Render Frame -> Synced: false, Seq ID: 0, Bids: 0, Asks: 0
[1788895032248] TUI Render Frame -> Synced: false, Seq ID: 0, Bids: 0, Asks: 0
[1788895032297] TUI Render Frame -> Synced: false, Seq ID: 0, Bids: 0, Asks: 0
[1788895032347] TUI Render Frame -> Synced: false, Seq ID: 0, Bids: 0, Asks: 0
[1788895032397] TUI Render Frame -> Synced: false, Seq ID: 0, Bids: 0, Asks: 0
[1788895032447] TUI Render Frame -> Synced: false, Seq ID: 0, Bids: 0, Asks: 0
[1788895032498] TUI Render Frame -> Synced: false, Seq ID: 0, Bids: 0, Asks: 0
[1788895032547] TUI Render Frame -> Synced: false, Seq ID: 0, Bids: 0, Asks: 0
[1788895032596] TUI Render Frame -> Synced: false, Seq ID: 0, Bids: 0, Asks: 0
[1788895032647] TUI Render Frame -> Synced: false, Seq ID: 0, Bids: 0, Asks: 0
[1788895032697] TUI Render Frame -> Synced: false, Seq ID: 0, Bids: 0, Asks: 0
[1788895032747] TUI Render Frame -> Synced: false, Seq ID: 0, Bids: 0, Asks: 0
[1788895032796] TUI Render Frame -> Synced: false, Seq ID: 0, Bids: 0, Asks: 0
[1788895032847] TUI Render Frame -> Synced: false, Seq ID: 0, Bids: 0, Asks: 0
[1788895032897] TUI Render Frame -> Synced: false, Seq ID: 0, Bids: 0, Asks: 0
[1788895032950] TUI Render Frame -> Synced: false, Seq ID: 0, Bids: 0, Asks: 0
[1788895032999] TUI Render Frame -> Synced: false, Seq ID: 0, Bids: 0, Asks: 0
[1788895033048] TUI Render Frame -> Synced: false, Seq ID: 0, Bids: 0, Asks: 0
[1788895033099] TUI Render Frame -> Synced: false, Seq ID: 0, Bids: 0, Asks: 0
[1788895033148] TUI Render Frame -> Synced: false, Seq ID: 0, Bids: 0, Asks: 0
[1788895033197] TUI Render Frame -> Synced: false, Seq ID: 0, Bids: 0, Asks: 0
[1788895033246] TUI Render Frame -> Synced: false, Seq ID: 0, Bids: 0, Asks: 0
[1788895033297] TUI Render Frame -> Synced: false, Seq ID: 0, Bids: 0, Asks: 0
[1788895033347] TUI Render Frame -> Synced: false, Seq ID: 0, Bids: 0, Asks: 0
[1788895033397] TUI Render Frame -> Synced: false, Seq ID: 0, Bids: 0, Asks: 0
[1788895033447] TUI Render Frame -> Synced: false, Seq ID: 0, Bids: 0, Asks: 0
[1788895033497] TUI Render Frame -> Synced: false, Seq ID: 0, Bids: 0, Asks: 0
[1788895033548] TUI Render Frame -> Synced: false, Seq ID: 0, Bids: 0, Asks: 0
[1788895033597] TUI Render Frame -> Synced: false, Seq ID: 0, Bids: 0, Asks: 0
[1788895033646] TUI Render Frame -> Synced: false, Seq ID: 0, Bids: 0, Asks: 0
[1788895033697] TUI Render Frame -> Synced: false, Seq ID: 0, Bids: 0, Asks: 0
[1788895033747] TUI Render Frame -> Synced: false, Seq ID: 0, Bids: 0, Asks: 0
[1788895033797] TUI Render Frame -> Synced: false, Seq ID: 0, Bids: 0, Asks: 0
[1788895033847] TUI Render Frame -> Synced: false, Seq ID: 0, Bids: 0, Asks: 0
[1788895033897] TUI Render Frame -> Synced: false, Seq ID: 0, Bids: 0, Asks: 0
[1788895033946] TUI Render Frame -> Synced: false, Seq ID: 0, Bids: 0, Asks: 0
[1788895033998] TUI Render Frame -> Synced: false, Seq ID: 0, Bids: 0, Asks: 0
[1788895034047] TUI Render Frame -> Synced: false, Seq ID: 0, Bids: 0, Asks: 0
[1788895034097] TUI Render Frame -> Synced: false, Seq ID: 0, Bids: 0, Asks: 0
[1788895034147] TUI Render Frame -> Synced: false, Seq ID: 0, Bids: 0, Asks: 0
[1788895034197] TUI Render Frame -> Synced: false, Seq ID: 0, Bids: 0, Asks: 0
[1788895034247] TUI Render Frame -> Synced: false, Seq ID: 0, Bids: 0, Asks: 0
[1788895034297] TUI Render Frame -> Synced: false, Seq ID: 0, Bids: 0, Asks: 0
[1788895034348] TUI Render Frame -> Synced: false, Seq ID: 0, Bids: 0, Asks: 0
[1788895034397] TUI Render Frame -> Synced: false, Seq ID: 0, Bids: 0, Asks: 0
[1788895034448] TUI Render Frame -> Synced: false, Seq ID: 0, Bids: 0, Asks: 0
[1788895034498] TUI Render Frame -> Synced: false, Seq ID: 0, Bids: 0, Asks: 0
[1788895034547] TUI Render Frame -> Synced: false, Seq ID: 0, Bids: 0, Asks: 0
[1788895034597] TUI Render Frame -> Synced: false, Seq ID: 0, Bids: 0, Asks: 0
[1788895034647] TUI Render Frame -> Synced: false, Seq ID: 0, Bids: 0, Asks: 0
[1788895034697] TUI Render Frame -> Synced: false, Seq ID: 0, Bids: 0, Asks: 0
[1788895034747] TUI Render Frame -> Synced: false, Seq ID: 0, Bids: 0, Asks: 0
[1788895034797] TUI Render Frame -> Synced: false, Seq ID: 0, Bids: 0, Asks: 0
[1788895034847] TUI Render Frame -> Synced: false, Seq ID: 0, Bids: 0, Asks: 0
[1788895034897] TUI Render Frame -> Synced: false, Seq ID: 0, Bids: 0, Asks: 0
[1788895034948] TUI Render Frame -> Synced: false, Seq ID: 0, Bids: 0, Asks: 0
[1788895034997] TUI Render Frame -> Synced: false, Seq ID: 0, Bids: 0, Asks: 0
[1788895035047] TUI Render Frame -> Synced: false, Seq ID: 0, Bids: 0, Asks: 0
[1788895035097] TUI Render Frame -> Synced: false, Seq ID: 0, Bids: 0, Asks: 0
[1788895035147] TUI Render Frame -> Synced: false, Seq ID: 0, Bids: 0, Asks: 0
[1788895035197] TUI Render Frame -> Synced: false, Seq ID: 0, Bids: 0, Asks: 0
[1788895035247] TUI Render Frame -> Synced: false, Seq ID: 0, Bids: 0, Asks: 0
[1788895035297] TUI Render Frame -> Synced: false, Seq ID: 0, Bids: 0, Asks: 0
[1788895035347] TUI Render Frame -> Synced: false, Seq ID: 0, Bids: 0, Asks: 0
[1788895035397] TUI Render Frame -> Synced: false, Seq ID: 0, Bids: 0, Asks: 0
[1788895035447] TUI Render Frame -> Synced: false, Seq ID: 0, Bids: 0, Asks: 0
[1788895035497] TUI Render Frame -> Synced: false, Seq ID: 0, Bids: 0, Asks: 0
[1788895035546] TUI Render Frame -> Synced: false, Seq ID: 0, Bids: 0, Asks: 0
[1788895035597] TUI Render Frame -> Synced: false, Seq ID: 0, Bids: 0, Asks: 0
[1788895035647] TUI Render Frame -> Synced: false, Seq ID: 0, Bids: 0, Asks: 0
[1788895035697] TUI Render Frame -> Synced: false, Seq ID: 0, Bids: 0, Asks: 0
[1788895035748] TUI Render Frame -> Synced: false, Seq ID: 0, Bids: 0, Asks: 0
[1788895035797] TUI Render Frame -> Synced: false, Seq ID: 0, Bids: 0, Asks: 0
[1788895035847] TUI Render Frame -> Synced: false, Seq ID: 0, Bids: 0, Asks: 0
[1788895035897] TUI Render Frame -> Synced: false, Seq ID: 0, Bids: 0, Asks: 0
[1788895035937] Msg #21: Depth received | Bids: 20, Asks: 20, Timestamp ID: 1788895035424
[1788895035937] Reconciler book exists: false
[1788895035937] ui_tx.send status: true, receiver count: 1
[1788895035947] TUI Render Frame -> Synced: false, Seq ID: 0, Bids: 0, Asks: 0
[1788895035997] TUI Render Frame -> Synced: false, Seq ID: 0, Bids: 0, Asks: 0
[1788895036048] TUI Render Frame -> Synced: false, Seq ID: 0, Bids: 0, Asks: 0
[1788895036097] TUI Render Frame -> Synced: false, Seq ID: 0, Bids: 0, Asks: 0
[1788895036147] TUI Render Frame -> Synced: false, Seq ID: 0, Bids: 0, Asks: 0
[1788895036198] TUI Render Frame -> Synced: false, Seq ID: 0, Bids: 0, Asks: 0
[1788895036247] TUI Render Frame -> Synced: false, Seq ID: 0, Bids: 0, Asks: 0
[1788895036298] TUI Render Frame -> Synced: false, Seq ID: 0, Bids: 0, Asks: 0
[1788895036348] TUI Render Frame -> Synced: false, Seq ID: 0, Bids: 0, Asks: 0
[1788895036397] TUI Render Frame -> Synced: false, Seq ID: 0, Bids: 0, Asks: 0
[1788895036447] TUI Render Frame -> Synced: false, Seq ID: 0, Bids: 0, Asks: 0
[1788895036497] TUI Render Frame -> Synced: false, Seq ID: 0, Bids: 0, Asks: 0
[1788895036547] TUI Render Frame -> Synced: false, Seq ID: 0, Bids: 0, Asks: 0
[1788895036598] TUI Render Frame -> Synced: false, Seq ID: 0, Bids: 0, Asks: 0
[1788895036647] TUI Render Frame -> Synced: false, Seq ID: 0, Bids: 0, Asks: 0
[1788895036697] TUI Render Frame -> Synced: false, Seq ID: 0, Bids: 0, Asks: 0
[1788895036748] TUI Render Frame -> Synced: false, Seq ID: 0, Bids: 0, Asks: 0
[1788895036798] TUI Render Frame -> Synced: false, Seq ID: 0, Bids: 0, Asks: 0
[1788895036847] TUI Render Frame -> Synced: false, Seq ID: 0, Bids: 0, Asks: 0
[1788895036897] TUI Render Frame -> Synced: false, Seq ID: 0, Bids: 0, Asks: 0
[1788895036947] TUI Render Frame -> Synced: false, Seq ID: 0, Bids: 0, Asks: 0
[1788895036997] TUI Render Frame -> Synced: false, Seq ID: 0, Bids: 0, Asks: 0
[1788895037047] TUI Render Frame -> Synced: false, Seq ID: 0, Bids: 0, Asks: 0
[1788895037097] TUI Render Frame -> Synced: false, Seq ID: 0, Bids: 0, Asks: 0
[1788895037146] TUI Render Frame -> Synced: false, Seq ID: 0, Bids: 0, Asks: 0
[1788895037197] TUI Render Frame -> Synced: false, Seq ID: 0, Bids: 0, Asks: 0
[1788895037248] TUI Render Frame -> Synced: false, Seq ID: 0, Bids: 0, Asks: 0
[1788895037297] TUI Render Frame -> Synced: false, Seq ID: 0, Bids: 0, Asks: 0
[1788895037347] TUI Render Frame -> Synced: false, Seq ID: 0, Bids: 0, Asks: 0
[1788895037398] TUI Render Frame -> Synced: false, Seq ID: 0, Bids: 0, Asks: 0
[1788895037447] TUI Render Frame -> Synced: false, Seq ID: 0, Bids: 0, Asks: 0
[1788895037498] TUI Render Frame -> Synced: false, Seq ID: 0, Bids: 0, Asks: 0
[1788895037547] TUI Render Frame -> Synced: false, Seq ID: 0, Bids: 0, Asks: 0
[1788895037596] TUI Render Frame -> Synced: false, Seq ID: 0, Bids: 0, Asks: 0
[1788895037647] TUI Render Frame -> Synced: false, Seq ID: 0, Bids: 0, Asks: 0
[1788895037697] TUI Render Frame -> Synced: false, Seq ID: 0, Bids: 0, Asks: 0
[1788895037748] TUI Render Frame -> Synced: false, Seq ID: 0, Bids: 0, Asks: 0
[1788895037798] TUI Render Frame -> Synced: false, Seq ID: 0, Bids: 0, Asks: 0
[1788895037847] TUI Render Frame -> Synced: false, Seq ID: 0, Bids: 0, Asks: 0
[1788895037897] TUI Render Frame -> Synced: false, Seq ID: 0, Bids: 0, Asks: 0
[1788895037947] TUI Render Frame -> Synced: false, Seq ID: 0, Bids: 0, Asks: 0
[1788895037997] TUI Render Frame -> Synced: false, Seq ID: 0, Bids: 0, Asks: 0
[1788895038047] TUI Render Frame -> Synced: false, Seq ID: 0, Bids: 0, Asks: 0
[1788895038098] TUI Render Frame -> Synced: false, Seq ID: 0, Bids: 0, Asks: 0
[1788895038147] TUI Render Frame -> Synced: false, Seq ID: 0, Bids: 0, Asks: 0
[1788895038198] TUI Render Frame -> Synced: false, Seq ID: 0, Bids: 0, Asks: 0
[1788895038247] TUI Render Frame -> Synced: false, Seq ID: 0, Bids: 0, Asks: 0
[1788895038297] TUI Render Frame -> Synced: false, Seq ID: 0, Bids: 0, Asks: 0
[1788895038347] TUI Render Frame -> Synced: false, Seq ID: 0, Bids: 0, Asks: 0
[1788895038397] TUI Render Frame -> Synced: false, Seq ID: 0, Bids: 0, Asks: 0
[1788895038447] TUI Render Frame -> Synced: false, Seq ID: 0, Bids: 0, Asks: 0
[1788895038497] TUI Render Frame -> Synced: false, Seq ID: 0, Bids: 0, Asks: 0
[1788895038547] TUI Render Frame -> Synced: false, Seq ID: 0, Bids: 0, Asks: 0
[1788895038597] TUI Render Frame -> Synced: false, Seq ID: 0, Bids: 0, Asks: 0
[1788895038648] TUI Render Frame -> Synced: false, Seq ID: 0, Bids: 0, Asks: 0
[1788895038697] TUI Render Frame -> Synced: false, Seq ID: 0, Bids: 0, Asks: 0
[1788895038746] TUI Render Frame -> Synced: false, Seq ID: 0, Bids: 0, Asks: 0
[1788895038797] TUI Render Frame -> Synced: false, Seq ID: 0, Bids: 0, Asks: 0
[1788895038847] TUI Render Frame -> Synced: false, Seq ID: 0, Bids: 0, Asks: 0
[1788895038897] TUI Render Frame -> Synced: false, Seq ID: 0, Bids: 0, Asks: 0
[1788895038947] TUI Render Frame -> Synced: false, Seq ID: 0, Bids: 0, Asks: 0
[1788895038996] TUI Render Frame -> Synced: false, Seq ID: 0, Bids: 0, Asks: 0
[1788895039047] TUI Render Frame -> Synced: false, Seq ID: 0, Bids: 0, Asks: 0
[1788895039097] TUI Render Frame -> Synced: false, Seq ID: 0, Bids: 0, Asks: 0
[1788895039147] TUI Render Frame -> Synced: false, Seq ID: 0, Bids: 0, Asks: 0
[1788895039197] TUI Render Frame -> Synced: false, Seq ID: 0, Bids: 0, Asks: 0
[1788895039248] TUI Render Frame -> Synced: false, Seq ID: 0, Bids: 0, Asks: 0
[1788895039298] TUI Render Frame -> Synced: false, Seq ID: 0, Bids: 0, Asks: 0
[1788895039347] TUI Render Frame -> Synced: false, Seq ID: 0, Bids: 0, Asks: 0
[1788895039398] TUI Render Frame -> Synced: false, Seq ID: 0, Bids: 0, Asks: 0
[1788895039447] TUI Render Frame -> Synced: false, Seq ID: 0, Bids: 0, Asks: 0
[1788895039497] TUI Render Frame -> Synced: false, Seq ID: 0, Bids: 0, Asks: 0
[1788895039547] TUI Render Frame -> Synced: false, Seq ID: 0, Bids: 0, Asks: 0
[1788895039597] TUI Render Frame -> Synced: false, Seq ID: 0, Bids: 0, Asks: 0
[1788895039647] TUI Render Frame -> Synced: false, Seq ID: 0, Bids: 0, Asks: 0
[1788895039697] TUI Render Frame -> Synced: false, Seq ID: 0, Bids: 0, Asks: 0
[1788895039747] TUI Render Frame -> Synced: false, Seq ID: 0, Bids: 0, Asks: 0
[1788895039798] TUI Render Frame -> Synced: false, Seq ID: 0, Bids: 0, Asks: 0
[1788895039847] TUI Render Frame -> Synced: false, Seq ID: 0, Bids: 0, Asks: 0
[1788895039897] TUI Render Frame -> Synced: false, Seq ID: 0, Bids: 0, Asks: 0
[1788895039947] TUI Render Frame -> Synced: false, Seq ID: 0, Bids: 0, Asks: 0
[1788895039997] TUI Render Frame -> Synced: false, Seq ID: 0, Bids: 0, Asks: 0
[1788895040047] TUI Render Frame -> Synced: false, Seq ID: 0, Bids: 0, Asks: 0
[1788895040097] TUI Render Frame -> Synced: false, Seq ID: 0, Bids: 0, Asks: 0
[1788895040147] TUI Render Frame -> Synced: false, Seq ID: 0, Bids: 0, Asks: 0
[1788895040197] TUI Render Frame -> Synced: false, Seq ID: 0, Bids: 0, Asks: 0
[1788895040249] TUI Render Frame -> Synced: false, Seq ID: 0, Bids: 0, Asks: 0
[1788895040297] TUI Render Frame -> Synced: false, Seq ID: 0, Bids: 0, Asks: 0
[1788895040346] TUI Render Frame -> Synced: false, Seq ID: 0, Bids: 0, Asks: 0
[1788895040397] TUI Render Frame -> Synced: false, Seq ID: 0, Bids: 0, Asks: 0
[1788895040447] TUI Render Frame -> Synced: false, Seq ID: 0, Bids: 0, Asks: 0
[1788895040497] TUI Render Frame -> Synced: false, Seq ID: 0, Bids: 0, Asks: 0
[1788895040547] TUI Render Frame -> Synced: false, Seq ID: 0, Bids: 0, Asks: 0
[1788895040597] TUI Render Frame -> Synced: false, Seq ID: 0, Bids: 0, Asks: 0
[1788895040647] TUI Render Frame -> Synced: false, Seq ID: 0, Bids: 0, Asks: 0
[1788895040697] TUI Render Frame -> Synced: false, Seq ID: 0, Bids: 0, Asks: 0
[1788895040748] TUI Render Frame -> Synced: false, Seq ID: 0, Bids: 0, Asks: 0
[1788895040797] TUI Render Frame -> Synced: false, Seq ID: 0, Bids: 0, Asks: 0
[1788895040848] TUI Render Frame -> Synced: false, Seq ID: 0, Bids: 0, Asks: 0
[1788895040897] TUI Render Frame -> Synced: false, Seq ID: 0, Bids: 0, Asks: 0
[1788895040947] TUI Render Frame -> Synced: false, Seq ID: 0, Bids: 0, Asks: 0
[1788895040998] TUI Render Frame -> Synced: false, Seq ID: 0, Bids: 0, Asks: 0
[1788895041048] TUI Render Frame -> Synced: false, Seq ID: 0, Bids: 0, Asks: 0
[1788895041097] TUI Render Frame -> Synced: false, Seq ID: 0, Bids: 0, Asks: 0
[1788895041147] TUI Render Frame -> Synced: false, Seq ID: 0, Bids: 0, Asks: 0
[1788895041197] TUI Render Frame -> Synced: false, Seq ID: 0, Bids: 0, Asks: 0
[1788895041247] TUI Render Frame -> Synced: false, Seq ID: 0, Bids: 0, Asks: 0
[1788895041262] Msg #22: Depth received | Bids: 20, Asks: 20, Timestamp ID: 1788895040883
[1788895041262] Reconciler book exists: false
[1788895041262] ui_tx.send status: true, receiver count: 1
[1788895041297] TUI Render Frame -> Synced: false, Seq ID: 0, Bids: 0, Asks: 0
[1788895041347] TUI Render Frame -> Synced: false, Seq ID: 0, Bids: 0, Asks: 0
[1788895041396] TUI Render Frame -> Synced: false, Seq ID: 0, Bids: 0, Asks: 0
[1788895041447] TUI Render Frame -> Synced: false, Seq ID: 0, Bids: 0, Asks: 0
[1788895041498] TUI Render Frame -> Synced: false, Seq ID: 0, Bids: 0, Asks: 0
[1788895041547] TUI Render Frame -> Synced: false, Seq ID: 0, Bids: 0, Asks: 0
[1788895041598] TUI Render Frame -> Synced: false, Seq ID: 0, Bids: 0, Asks: 0
[1788895041647] TUI Render Frame -> Synced: false, Seq ID: 0, Bids: 0, Asks: 0
[1788895041697] TUI Render Frame -> Synced: false, Seq ID: 0, Bids: 0, Asks: 0
[1788895041747] TUI Render Frame -> Synced: false, Seq ID: 0, Bids: 0, Asks: 0
[1788895041797] TUI Render Frame -> Synced: false, Seq ID: 0, Bids: 0, Asks: 0
[1788895041847] TUI Render Frame -> Synced: false, Seq ID: 0, Bids: 0, Asks: 0
[1788895041898] TUI Render Frame -> Synced: false, Seq ID: 0, Bids: 0, Asks: 0
[1788895041946] TUI Render Frame -> Synced: false, Seq ID: 0, Bids: 0, Asks: 0
[1788895041997] TUI Render Frame -> Synced: false, Seq ID: 0, Bids: 0, Asks: 0
[1788895042048] TUI Render Frame -> Synced: false, Seq ID: 0, Bids: 0, Asks: 0
[1788895042098] TUI Render Frame -> Synced: false, Seq ID: 0, Bids: 0, Asks: 0
[1788895042147] TUI Render Frame -> Synced: false, Seq ID: 0, Bids: 0, Asks: 0
[1788895042197] TUI Render Frame -> Synced: false, Seq ID: 0, Bids: 0, Asks: 0
[1788895042248] TUI Render Frame -> Synced: false, Seq ID: 0, Bids: 0, Asks: 0
[1788895042297] TUI Render Frame -> Synced: false, Seq ID: 0, Bids: 0, Asks: 0
[1788895042347] TUI Render Frame -> Synced: false, Seq ID: 0, Bids: 0, Asks: 0
[1788895042397] TUI Render Frame -> Synced: false, Seq ID: 0, Bids: 0, Asks: 0
[1788895042447] TUI Render Frame -> Synced: false, Seq ID: 0, Bids: 0, Asks: 0
[1788895042496] TUI Render Frame -> Synced: false, Seq ID: 0, Bids: 0, Asks: 0
[1788895042547] TUI Render Frame -> Synced: false, Seq ID: 0, Bids: 0, Asks: 0
[1788895042597] TUI Render Frame -> Synced: false, Seq ID: 0, Bids: 0, Asks: 0
[1788895042648] TUI Render Frame -> Synced: false, Seq ID: 0, Bids: 0, Asks: 0
[1788895042697] TUI Render Frame -> Synced: false, Seq ID: 0, Bids: 0, Asks: 0
[1788895042747] TUI Render Frame -> Synced: false, Seq ID: 0, Bids: 0, Asks: 0
[1788895042797] TUI Render Frame -> Synced: false, Seq ID: 0, Bids: 0, Asks: 0
[1788895042847] TUI Render Frame -> Synced: false, Seq ID: 0, Bids: 0, Asks: 0
[1788895042897] TUI Render Frame -> Synced: false, Seq ID: 0, Bids: 0, Asks: 0
[1788895042947] TUI Render Frame -> Synced: false, Seq ID: 0, Bids: 0, Asks: 0
[1788895042997] TUI Render Frame -> Synced: false, Seq ID: 0, Bids: 0, Asks: 0
[1788895043046] TUI Render Frame -> Synced: false, Seq ID: 0, Bids: 0, Asks: 0
[1788895043097] TUI Render Frame -> Synced: false, Seq ID: 0, Bids: 0, Asks: 0
[1788895043147] TUI Render Frame -> Synced: false, Seq ID: 0, Bids: 0, Asks: 0
[1788895043197] TUI Render Frame -> Synced: false, Seq ID: 0, Bids: 0, Asks: 0
[1788895043247] TUI Render Frame -> Synced: false, Seq ID: 0, Bids: 0, Asks: 0
[1788895043297] TUI Render Frame -> Synced: false, Seq ID: 0, Bids: 0, Asks: 0
[1788895043347] TUI Render Frame -> Synced: false, Seq ID: 0, Bids: 0, Asks: 0
[1788895043397] TUI Render Frame -> Synced: false, Seq ID: 0, Bids: 0, Asks: 0
[1788895043447] TUI Render Frame -> Synced: false, Seq ID: 0, Bids: 0, Asks: 0
[1788895043498] TUI Render Frame -> Synced: false, Seq ID: 0, Bids: 0, Asks: 0
[1788895043546] TUI Render Frame -> Synced: false, Seq ID: 0, Bids: 0, Asks: 0
[1788895043597] TUI Render Frame -> Synced: false, Seq ID: 0, Bids: 0, Asks: 0
[1788895043647] TUI Render Frame -> Synced: false, Seq ID: 0, Bids: 0, Asks: 0
[1788895043697] TUI Render Frame -> Synced: false, Seq ID: 0, Bids: 0, Asks: 0
[1788895043747] TUI Render Frame -> Synced: false, Seq ID: 0, Bids: 0, Asks: 0
[1788895043797] TUI Render Frame -> Synced: false, Seq ID: 0, Bids: 0, Asks: 0
[1788895043847] TUI Render Frame -> Synced: false, Seq ID: 0, Bids: 0, Asks: 0
[1788895043897] TUI Render Frame -> Synced: false, Seq ID: 0, Bids: 0, Asks: 0
[1788895043947] TUI Render Frame -> Synced: false, Seq ID: 0, Bids: 0, Asks: 0
[1788895043996] TUI Render Frame -> Synced: false, Seq ID: 0, Bids: 0, Asks: 0
[1788895044048] TUI Render Frame -> Synced: false, Seq ID: 0, Bids: 0, Asks: 0
[1788895044097] TUI Render Frame -> Synced: false, Seq ID: 0, Bids: 0, Asks: 0
[1788895044147] TUI Render Frame -> Synced: false, Seq ID: 0, Bids: 0, Asks: 0
[1788895044197] TUI Render Frame -> Synced: false, Seq ID: 0, Bids: 0, Asks: 0
[1788895044247] TUI Render Frame -> Synced: false, Seq ID: 0, Bids: 0, Asks: 0
[1788895044297] TUI Render Frame -> Synced: false, Seq ID: 0, Bids: 0, Asks: 0
[1788895044347] TUI Render Frame -> Synced: false, Seq ID: 0, Bids: 0, Asks: 0
[1788895044397] TUI Render Frame -> Synced: false, Seq ID: 0, Bids: 0, Asks: 0
[1788895044447] TUI Render Frame -> Synced: false, Seq ID: 0, Bids: 0, Asks: 0
[1788895044498] TUI Render Frame -> Synced: false, Seq ID: 0, Bids: 0, Asks: 0
[1788895044547] TUI Render Frame -> Synced: false, Seq ID: 0, Bids: 0, Asks: 0
[1788895044597] TUI Render Frame -> Synced: false, Seq ID: 0, Bids: 0, Asks: 0
[1788895044647] TUI Render Frame -> Synced: false, Seq ID: 0, Bids: 0, Asks: 0
[1788895044697] TUI Render Frame -> Synced: false, Seq ID: 0, Bids: 0, Asks: 0
[1788895044747] TUI Render Frame -> Synced: false, Seq ID: 0, Bids: 0, Asks: 0
[1788895044797] TUI Render Frame -> Synced: false, Seq ID: 0, Bids: 0, Asks: 0
[1788895044847] TUI Render Frame -> Synced: false, Seq ID: 0, Bids: 0, Asks: 0
[1788895044898] TUI Render Frame -> Synced: false, Seq ID: 0, Bids: 0, Asks: 0
[1788895044947] TUI Render Frame -> Synced: false, Seq ID: 0, Bids: 0, Asks: 0
[1788895044998] TUI Render Frame -> Synced: false, Seq ID: 0, Bids: 0, Asks: 0
